:020000040000FA
:10100000808E00204D4401007166020039440100C9
:101010003944010039440100394401000000000056
:10102000000000000000000000000000B5450100C5
:101030003944010000000000554501003944010019
:10104000754701007BA40200754701007547010048
:10105000754701007547010075470100754701009C
:1010600091A40200754701007547010065A40200C4
:10107000754701007547010075470100754701007C
:10108000754701007547010075470100754701006C
:10109000754701007547010075470100754701005C
:1010A000754701007547010075470100754701004C
:1010B000754701007547010075470100754701003C
:1010C000754701007547010075470100754701002C
:1010D000754701007547010075470100754701001C
:1010E000754701007547010075470100754701000C
:1010F00075470100754701007547010075470100FC
:1011000080EA101404F0F01480EA0410604081EAD0
:10111000111404F0F01481EA0411614082EA1214FF
:1011200004F0F01482EA0412624083EA131404F01B
:10113000F01483EA0413634080EA102404F47F442B
:1011400080EA0420604081EA112404F47F4481EAAB
:101150000421614082EA122404F47F4482EA0422DA
:10116000624083EA132404F47F4483EA0423634047
:1011700081EA500404F0553480EA4400614083EA77
:10118000520404F0553482EA4402634082EA900437
:1011900004F0333480EA8400624083EA910404F06E
:1011A000333481EA84016340704700BF82EA9004CF
:1011B00004F0333480EA8400624083EA910404F04E
:1011C000333481EA8401634081EA500404F05534E9
:1011D00080EA4400614083EA520404F0553482EA14
:1011E0004402634080EA102404F47F4480EA04202F
:1011F000604081EA112404F47F4481EA04216140C3
:1012000082EA122404F47F4482EA0422624083EAE0
:10121000132404F47F4483EA0423634080EA101417
:1012200004F0F01480EA0410604081EA111404F024
:10123000F01481EA0411614082EA121404F0F014FF
:1012400082EA0412624083EA131404F0F01483EA81
:1012500004136340704700BF2DE9F14F94464FEAF5
:10126000930B8A68CB6808684968FFF749FF0BF160
:10127000060E33E083EA134480EA134582EA1347FB
:1012800046BA96EA3444604000F00F1684EA063409
:1012900020F00F1684EA161054BA94EA0106724040
:1012A00002F00F1486EA043622F00F1486EA1412B4
:1012B0004CBA6540694001F00F1485EA043521F00D
:1012C0000F1485EA14115CBA67407B4003F00F14D9
:1012D00087EA043723F00F1487EA1413BCE8F00000
:1012E0006040694072407B4000F0E03400F010350F
:1012F00000F00F3040EA540040EAC50080EA900454
:1013000004F0332480EA8400604001F0E03401F00E
:10131000103501F00F3141EA540141EAC50181EA7B
:10132000910404F0332481EA8401614002F0E03446
:1013300002F0103502F00F3242EA540242EAC502CE
:1013400082EA920404F0332482EA8402624003F0C9
:10135000E03403F0103503F00F3343EA540343EA5B
:10136000C50383EA930404F0332483EA84036340CF
:1013700081EA324787EA134581EA354690EA060456
:1013800084EA034B82EA1B4280EA044484EA05446F
:1013900083EA144A85EA14448BEA044B84EA37440E
:1013A00081EA0B4181EA164104EA0A00454082EADB
:1013B00004082BEA080041408AEA0B0602EA06000C
:1013C00084EA34438AEA3A4603EA0607784045400D
:1013D000414088EA38478BEA3B4007EA000985EA42
:1013E000090583EA0709464006EA0906714085EACD
:1013F000010005EA3546464006EA314181EA3041BE
:1014000081EA364606EA304686EA3546344008EA3E
:10141000010886EA01052A4086EA364003405A4020
:1014200081EA31431F407C4080EA030709EA07094B
:1014300088EA0908544088EA020806EA0A0601EA2E
:101440000B018AEA0B0215408AEA3A4210404540F5
:101450008BEA3B4003405E404240174079404D409C
:101460004E40E443F64386EA18435D4085EA054072
:1014700083EA134386EA034183EA384284EA11434C
:1014800083EA04435FEA3343BEF1010E3FF6F2AE56
:101490001ED4BCE8F0006040694072407B4020BC34
:1014A000FFF784FE28606960AA60EB60BDE8F08FFA
:1014B0002DE9E0414FF2F00280EA1031114080EA5C
:1014C0000130484041088208C3084FF0000E4FE742
:1014D00000F0113001F0113102F0113203F011333C
:1014E00040EA410040EA820040EAC3004FF2F002C5
:1014F00080EA1031114080EA01304840BDE8E081C7
:101500002DE9F04F02F11C050646074600EB850861
:1015100051F8040B043A46F8040BF9D14FF0010CD2
:10152000FFF7C6FF5FEA302080EA0C001ECF414083
:101530004A4053405C401EC62000464517D04FEA43
:101540004C0C1CF4807F18BFACF1E50C2C2DE7D0BF
:101550003C2D06D1FFF7ACFF06CF41404A4006C6FE
:10156000100006CF41404A4006C61000D8E736E9D1
:101570000F00FFF7C5FD043D86E80F00F7D1BDE879
:10158000F08F00BF2DE9F14F03F11C0402EB840C36
:101590004FEA930B8A68CB6808684968FFF7B0FD8B
:1015A0003CE9F0006040694072407B400BF1060E60
:1015B0004EE083EA134480EA134582EA134746BAB1
:1015C00096EA3444604000F00F1684EA063420F0B6
:1015D0000F1684EA161054BA94EA0106724002F01B
:1015E0000F1486EA043622F00F1486EA14124CBA5D
:1015F0006540694001F00F1485EA043521F00F14AD
:1016000085EA14115CBA67407B4003F00F1487EA47
:10161000043723F00F1487EA141344BA44404DBA38
:101620004D4056BA56405FBA5F4087EA174886EA8F
:10163000174B84EA17464FEA38488BEA1B4485EA81
:101640001B4788EA1B4580EA3440694072407B4072
:1016500000F0703400F0803500F00F3040EA4400B4
:1016600040EAD50080EA900404F0332480EA840044
:10167000604001F0703401F0803501F00F3141EA33
:10168000440141EAD50181EA910404F0332481EA5E
:101690008401614002F0703402F0803502F00F32B4
:1016A00042EA440242EAD50282EA920404F0332478
:1016B00082EA8402624003F0703403F0803503F064
:1016C0000F3343EA440343EAD50383EA930404F067
:1016D000332483EA84036340C943DB4381EA000483
:1016E00083EA044686EA020183EA014382EA33453B
:1016F00083EA14435C4084EA00077FEA040A8AEA2A
:10170000024A8AEA010B87EA11488AEA374A80EAE4
:10171000060181EA1A418AEA030A04EA0A004540FE
:1017200088EA040707EA0B0041408AEA0B0608EA48
:10173000060084EA34428AEA3A4602EA060358403E
:101740004540414087EA37438BEA3B4003EA0009C2
:1017500085EA090582EA0309464006EA090671405E
:1017600085EA010005EA3546464006EA314181EA4C
:10177000304181EA364606EA304686EA354634404C
:101780000F4086EA010508EA050886EA364002406D
:1017900088EA020881EA314213405C4080EA020391
:1017A00009EA030987EA0907674088EA040806EAA4
:1017B0000A0601EA0B018AEA0B0425408AEA3A4448
:1017C000204045408BEA3B4B02EA0B02564084EA3C
:1017D0000B04234059406E40694087EA364080EA56
:1017E000384080EA060380EA104481EA134585EA1E
:1017F000344585EA17427D4082EA354180EA05405A
:101800003CE9F0006040694072407B40BEF1010E4F
:101810003FF6CFAE20BCFFF7C9FC28606960AA6024
:10182000EB60BDE8F08F00BFFFF76ABE2DE9F0075F
:1018300091E8F807B2E802105B1854EB0C04B2E828
:1018400002104D4156EB0C06B2E802104F4158EB26
:101850000C08B2E8021059EB01095AEB0C0A80E8B7
:10186000F80780410130BDE8F00770472DE9F00727
:1018700091E8F807B2E802105B1A74EB0C04B2E8C6
:1018800002108D4176EB0C06B2E802108F4178EB26
:101890000C08B2E8021079EB01097AEB0C0A80E837
:1018A000F80780414042BDE8F00770472DE9F00796
:1018B000524290E87800B1E880071740DB1918EA37
:1018C000020854EB080419EA020955EB09051AEA63
:1018D000020A56EB0A0678C090E87800B1E8800763
:1018E00017407B4118EA020854EB080419EA020980
:1018F00055EB09051AEA020A56EB0A0678C0804140
:101900000130BDE8F00770472DE9F007524290E83A
:101910007800B1E880071740DB1B18EA020874EB77
:10192000080419EA020975EB09051AEA020A76EBBE
:101930000A0678C090E87800B1E880071740BB41FC
:1019400018EA020874EB080419EA020975EB0905A4
:101950001AEA020A76EB0A0678C080414042BDE8E6
:10196000F00770472DE9F00152424FF0040890E86B
:10197000300091E8C000A31B1340E41AF618EB1BDB
:101980001340ED1AFF1830C0C0C1B8F10108EED104
:10199000BDE8F001704700BF00B592E8DC072DE913
:1019A000DC07B1E8805702B4A7FB02510A95A8FBF7
:1019B000020BE7FB6310E9FB62B00B91A8FB03513C
:1019C000EAFB6201E7FB64B5E7FB6605E8FB661529
:1019D000CDF830B0A9FB03B6EAFB6316ECFB635607
:1019E000E8FB640BE9FB641BEAFB645BECFB646BE8
:1019F0000D90ACFB0230059CEEFB6250E9FB64608D
:101A0000EAFB64B0E7FB6431E8FB6451069CE8FB49
:101A10006461E9FB64B1EAFB64010E93A7FB043245
:101A2000079CE7FB6462E8FB64B2E9FB6402EAFB43
:101A30006412049CE9FB6453EAFB6463089CE7FBC3
:101A400064B3E8FB6403E9FB6413EAFB64230F95CA
:101A50005DF8049B99E80006DDF80080A9FB0854B6
:101A6000EAFB68B4DDF81080ECFB6804EEFB681458
:101A7000E9FB6824EAFB6834DDF80480EEFB686566
:101A8000E9FB68B5EAFB6805DDF81480ECFB681536
:101A9000EEFB6825E9FB6835EAFB68450F96DDF843
:101AA0000880AEFB0876E9FB6806EAFB6816DDF8FD
:101AB0001880ECFB6826EEFB6836E9FB6846EAFB1B
:101AC0006856DDF80C80ECFB68B7EEFB6807E9FBB5
:101AD0006817EAFB6827DDF81C80ECFB6837EEFB33
:101AE0006847E9FB6857EAFB686708B000BD00BFBC
:101AF0002DE9F14F87B0FFF74FFFDDF81C8008F1AB
:101B0000200888E8FF00FFBC87E87F08BDE8F08F69
:101B100000B591E89857A3FB03520195A3FB04017C
:101B2000E3FB6420E3FB67100292A3FB0752E3FB95
:101B30006802E4FB6415E3FB6805E3FB6925039198
:101B4000A4FB07B6E3FB6926E3FB6A56E4FB670BDD
:101B5000E4FB682BE3FB6A5BE3FB6C6B0490A4FB88
:101B60000810E4FB6950E3FB6C60E3FB6EB0E7FB3D
:101B70006721E4FB6951E4FB6A61E3FB6EB1E4FBBE
:101B80006E010592A7FB0832E4FB6A62E4FB6CB2CB
:101B9000E4FB6E02E7FB6E12E7FB6853E7FB696349
:101BA000E4FB6CB3E7FB6C03E7FB6E13E8FB6E230F
:101BB0000695A7FB0954E7FB6AB4E7FB6C04E8FB56
:101BC0006C14E8FB6E24E9FB6E34E8FB6865E7FB08
:101BD0006AB5E8FB6A05E8FB6C15E9FB6C25E9FBD7
:101BE0006E35EAFB6E450796A8FB0976E8FB6A06A8
:101BF000E9FB6A16E9FB6C26EAFB6C36EAFB6E46EB
:101C0000ECFB6E56E8FB69B7E9FB6907E9FB6A176D
:101C1000EAFB6A27EAFB6C37ECFB6C47ECFB6E5780
:101C2000EEFB6E6700BD00BF2DE9F14F87B0FFF7F7
:101C30006FFFDDF81C8008F1200888E8FF00FFBC7A
:101C400087E87F08BDE8F08F30B44FF0000310F84C
:101C5000014B11F8015B013A84EA050443EA0403ED
:101C6000F5D1A3F101034FEAD37030BC704700BF38
:101C70004FF0000310F8012B013943EA0203F9D1B8
:101C8000A3F101034FEAD370704700BF30B411F8DD
:101C9000014B12F8015B6C4000F8014B013BF6D19F
:101CA00030BC70472DE9F00791E8F807B2E8021060
:101CB0005B1854EB0C04B2E802104D4156EB0C06D5
:101CC000B2E802104F4158EB0C08B2E8021059EB91
:101CD00001095AEB0C0A8941B3F1FF3374F1FF3467
:101CE00075F1FF3576F1000677F1000778F100080D
:101CF00079F101097AF1FF3A51F100015B184C4189
:101D00004D4156F1000657F1000758F1000859EB14
:101D1000D1795AEB010A80E8F807BDE8F00770476F
:101D20002DE9F00791E8F807B2E802105B1A74EBAE
:101D30000C04B2E802108D4176EB0C06B2E80210FA
:101D40008F4178EB0C08B2E8021079EB01097AEBCD
:101D50000C0A89415B184C414D4156F1000657F180
:101D6000000758F1000859EBD1795AEB010A80E8D5
:101D7000F807BDE8F007704718EB040859EB0509B0
:101D80005AEB060A5BEB070B5FF0000C4CF1000C02
:101D900018EB050859EB06095AEB070A5BEB070B32
:101DA00050EB0C005FF0000C51EB0C0152EB0C02FD
:101DB00063414CF1000CB8EB070879F100097AF1A6
:101DC000000A7BEB040BA841B141A241B3416CF185
:101DD000000CBBEB050BB041B941AA41BB416CF112
:101DE000000C4CF001068CF0020718EB060859EBCA
:101DF0006C095AEB6C0A7BEB6C0B70EB6C0471EBAF
:101E00006C0572EB670653EB6C076CEB6C0C18EB14
:101E10000C0059EB0C015AEB0C025BF1000354F17E
:101E2000000455F1000556EBDC7657EB0C077047C4
:101E30002DE9F14F87B0FFF7AFFDDDF81080DDF839
:101E40001490DDF818A0FFF797FFBDE8000FFFF72B
:101E500093FF03B05DF8048B88E8FF00BDE8F08FC6
:101E60002DE9F14F87B0FFF753FEDDF81080DDF864
:101E70001490DDF818A0FFF77FFFBDE8000FFFF713
:101E80007BFF03B05DF8048B88E8FF00BDE8F08FAE
:101E9000064B074A5B7802604FF41A728280C37166
:101EA0000822002382710372704700BFC80D002012
:101EB00061010100064B074A5B7A02604FF49072A1
:101EC0008280C3710822FF2382710372704700BFB2
:101ED000C80D002079FC0000F8B5C41D002824F0CE
:101EE0000704054614BF2046002000F0E7FA071E4D
:101EF00002DA6FF00B00F8BD254EB1887088F379D7
:101F0000B2790331033089B280B20BF043FD00286F
:101F1000EFDB737831783C4403341944002D24F00E
:101F2000030400FB01F114BF2046002000F04AFC2E
:101F300023180DB9002BDCDB717A184679B1033315
:101F4000002D23F0030414BF20460020728900F006
:101F5000ABFC0028CDDB20440DB90028C9DB317A69
:101F600091B1737A83B1C41D002D24F0070414BF0E
:101F70002046002003F038FC0028BADB0DB1002019
:101F8000B9E72018B7D5B4E7002DF8D1B3E700BF03
:101F9000C80D00201FB572B6194BDD68EDB9BFF34F
:101FA0004F8F1849184BCA6802F4E0621343CB60A4
:101FB000BFF34F8F00BFFDE72346B2FBF6F25C1C78
:101FC000002AF9D104AEDCB256FA83F303F80C2CE4
:101FD0000A2234B901A8A847E1E7024600230A26ED
:101FE000EDE7631E04AEDCB256FA83F3B0FBF2F603
:101FF00002FB1600303003F80C0C3046E9E700BF56
:10200000C80D002000ED00E00400FA0507B50A4BFA
:10201000DA88ADF8002068469A885B88ADF804201D
:10202000ADF8023001F074FE18B1FC219C20FFF7DE
:10203000B1FF03B05DF804FBC80D002038B50546BC
:1020400040B30AF0BDFC10B94FF0FF3038BD0AF0C4
:102050001FF8B0F5FA7FF7D8104C1148E56000F092
:10206000A7F9002323744FF4807323801B2363801C
:10207000A38040F20323E3804FF4847323811F2362
:102080006381EFF3108472B600F0E4FC04B962B629
:102090000020DBE76FF01500D8E700BFC80D002077
:1020A0000D20000010B5002840D1234C237C032BC9
:1020B00039D059B1002A3CD00239052936D8DFE899
:1020C00001F0031227352A2D137863700020FFF7E3
:1020D00003FF0028B7BF0123022323746FF00B0016
:1020E000A8BF237410BD13791BB353790BB31188A8
:1020F000FB291ED853881B3B9BB2E02B19D81A2909
:1021000017D91368C4F802300C4B92889A80DDE727
:1021100013786372DAE713886381D7E71388FF2B9C
:1021200007D82372D2E74FF0FF30DBE76FF02C00C7
:10213000D8E76FF01500D5E7C80D0020CA0D0020C4
:10214000F8B50D46064620B319B311F0070420D1A7
:10215000114F3B7C012B02D16FF00B00F8BD032B1C
:1021600002D14FF0FF30F9E700F060F80028F8D016
:102170002846FFF7B1FE0028EEDB0EF056F8304699
:10218000214601F059FEFFF741FF03233B7420462F
:10219000E4E76FF01500E1E7C80D002010B5064C2C
:1021A000237C032B03D101F05FFE02F025FE0BF030
:1021B000F2FC0020207410BDC80D002050B1074B68
:1021C00003F1140253F8041B40F8041B9342F9D1A5
:1021D000002070476FF01500704700BF8BE60200CB
:1021E00008B501F0F3FDBDE808400249012000F008
:1021F0005DB900BFB51E000008B501F0FBFDBDE8EC
:1022000008400249002000F051B900BF911E0000B3
:10221000024B02681A600020704700BFDC0D0020EE
:10222000014B1B68184700BFDC0D0020024B1868EB
:10223000003818BF01207047DC0D00202DE9F7435E
:10224000264E0446071D2548376002F0EDFD0228A2
:10225000054607D1214920460AF04CFF284603B025
:10226000BDE8F0830428F9D13378072B18D13E203C
:1022700000F04AF878B9F378327901A943EA0223E9
:102280006846ADF800300BF05BF90028DBD0532135
:102290000820FFF77FFE052000F076F80028EAD03E
:1022A000314620460AF055FFB0F5817F01D37221F7
:1022B000EEE70028C7D094F8008094F802904046DA
:1022C00000F022F80028BED0B8F13E0FC6D1484633
:1022D00000F05AF80028C1D1B5E700BFE00D00209A
:1022E000074B4FF0FF3141F6FF72C3E90012054979
:1022F0000022C1E900221F21C3E90212704700BF7A
:1023000000000020240E00203F280CD801380B4B81
:10231000C0F3421200F01F0053F8223023FA00F0FD
:1023200000F001007047FF2806D04038C0F3421289
:10233000034B00F01F00EFE7012070470000002072
:10234000240E00200146074B006849681A4603C264
:1023500040F48C221A6041F0107242F4FF625A601D
:10236000704700BF000000200246024B0068516821
:1023700003C37047240E00200246024B00685168D8
:1023800003C3704708000020F42800F1FF33DBB2DC
:102390001FBF064A590902EB810203F01F031DBF4C
:1023A0009068D84000F00100002070470000002035
:1023B000014B1860704700BF2C0E002010B5FFF7CE
:1023C0008FFF0BF0A9FD034B1B68044603B1984730
:1023D000204610BD2C0E0020F0B50C88C37C02886E
:1023E000A5B2C4F30E0404F118060233865B1A4446
:1023F000334497B213FA82F3013B4288B3FBF7F3FD
:1024000013FB07439BB29A42044A93BF22EA050397
:102410002A4013439BB20B80F0BD00BF0080FFFF3A
:102420004A1E062A08B50346084604D84FF4D1715F
:102430001520FFF7AFFD094A914202D940F2A311DE
:10244000F6E711B903B1196008BD2BB11B68002272
:10245000C3E901211A1D1A600430F5E7FAFFFF7F76
:1024600010B5114B00EB41041A786389B3FBF2F30A
:1024700003FB0223013A1A44B2F5706F02798078A7
:1024800028BF00231A440B18B2FBF0F100FB112106
:102490005B1AB3FBF0F100FB113313446FEA4343C3
:1024A0006FEA5343638110BD300E0020024B03EBF3
:1024B00080035960704700BF300E00202DE9F04FB7
:1024C00010F0070A85B0054604D040F261111720CC
:1024D000FFF760FD524F07F10C06B1460446B046C7
:1024E00057F8043B8DF80BA03BB101A898479DF825
:1024F0000A30082B01D9E821E9E79DF80B1041BB10
:1025000005B131604F4506F10406E9D1002D6FD0C9
:10251000DFF81091002289F800209646022758F82B
:1025200027A0013FBAF1000F55D09AF804609AF83D
:1025300002C0FF2E60D039460023481C38D19C448D
:10254000BCF1FF0F3FD90AB189F800E040F2271132
:10255000BDE79DF80AC06046022838BF02204B1D27
:102560005A0004EB4303441E2344BDF8084064446E
:10257000013CCCF1000C04EA0C044042B4F5803F6D
:1025800003EA000301D3F821A1E775B19A1A0120EB
:10259000326091701480D0709DF80C001071019819
:1025A00010814FEA104CA2F806C004FB0134A9E7E1
:1025B00058F8210028B190F804B0B34504BF8078E2
:1025C0001B180139B9E7DBB2E6458AF804303CBF95
:1025D0005FFA8CFE01227B1CA1D10AB189F800E0D0
:1025E000022640F6FF6A58F82670B7B9013EFAD2C3
:1025F000601B05B0BDE8F08F0023E5E707EB410362
:102600003846A3F80AA0FFF72BFF09F10109BB78B0
:102610005FFA89F18B42F1D8E8E74FF00009F6E75D
:10262000340E0020300E002038B54FF6FF730380C3
:10263000184B03EB810302461869A8B1847803792B
:10264000B3FBF4F104FB1133DBB2194600EB410597
:10265000B5F90A50002D0EDB0131B1FBF4F504FB96
:102660001511C9B28B42F1D1002038BD6381BDE89C
:1026700038400BF06BB900EB41046389C3F30E03E0
:102680001380C278002AF1D14FF4D5711720FFF7DB
:1026900081FC00BF300E00201C4B03EB810370B5A2
:1026A0001C69054644B3030404D54FF4DC711720BC
:1026B000FFF770FC014620460BF02AF9FF2801467F
:1026C00004D02046BDE870400BF040B9A078B5FBBF
:1026D000F0F300FB1353DBB219460A1D04EB42066C
:1026E000B6F90260002E09DB0131B1FBF0F200FB0C
:1026F0001211C9B28B42F0D1002070BD8B4201D0C3
:102700000023E37004EB42025580DAE7300E00202C
:10271000094B03EB810310B51C69014620460BF001
:10272000F7F8FF28014604D02046BDE810400BF022
:102730000DB9002010BD00BF300E0020F8B5104BC1
:1027400003EB810307461C69014620460BF0E0F8C5
:10275000FF28054611D0E288238953EA024606D0B5
:10276000014620460BF0F2F801463846B0472046B5
:102770002946FFF775FE0020F8BD0520FCE700BFE5
:10278000300E002038B50E4B827903EB82030446ED
:10279000186908B9052038BD8278E1799142F9D2EB
:1027A0004B1CE37100EB41035D89B3F90A30002B48
:1027B000F3DBA5800BF0CAF820600020EBE700BF38
:1027C000300E002070B5044610F003000E4603D012
:1027D0004E211820FFF7DEFBFFF722FE054624B14D
:1027E000034831460460FFF71BFE284670BD00BF5A
:1027F0004C0E00202DE9F14FDFF870B09DF828A0B5
:102800009DF82C901E46DBF8003007460D4690469A
:102810001BB960211820FFF7BDFB52460921404635
:102820000AF0F3FE4A4684B2092130460AF0EDFE72
:1028300014FA80F1DBF800000BF03EF8386018B9AC
:10284000286001B0BDE8F08F04442C60386853461E
:10285000414609220AF09CFE28684B46092231466F
:1028600001B0BDE8F04F0AF093BE00BF4C0E00204F
:1028700070B50E4604460AF0DBFE054630460AF007
:10288000D7FE044B2A1821461868BDE870400BF0AB
:1028900038B800BF4C0E0020024B186808B10AF08F
:1028A000FFBF70474C0E00201F2AF8B504461346A0
:1028B0000ED89200033222F00303B3F5803F2DD2ED
:1028C000184DACB1A00710D05F210920FFF762FBC3
:1028D000FF2B4FEA420204D9FF339A42A8BF1A469F
:1028E000E8E77C2AB8BF7C22E4E729706C602B8182
:1028F00022F003022823120403FB01F001276B6876
:10290000120C0025EEB2B14200D8F8BD14B1261861
:102910001F705E60104401352833F3E74FF0FF303D
:10292000F3E700BF500E002070B5154A15785368C4
:102930000021C8B2854203D8AB210920FFF72AFB4A
:102940001C46184614F8286B01310EB92346F0E7EF
:1029500000219970128999610124D96159685C70CC
:10296000920803F11E0403F1260524F8022FA54264
:1029700043F8041F1144F8D100234361037070BD74
:10298000500E00204B782DE9F04106460C4602F02F
:10299000040702F0FB05E3B1A5BBFF23A3707B088E
:1029A00004EB57073A7D032A02D1022D18BF0133E9
:1029B000E2180121117503F10C0104EB83030022DD
:1029C00024F811205B68A2703360B2803046BDE805
:1029D000F081002DE1D101234B701D4B8D611B89CE
:1029E000CD6101F11E0249689B08204604F1260CC6
:1029F00022F8023F944540F8041F1944F8D10023FF
:102A00006361CAE7D1F80480142200216170A01824
:102A10000AF042FA0E4B1B89B3F5FF7F0FD25A081A
:102A20009B1A9BB208EB0301C4F804802384A160C5
:102A30006284C4F80C80A3842161E284ADE7B3F51D
:102A4000EE6F4FF0FF02EBD940F27263EAE700BF8E
:102A5000500E0020134B012200214FF0FF309A60EE
:102A6000C3F80012C3F80803C3F80015C3F804251F
:102A70009A60C3F80803C3F80015C3F804250A498F
:102A80000A4A03F580334FF40040C3F80825C1F823
:102A90008000BFF34F8FBFF36F8FC1F88001C3F881
:102AA0000825704700F0004000E100E00000F63F1C
:102AB0000A46192302F8033B0448C368C1F80330EF
:102AC0000369536043699360704700BF5C0E002048
:102AD000024B5A8C02435A845B6A18475C0E0020F2
:102AE000014B00215B6A18475C0E002010B5154CA5
:102AF00005F0AAFF05F0EEFA208DFFF7F1FF237E27
:102B000063B12246104952F80C3BE360636853609E
:102B100004F11900A36893600CF01DFA0B4B228D91
:102B200093E8030002F090FE236B188802F012FE77
:102B3000A36B94F8341094F835009847002384F878
:102B40003C3010BD5C0E0020B12A0000880E002031
:102B5000034B93F83C300BB1FFF7C8BF704700BF81
:102B60005C0E002070B51E4C256B636C95F88C20B4
:102B7000236494F8483095F86910064603EB820008
:102B80002EB9FF2803D195F868308B4201D005F0AB
:102B9000E3FD95F88C30E3B1E06C05F0F5FF01231F
:102BA00084F86830D5F8E8302366E16CD5F8EC306D
:102BB000206C636605F06AFA16B9304606F034F800
:102BC00095F86810002006F083F8022384F83C3062
:102BD00070BD206C05F0D8FF05F07CFAECE700BF73
:102BE0005C0E002008B5094B93F83C20022A04D063
:102BF00040F24F212720FFF7CDF9DA7A42F00102A7
:102C0000DA72BDE80840FFF771BF00BF5C0E00201C
:102C1000032810B50A4B044605D15A6FD278022A10
:102C200001D1002010BD986F0AF084FD0028F9D171
:102C3000032CF6D001F0DCFA80F00100C0B2F1E71D
:102C40005C0E00202DE9F043484C94F83C30012BF9
:102C500085B005468846DFB204D040F204512720F3
:102C6000FFF798F9266B616F02A80AF096FF96F8B5
:102C70007C309DF808903BB1002186F87C10042040
:102C8000FFF726FF86F87E70B9F1030F27D0BDF855
:102C90000C30002B18BF022796F88C3086F8827013
:102CA000BBB1236BD6F8E82093F8690022660127B0
:102CB000D6F8EC20626684F868700AF08BFF94F80E
:102CC00048902B4900220346009238464A4605F0B8
:102CD00059F96DB105B0BDE8F043FFF707BF96F8AD
:102CE00082301BB9616F0220FFF7F2FE0327D3E7A2
:102CF000B8F1000FEED0E36F284698470028E9D0DE
:102D000094F83430002BE5D194F8803023B194F856
:102D10008100FFF77DFF0546606C0CF091F8D4F858
:102D20008430B3B9B4F88830B3FA83F35B09628CAA
:102D3000910710D5626F137803F00303032BC9D1F9
:102D4000D378022BC6D1002005B0BDE8F043FFF7D1
:102D500009BF0123EBE7002ABCD1012814BF0023DF
:102D600003F001032B43EED1B4E700BF5C0E00205B
:102D7000AC0E002010B5094CD4F8843023B940F2D1
:102D8000F6412720FFF706F9B4F88820216C0332BA
:102D900018460AF0C1F8206410BD00BF5C0E002088
:102DA00010B5064B93F83C2002F0FF0422B91C76C4
:102DB00002F042FD204610BD0C24FBE75C0E002013
:102DC0000A4B0B4A70B506460D461A60FFF7E8FF3E
:102DD00018B1F4212720FFF7DDF8064C012104F19A
:102DE0008A000CF01DF86664E56470BD48000020A0
:102DF000FC3500005C0E0020024B012283F88D2080
:102E0000704700BF5C0E0020F0B5794C85B002AE73
:102E100086E8030094F83C100A9F01F0FF0511B901
:102E20000AB103B127B940F283112720FFF7B2F8A6
:102E300096E8030004F12C0C8CE8030084F88D5014
:102E400084F8345084F88E5084F8355084F88F50CC
:102E500084F8905065842585256BE3676262A763DB
:102E600005F0BEFC05F036F995F9700005F042FD5D
:102E70006E6AE86905F044FD304605F077FE95F886
:102E80009C0005F047FD236B93F89F310BB105F0D3
:102E900095FC0CF014FC95F8692000F179010120F3
:102EA00005F0BEFD534B186805F066FE2B69A3675D
:102EB000514A6B69C4F8943005F5807105F1F0034F
:102EC00053F8040B42F8040B8B42F9D1D5F80021DA
:102ED000C4F869205A68494B5A60236B93F88620DE
:102EE00093F86860A2F12501012903D993F88710AE
:102EF00025295FD193F83E322BB1012E03D0012B4F
:102F00000CBF0126022605F13007314638460CF089
:102F1000B2F831460BF0D8FDAB8F95F869108342BB
:102F200028BF0346384684F898300CF08DF895F8A1
:102F3000691095F88C70B5F84460042908BF032126
:102F40000BF0C2FD0FB9043080B2864228BF06469E
:102F500095F88C30F6B284F8996084F84860A3B193
:102F6000D5F8E83095F8690023660127D5F8EC30EC
:102F7000636684F868700AF02DFE00220346009212
:102F80001D493246384604F0FDFF0120FFF7EAFDF7
:102F9000002323606360A360B5F8803063802B88D2
:102FA000238095F89C302371EB6E0BB101221A60DF
:102FB00005B0F0BD203A012A0DD823290DD093F891
:102FC000263113F0010202D19B079CD50222012E6B
:102FD00018BF164697E7232905D193F8262193F8C1
:102FE00061301340EDE7032E08BF04268BE700BFD6
:102FF0005C0E002048000020AC0E0020C50E002012
:1030000008B50C4B93F83C201AB9BDE80840FFF70F
:103010006DBD93F83C20022A04D040F231212720D4
:10302000FEF7B8FF1B6BD3F8B001BDE8084005F010
:10303000C7BD00BF5C0E0020014B1876704700BF73
:103040005C0E0020014B93F88F0070475C0E00204F
:10305000024B93F82900C0F3C00070475C0E0020BB
:10306000014B93F88E0070475C0E00202DE9F04371
:10307000314D85B004460F4602A8296C2E6B0AF02C
:103080008CFD14F00109BDF80C8004F0020428D076
:10309000002385F89A3094B1FFF76CFE0DF102021F
:1030A00001A9D5F894000AF0F1FB01980AF0D4FBCD
:1030B000012238604146D5F894000AF07CFBB9F152
:1030C000000F0BD0D6E93A32013342F10002C6E9D3
:1030D0003A3296F88430013386F8843005B0BDE882
:1030E000F08395F89A30032B20D801A252F823F0F0
:1030F00097300000013100001B3100001B3100003F
:10310000002CEBD0FFF736FED5F8940000224146A4
:1031100005B0BDE8F0430AF04EBB002CDED0D5F878
:10312000940005B0BDE8F0430AF0ACBB40F2A24108
:103130002720FEF72FFF00BF5C0E00202DE9F04F87
:10314000A94C002389B0CDE9043394F83C30266BB8
:10315000022B8046894604D040F28B512720FEF78F
:1031600019FF216C06A80AF018FD96F88C30B8F10A
:10317000000F00F028819DF819B0BDF81C70002BDD
:1031800039D004F0BFFFB0BB6FB196F8843003F0C4
:1031900001035B450BD1012384F83530FFF7A6FC12
:1031A00009B0BDE8F08FA4F88870002006E0A4F80C
:1031B0008870D4F8940039460AF0DDFA238D9DF822
:1031C0001A20C4F8840043F40073238596F88330F2
:1031D00003F001039A4263D0256B95F88230002BEF
:1031E0003DD0022B13D1A06F04A90AF06DFA38B9B3
:1031F00040F23B41B2E7A4F88870002FD5D0D8E761
:10320000D5E93832013342F10002C5E9383295F888
:103210007E30002185F8821023B185F87E101020C1
:10322000FFF756FC95F87D30A3B14FF0000A85F802
:103230007DA000F0C7FF10B940F252418EE7514621
:103240000820FFF745FCD5E93832013342F100028E
:10325000C5E9383295F88330013385F88330238D02
:1032600043F4006323854FF0000A96F8843003F09E
:1032700001035B4544D19DF81830256B022B11D812
:10328000EBB995F88430013385F88430002F37D0BE
:10329000D5E93A32013342F10002C5E93A322FE072
:1032A000C246E2E7032BECD1238D216C012043F4CD
:1032B000805385F87C002385FFF70AFCE1E7002FA7
:1032C000DFD0238D95F88C5043F48053238505F08F
:1032D000F5F9042894F8993006D1002D0CBF1F226F
:1032E0001B22934228BF1346BB4262D3D4F88430DA
:1032F00033B194F88D30002B74D02020FFF7F0FB11
:10330000002796F88B309BB1D6F8E03096F868002D
:1033100023660025D6F8E430636684F868500AF026
:1033200059FC324900950346FB22284604F02AFE48
:10333000B9F1000F5CD1638C94F88E10180708D592
:10334000626F137803F00303032B02D1D378022BAF
:103350004ED001294CD8E36F01209847002847D070
:1033600094F83430002B43D11FB105A90120FFF799
:103370007DFE256B002395F88C208DF80D3094F898
:10338000483095F8681003EB8203FF2B03D195F8C2
:1033900069308B4202D0FF2005F0DEF995F88230CB
:1033A000032B00F21781DFE813F07A00A500FC0080
:1033B0000D0194F83430012043F0100384F83430C8
:1033C00007F006FD9CE70BB104F0D8FE94F88E30B0
:1033D000013384F88E30238D002743F480632385E6
:1033E000BA468EE747468CE75C0E0020AC0E002004
:1033F00005F07AFC002F4DD14FF00109238D5A06BC
:1034000006D44020FFF76CFB238D43F04003238557
:10341000BAF1000F0DD0B4F80720B4F8053013430B
:10342000B6F8802013431EBFB4F809300133A4F866
:103430000930B8F1000F00F0D580B4F80530013341
:10344000A4F80530002384F88E30694802F070F942
:10345000049830B10AF000FA216B0022027201F0E8
:1034600027FD059B33B1216B00221A720C220598AF
:1034700001F0ECFCB9F1000F7FF490AE238D1B0638
:103480003FF58EAE8020FFF72BFB238D43F08003AA
:10349000238585E605A90320FFF7E8FDACE794F84E
:1034A0009830ADF80E305348A5F8583000F07AFE49
:1034B00028B1012385F87D3084F890301CE0A06F9E
:1034C0000DF10D020DF10E010AF0D9F8606788B117
:1034D00095F8C73073B99DF80D302BB90380837010
:1034E000606F01210BF09CFC636FBDF80E205A70D9
:1034F0000123E1E7404B6367D4F874B095F883206B
:103500009BF80000D20002F0080200F0F30313431E
:1035100095F88420920002F0040213438BF80030E7
:1035200000F00300FFF774FB9BF8003023F010035A
:1035300043EA00138BF8003095F88B30606F002B56
:103540004BD04378002B48D0E06C05F01DFB0023E6
:1035500084F86830D5F8E0302366616FD5F8E43040
:10356000E06C636604F058FD95F86910012005F0E1
:10357000AFFB0125606F84F88F500BF061FC636F27
:1035800084F880001B7884F83C5003F0030384F82F
:103590008130002F3FF432AF05A90220FFF766FD0E
:1035A0002CE7B5F85830A06FADF80E300DF10D02D4
:1035B0000DF10E010AF063F86067002898D140F21F
:1035C000F121CBE50B4800F0EDFD002890D140F251
:1035D000FB21C3E540F20931C0E505F0D5FA04F05E
:1035E00079FDC1E7B4F807300133A4F807302CE7C0
:1035F000880E0020D00E0020E60E0020E52B0000F3
:103600003D310000452C0000512B0000F0B5070CA7
:10361000A7F5AA42144B543A012A03EA90231FD972
:1036200027F4004042F6AA22801A18BF0120002287
:10363000162116461F2487EA060562EA05050135AC
:1036400010D0DD03ADB245EA5606E503ADB201394F
:1036500045EA52024FEA53034FEA5404EBD1F0BD5E
:103660000020E4E70020FAE7E0FF3F00304BF0B530
:103670005A88B0F85C70B0F85A609D88974228BFAD
:103680001746964228BF16461B2E85B00C462ED0F4
:10369000B5F5A47F2DD040F648039D4201A928BF6F
:1036A0001D460AF0FCFABDF80A30BB4228BF3B4673
:1036B000E380BDF80C30AB4228BF2B462381BDF818
:1036C0000630B34228BF33466380BDF80830AB42B2
:1036D00028BF2B46A380FF232370E3881B3B9BB2AC
:1036E000E02B08D940F2F5613920FEF753FC1B2F7F
:1036F000CED105B0F0BD63881B3B9BB2E02B02D955
:1037000040F2F761F0E72389A3F5A4739BB2B3F508
:10371000E06F02D940F2F961E6E7A388A3F5A4734C
:103720009BB2B3F5E06FE4D940F2FB61DCE700BF88
:10373000F80E002010B501210020FEF7E9FF044635
:1037400070B90121FEF7A8FF044620B940F2933179
:103750003920FEF71FFC034B93F906100CF05EFABC
:10376000204610BDF80E002008B50BF015F900F04A
:10377000E5FE00F0A7FB0BF0C6FB02F047F801F0F6
:1037800049F9094B00221A60084B1B214FF4A47021
:1037900098801A805980064B064818605A829A759C
:1037A00099805A749A8208BD4C000020F80E0020BF
:1037B0002413002003021B00044B41F64C52C3E9C2
:1037C00002221B221A74FFF7CFBF00BF2413002070
:1037D00073B5244DAB680363234B836104460CF03F
:1037E000D8F8064600F05EFB830654BF1B236B88A7
:1037F000A4F85A3058BF1A461C4B297C1B6848BF96
:10380000AA88A4F85C2084F8381066871BB194F964
:10381000701020889847164E204631460BF076F9F6
:1038200001236A886978E385AB88019116F8121C38
:103830000091033303329BB292B204F1140104F1FC
:103840001000FEF7D7FF236923B940F2CC6139207D
:10385000FEF7A0FB636913B940F2CD61F7E70020E2
:1038600002B070BD2413002000093D00500000206C
:1038700036130020F7B504460D460CF002FA002876
:103880006DD020460CF0D9FA38B1B5F80130013BC3
:103890007F2B02D9122003B0F0BD20460CF0D1FAE4
:1038A00008B90C20F7E720460CF069F90028F8D198
:1038B00020460CF0A4F906460028F2D1204603F079
:1038C0009DF90028E6D0B5F80170E97842F210734E
:1038D00020465F430CF09DFA20460CF0A6FA014604
:1038E00048B93A46204602F039FBB0B341F6A5414B
:1038F0003920FEF74FFB31460DF10600FEF794FE2E
:10390000054608B90D20C6E7314600F0D1FFBDF8E5
:1039100006302B80204629460CF09DFA20460CF0FC
:1039200096FA88B9216A20460CF093FA0146284697
:10393000FFF74EFF3A462946204602F00FFB0246AB
:1039400020B141F6C841D3E70121F0E7054B9B6860
:103950001BB105F58D712846984700209BE7422052
:1039600099E700BFF80E0020024B1B6803B118470F
:103970000C2070474C000020034B5A8802801B78B3
:1039800083700020704700BF2413002037B5837870
:103990001A2B054608D8042B04D9144A22FA03F33B
:1039A000DB0705D412241AE0292B01D03B2BF9D1D7
:1039B0002888B0F5706FF5D269460BF03CF888B9ED
:1039C000019B93F8182102F0FF046AB9AA7883F8E2
:1039D0001921FF2283F8182168460BF06FFA204660
:1039E00003B030BD0224FAE70C24F8E720003804C5
:1039F0000188A1F11B039BB2E02B0CD84288A2F5F1
:103A0000A4739BB244F24810834204D8034B0020B5
:103A100059809A8070471220704700BFF80E00202E
:103A2000034B5A889B88028043800020704700BF68
:103A3000F80E002038B50278447802F0010354EA09
:103A4000030102F0020201D1112038BDBAB9857814
:103A5000002DF9D0002B18BF002400E01D462046A1
:103A60000AF0C8F80028EFD028460AF0C3F800286A
:103A7000EAD0054B00209C74DD749882E5E7002BAA
:103A8000ECD000242546EAE72413002013B5008873
:103A900069460AF0D0FF18B10224204602B010BDDA
:103AA000019A92F8DC31DBB292F8A820002AF3D117
:103AB00013F0FB0FF0D0019890F82A310BB13A24A3
:103AC000EBE790F8D23003F0FF04002BF7D190F829
:103AD000C9309B0706D1FF2380F82A3168460BF0D6
:103AE000EDF9DAE70249CA300BF035FAD5E700BF45
:103AF00031F60000F7B50778EF2F05460C460FD8D2
:103B000090F901204378002A0ADB8278900707D1D8
:103B100013F010001DD1990603F0030202D51AB16B
:103B2000122442E0032AFBD01E07F9D42979EA784F
:103B3000EE7942EA0122697942EA0142A97941EA31
:103B400006212E7A41EA06418A42E9D81F2A0FD877
:103B5000E6E713F0600FE3D103F00702052A05D072
:103B600003F00F010D22CA40D107D9D51A07DDD5C0
:103B70006A7A013A062AD3D8AA7A032AD0D813F04F
:103B8000040102D1023A012A03D8EA7A012AC7D8ED
:103B900011B9AA7C032AC3D82A7D48B1012ABFD112
:103BA0002A7E012ABCD830B91124204603B0F0BDCA
:103BB000022AF5D1B4E7DB0712D46B782A7D03F033
:103BC0001803082B11D1022AEED101213846FEF745
:103BD0009FFD064678B10BF0D2FFB8B10C24E4E7A4
:103BE00000F024F90028E8D1DEE7022AEDD02B7F8F
:103BF000002BEAD0D8E701213846FEF74DFD0646F6
:103C000040B3154B93F906100CF008F830460CF051
:103C100009F929462070E87430460CF04EF8EB7E26
:103C20000446002BC1D00028BFD1316B0246684644
:103C3000FEF7A8FE306B2246012109F0F3FE316B3E
:103C400068460422FEF79EFE306B2246214609F0AC
:103C5000E9FEAAE70724A8E7F80E002030B50279AC
:103C6000042A8BB003464FD84088B0F5804F4BD81C
:103C700026498D5C114400244A79ADF8004042F099
:103C8000100242EA45028D7AC97B8DF8084042EA6B
:103C9000850242EAC10202F01F028DF80020BDF841
:103CA0000020ADF809201A888DF80B208DF80E0041
:103CB000120A000A8DF80C208DF80D408DF80F00C7
:103CC0008DF810405A7B8DF811205A798DF812200A
:103CD0009A79D3F807008DF81320B3F80B209B7B5B
:103CE0008DF81A307F2305908DF81B3069464FF010
:103CF000011302A8CDE90734ADF818208DF824404F
:103D0000FFF7F8FE0BB030BD1220FBE7F0CA02004F
:103D10000278034672B1427862B142881A2A09D900
:103D200082881A2A06D9044A006810609B8893800A
:103D3000002070471220704724130020024B0268B5
:103D40009A600020704700BF241300200378A3F17D
:103D50000A02112A9DBF024A0020137412207047E4
:103D60002413002008B5052000F090F804F05AF85C
:103D7000014B024A9A6008BDF80E00206D36000023
:103D800008B502F023FF02F0D5F9BDE8084001486C
:103D900002F006BF040F002010B50B4A01231446A1
:103DA00082F8023102F01AFF0CF0FDF90AF0F2FD80
:103DB00004F203112046FFF703F8002009F0CEFDBE
:103DC000BDE8104001F028B8040F002010B5064CE3
:103DD000064904F502700AF09DFC04F503700449DD
:103DE000BDE810400AF096BC040F002054000020EB
:103DF0005C00002010B5094C094904F502700AF076
:103E000089FC04F5037007490AF084FC04F504708A
:103E10000549BDE810400AF07DBC00BF040F00203A
:103E2000640000206C00002074000020014B93F817
:103E300002017047040F002010B5074C00F0C8FFC6
:103E4000D4F808020AF05EFCFFF7B6FC01F0F6F8C1
:103E5000012384F8143210BD040F0020014B93F8A5
:103E600014027047040F002010B5074CD4F80C0260
:103E70000AF048FCD4F810020AF044FCFFF774FC86
:103E8000002384F8143210BD040F0020C208044936
:103E900000F0070001238340885C03438B54704784
:103EA00010000020014BD3E90001704710000020F2
:103EB000034B1868C0F30020400040F00100704739
:103EC0001000002008B508F0E3F8084A002332F893
:103ED0002310814205D302EB83029378044A1370C6
:103EE00008BD01330C2BF2D10023F7E704CB02000D
:103EF0001911002010B544682388A4F8683194F89B
:103F0000683084F86711012B06D0022B04D04FF4DF
:103F100061710620FEF73EF884F86A3194F8693042
:103F2000012B01D0022BF2D184F86B31044904F546
:103F3000AF700BF010F8002384F8243110BD00BFDF
:103F40008FE70000406808490388A0F85A3190F8CC
:103F5000603080F85C3190F8613080F85D3100F2BB
:103F600051100AF0F2BF00BFA5E700002DE9F043B1
:103F70008946097999F80580456801F0070108F03C
:103F800007084B1E08F1FF3202EA08020B401343F8
:103F900095F8872095F88660232A85B004463BD1A2
:103FA00005F18707FBB940460AF03DFC00283DD0EB
:103FB00095F86830984239D095F8262118EA020F12
:103FC00011D0212E32D095F8612018EA020F2DD1A0
:103FD0000138013B4D4AC0B2DBB2032B105C20D844
:103FE000D35C834222D995F82431012B53D11E2171
:103FF0002046FFF77FFF212E51D16368182283F8F6
:104000000921092283F8862093F8C230002B3ED183
:104010004FF43171AE2007E0212E75D105F18607EE
:10402000C0E74FF40F710620FDF7B4FF08460AF011
:10403000FAFB38B195F86930834203D095F82731FF
:104040001942D0D0B9F8066003AB00932846334636
:1040500042460AF0F5FB6368054678BB93F82421D5
:10406000012A28D101462046FFF744FF3D706368CE
:1040700003F18702974202D1002283F88720636808
:1040800003F1870297423BD120460BF080F80020D5
:1040900005B0BDE8F083002385F82431ABE70023A9
:1040A00020463B700BF073F81821204605B0BDE8A0
:1040B000F0430BF094B883F82401D8E7B3F88020DC
:1040C000A3F83C62013EB61AB6B247F6FD729642BC
:1040D00006D9282283F8A920204601F027F9CEE747
:1040E00093F887200D2A02D00A3A012A01D82A2201
:1040F000F0E7BDF80C20A3F83E2225233B70BEE775
:10410000002283F8C220C2E70220C1E734CB0200BC
:10411000044B002283F822204FF6FF729A84DA843F
:104120001A8570471A110020054B9A8C824201BFF4
:10413000002283F822204FF6FF729A84704700BF56
:104140001A110020014BD884704700BF1A110020BB
:10415000084B998C4FF6FF72914206D193F82220BA
:10416000012A04D00360012070470023036000206F
:10417000704700BF1A110020064B93F82220012A35
:104180001FBF0120DA8C83F822009A8408BF002028
:10419000704700BF1A110020014B1885704700BFFF
:1041A0001A110020064B0246198D988C884205D1C1
:1041B00093F8220018B11360012070470020704767
:1041C0001A110020094B998C1A8D914201D00020C0
:1041D00070474FF6FF729A8493F82220002AF6D097
:1041E000002283F822200120704700BF1A1100200E
:1041F000054B998C1A8D914203BF93F82200B0FAB7
:1042000080F04009012070471A11002050B90A4A75
:104210001346012003F8010B0868C2F801008A88E0
:104220009A807047012805D1034B0A689A608A88F2
:10423000D8719A81704700BF4411002050B90B4BD0
:10424000187888B1D3F80120B3F805300A608B8064
:1042500001207047012806D1044BD87920B19A6813
:104260000A609B89F3E70020704700BF44110020DB
:1042700010B9044B18787047012806BF014BD87954
:104280000020704744110020F7B500238A888DF87C
:104290000600ADF8042008680B4A8DF80730019D30
:1042A0001478014602F5A872D8B2844201D80820D9
:1042B00008E052F8087F5668AE4208BF8F4203F10B
:1042C0000103F1D103B0F0BD5811002030B5094B06
:1042D00001465C78002203F20113D0B2844201D877
:1042E000082005E013F8015F8D4202F10102F4D1CC
:1042F00030BD00BF58110020F8B52D4C6378013B4C
:10430000DBB22218834292F80251637030D01A0156
:104310000101961C8F1C2644274406F1100C56F808
:1043200004EB47F804EB6645F9D18232823122442E
:10433000214402F1100652F8047B41F8047BB2429A
:10434000F9D1E118221891F8026182F8026106267B
:104350007343704303F5857300F58570E618E358E1
:1043600023502718B388BB8091F83A3182F83A314C
:104370002846FFF7ABFF082818D12378013BDBB2B2
:104380009D42237012D02B3304EBC30393E8030048
:1043900005F12B0204EBC20282E803002078FFF74C
:1043A00095FF08281CBF241884F80251F8BD00BFEF
:1043B00058110020F0B5254D95F8984189B0224656
:1043C00005F29911684608F0A7FD214668460AF0F3
:1043D00002FB0446B8B300EB4001C9B202A8FDF7E6
:1043E0001FFF631E95F8A161DBB2012495F89811B7
:1043F00005E0721CB2FBF1F001FB1022D6B206F10F
:1044000020020DEB020010F8202C002AF1D103EB62
:1044100043012031694406EB46022A4411F8187C16
:1044200082F8A27111F8177C11F8161C82F8A3719A
:1044300082F8A41100F8204C013BAA19DBB2FF2B33
:1044400082F89941D2D109B0F0BD00BF58110020C7
:1044500070B5064688B00C46002A4ED0294A92F81C
:10446000A131D01890F8991119B9FF212820FDF732
:1044700091FD03EB43011144013391F8A251E57022
:1044800091F8A35191F8A41161710021257180F870
:10449000991192F89811B3FBF1F001FB103382F8F7
:1044A000A13192F8C23123B9174902F5DD700AF043
:1044B0004FFD657905F03F0545F0400565710D221A
:1044C0000021684608F0E8FCE3788DF80F30237986
:1044D0008DF80E3004AA0423694630468DF80D503D
:1044E00008F038FB9DF81F3023709DF81E30637074
:1044F0009DF81D30A37008B070BD03216018FDF752
:104500008FFED6E758110020B5430000044B5A78BF
:10451000824286BF1B1893F84A010020704700BFF3
:1045200058110020044B5A78824286BF1B1893F81A
:1045300042010020704700BF58110020064B0022A6
:104540004FF461711A8083F8C32183F8C421A3F862
:10455000C61183F8C2217047581100202DE9F04799
:104560008246894617469846FFF78EFE082805467C
:10457000064603D0FFF7AAFE082860D1324C6378C4
:10458000072B5ED8082D15D12678731C072E2370B3
:1045900003D96C212820FDF7FDFC06F12B02D9F888
:1045A000000044F8320004EBC203B9F804209A80FA
:1045B00083F806A065786B1C290163704B1C07F11A
:1045C0001002234412F8010D03F8010FBA42F9D189
:1045D000813108F11003214413F8012D01F8012F56
:1045E0009845F9D1102140460AF032FA25441021AD
:1045F00085F8420138460AF02BFA85F802616678A0
:1046000085F84A010023114885F83A3131460AF00D
:10461000E2F90128054607D80D4831460AF0DBF9D2
:10462000002818BF0135EDB284F8985100252846BE
:1046300084F8A151FFF7BEFE2846BDE8F08712209E
:10464000FBE70720F9E700BF581100209A1200206D
:10465000A212002010B5064B5878013840B200284D
:1046600000DA10BDC4B22046FFF746FE601EF5E733
:1046700058110020014B83F8C301704758110020E6
:10468000014B93F8C301704758110020431E9BB2A1
:104690004AF2B71293429DBF024BA3F8C601012014
:1046A0000020704758110020014BB3F8C601704735
:1046B0005811002030B50A4B5C7884420ED918445A
:1046C00090F802012B3003EBC004A5790D7053F86C
:1046D00030001060A3889380012030BD0020FCE7EB
:1046E000581100200246074810B590F8C34124B184
:1046F000417821B1023003F0BBFB204610BD0C46CF
:10470000FBE700BF581100202DE9F74F2F4C9A46C8
:10471000637883428046894656D9231893F84251DC
:1047200085F00105F9B193F84A31E3B945F0020784
:104730000135BAF1000F18D1FA070AD5062101FB9D
:10474000084104EB0810524601F585718230FFF7ED
:104750007FFEBB0734D504EB0810524649460230B1
:10476000FFF776FE2CE02F46E3E794F8A1614FF0C7
:10477000010B002DE0D0A319019393F8991199B979
:104780000092DAB100F02AFC06EB46012144019BBD
:1047900081F8A2014FEA102C009A81F8A3C1000C05
:1047A00081F8A40183F899B194F898310136B6FBE9
:1047B000F3F103FB1166F6B2013DDAE747F00407B7
:1047C000384603B0BDE8F08F0027F9E75811002004
:1047D000074B5A78824209D91A1892F842212AB90D
:1047E000062202FB003000F58570704700207047FC
:1047F00058110020064B5A78824281BF1B1893F84B
:104800003A01B0FA80F0400998BF0020704700BF1D
:1048100058110020F8B50E460746062130461546C9
:104820000AF016F9044670B10C4B0022587803F2D6
:104830003913D1B2884202D801242046F8BD03F8CA
:10484000015F0132F5E7314638460AF0E0F8082802
:10485000F3D0024B034483F83A51EDE7581100209E
:1048600030B50024A0F84040B0F8444042F2107542
:104870004C43B4FBF2F4A0F84440541E05FB034340
:10488000B3FBF2F3A0F84230084BB3FBF2F3013371
:10489000A0F84830838F05FB0344436BB4FBF2F46C
:1048A00059438463B1FBF2F1416330BD005A6202A7
:1048B00070B504460D4659BB4FF41A7208F0ECFA75
:1048C000012384F88E306FF0360384F8D930042346
:1048D00084F8DA306FF03B0384F8DB306F2384F820
:1048E000DC306FF03C0384F8DD306FF07F0384F838
:1048F000DF302B2384F8D830FE2384F80E317F2359
:1049000084F88530202384F8DE5084F8F73170BDB8
:10491000012923D10023A0F8B43180F8AB3182699A
:1049200040F6B833A0F8B4301146438C7830FFF726
:1049300097FF104B1B68062B01D001330CD10E4B97
:104940001B68063B083307D9E069FEF75FFE18B91C
:10495000012384F89F31DAE70023FAE70229D6D150
:10496000B0F84A32D0F844228169BDE8704078300E
:10497000FFF776BF8016002084160020034B80F8D6
:1049800070101B680BB10088184770477C0000202E
:104990000B2808B504D940F2C7112920FDF7FAFA0F
:1049A000014B33F8100008BD38CB0200074B93F9D8
:1049B00000301844142804DC10F17F0F03DB40B2F0
:1049C0007047142070476FF07E007047201300205E
:1049D00007B57F230DF107008DF8073004F060F96B
:1049E00003469DF9070053B1094B5B785B4240FADF
:1049F00083F0142806DC10F17F0F05DB40B203B012
:104A00005DF804FB1420FAE76FF07E00F7E700BFC3
:104A100020130020024B00221A705A70704700BF0A
:104A2000201300200346407898B1DB783F2B05D84F
:104A3000084AD35C1B1A58425841704703F10C02D4
:104A4000D2B2042A04D8034A134413F8B43CF1E761
:104A50000120704750CB02003F2908B5C17003D830
:104A60000B4B5B5C437008BD01F10C03DBB2042B04
:104A700004D8074B0B4413F8B43CF3E7FF2904D0E8
:104A800040F23A412A20FDF785FA0123EAE700BF08
:104A900050CB02002DE9F3478946694615469846F2
:104AA00009F0C9FF044620B9019E35B9012386F8F3
:104AB0008D30012002B0BDE8F087376929463846BD
:104AC00008F087FD01460028F4D0164B5B88AB4206
:104AD00025D3384608F0BCFE96F88D300480002BB4
:104AE0000CBF49460221824684700AF099F941467A
:104AF0002A460AF1030008F00FFA2946384608F062
:104B0000A3FD18B97E212B20FDF744FA68460AF070
:104B1000D5F9019BA3F8A24186F88D40C9E720464C
:104B2000C8E700BF24130020024B987DC04300F06B
:104B30000100704724130020044B987DC0F340000F
:104B400080F0010000F00100704700BF2413002036
:104B500083230B70014B1B78CB7070473C130020F4
:104B60002DE9F84FD0F80480D8F8146030460D468F
:104B700008F060FE044618B9FF211020FDF70AFA7C
:104B80000146304608F064FEB4F800B01FFA8BF915
:104B90008246B9F1000F02D140F20311EDE71E4B3E
:104BA0001B68C71C8BB9B8F80030AB8000236B7250
:104BB000A5F806B09AF8003003F00303012B0FD0DC
:104BC000022B0DD040F21D11D7E7B8F800004A467D
:104BD0003946984704460028E5D12046BDE8F88FBD
:104BE0002B72304608F03AFE044610B94FF4937128
:104BF000C3E7B9F1FB0F02D940F23511BDE72868D0
:104C000010B94FF49B71B8E74A46394608F084F969
:104C1000304608F07EFDE0E7800000202DE9F347F4
:104C2000DFF850818246894605270026D9F81030E2
:104C300053B11B7A1BB980211020FDF7ABF9D9F8CD
:104C40001040B4B9002071E0D9F80440237A012B58
:104C5000F8D0EFF3108372B6D9F804201268C9F8BF
:104C6000042003B962B6C9F81040237A0BB9A62113
:104C7000E2E7257AEDB227726B1E0B2B6AD8DFE8CC
:104C800003F066061C3463693D69696969586368A5
:104C900013B94FF4D771CFE7204651469847042007
:104CA000EFF3108272B6237A052BD9B25CD126724B
:104CB000C9F81060B2B962B614E0636813B940F283
:104CC000B711B9E75146204698470346C3F3072377
:104CD000012BADF80400C0B23FD0022BE0D100237D
:104CE000C9F810300028A1D020E0636813B940F261
:104CF000BF11A1E7204698470020D1E763680BB9B0
:104D0000B52199E70B228AF8002019881869AAF8BA
:104D10000310012200248AF802208AF805208AF86C
:104D2000064008F0F6FCC9F81040042002B0BDE8C7
:104D3000F087D8F80030514620469847034660B1C6
:104D4000C9F810600220F1E74FF4FB7174E740F2FC
:104D5000F91171E74FF4FE716EE725720028E5D175
:104D6000002B7FF463AF6DE711B940F21D2163E7BB
:104D700000209FE78400002038B5134C1422002146
:104D8000201D08F089F801252574142204F1080378
:104D9000002104F11800C4E9013308F07DF884F81B
:104DA000245004F11C03C4E90633084A0023E362DB
:104DB000236384F83430C4F83530C4F8393084F8CB
:104DC0003D30136038BD00BF3C1300208000002040
:104DD00010B5084C2378FF2B04D04FF4A07110209D
:104DE000FDF7D8F807F0FCFE2070BDE81040FFF793
:104DF000C3BF00BF1D00002010B5034C207807F092
:104E000009FFFF23237010BD1D000020014B1878FF
:104E100007F010BF1D000020014B024A1A607047C6
:104E200084000020614B000010B506490446FFF7DE
:104E3000F5FE28B920460449BDE81040FFF7EEBE54
:104E400010BD00BF541300204013002010B51346BE
:104E5000027A22B140F299211020FDF79BF80A4610
:104E6000BDE81040014601480AF04FB84013002049
:104E7000044890F834301BB903492C300AF062B86A
:104E8000704700BF3C130020FDEE000003460648BB
:104E900090F83E203AB190F83D2022B900F8353B19
:104EA00002490AF04FB870473C130020514B0000F4
:104EB00010B50A46037A23B140F2A1211020FDF774
:104EC00069F80146BDE81040014807230AF01DB803
:104ED000541300201346027A0AB1037270470A463F
:104EE000014601480AF011B8401300201B234FF07F
:104EF0001B128384038482618382C260038539B973
:104F00004FF4A473034AC3844384C261C382026121
:104F1000704700BF480148010346F0B4B3F854207D
:104F2000B3F84840B3F84460DF8FB3F8425094427E
:104F300028BF14460846B3F84C20B3F85610DC8757
:104F40008A4228BF0A46B3F84610A3F8422091428D
:104F500038BF1146A64238BF2646A742A3F8446090
:104F6000A3F846101FD1AA1A18BF0122B3F84A505D
:104F7000B3F85040B3F852709E8FB3F84010A5427A
:104F800028BF2546B3F84E409D87BC4228BF3C460B
:104F9000AE42A3F8404002D1A14200D12AB1F0BCF8
:104FA000034909F0D8BF0122E0E7F0BC704700BF19
:104FB0005DEF00000B8BA2F80B304B8BA2F80D308D
:104FC0008B8BA2F80F30CB8BA2F809000249A2F814
:104FD0001130104609F0B9BFADEF0000094AD2E91F
:104FE0000003434083EAB01181EA43214FEAF343CF
:104FF0005360054B116058434FEAF06000EB8000AE
:10500000704700BF7C130020BB79379E094AD2E964
:105010000003434083EAB01181EA43214FEAF3439E
:105020005360054B116058434FEAF06000EB80007D
:10503000704700BF20000020BB79379E10B50A4C96
:1050400009480821FDF7ECF8D4E900321343F7D002
:10505000064CFFF7DBFF2060FFF7D8FF2368606096
:105060001843F6D010BD00BF200000207C130020A4
:10507000174B184A9A60184A5A60184A1A60184A18
:105080009A62184ADA62184ADA60184A9A61184A2B
:105090001A63184A1A62184ADA64184A9A64184A53
:1050A0005A62184B184A9A60184A5A62184ADA62C9
:1050B000184A1A61184A5A61184A9A61184A1A63BA
:1050C000184A9A64184ADA64184A9A63704700BF0B
:1050D0008800002073F20000A3F200000FF300002C
:1050E00075F40000C9F4000055540000DFF400001E
:1050F0009956000039550000ADF50000C9F50000D3
:10510000815500009C0100208FF200007FF5000017
:1051100001F50000A5F4000025F50000D9540000B9
:105120004FF60000F7F50000E9F5000065F5000016
:10513000044B054A5A65054B054A1A65054A5A65E6
:10514000704700BF88000020C3F300009C010020CE
:10515000A9F3000021F40000054B064A9A65064AAF
:105160001A66064B064A9A65064ADA65704700BF1A
:1051700088000020C3E800006D3F00009C01002073
:105180000DE8000075E90000252A034610B5084621
:1051900018D8012A19D9023A232A16D8DFE802F0D2
:1051A0001A15252424311533152439434715154B79
:1051B00024245E5E74741515151515151515151531
:1051C000157B868EFF2A00F081804FF4A16151206B
:1051D000FCF7E0FE1A785B68012A02D193F81031DF
:1051E00001E093F81931037110BD5968D1F8BE215F
:1051F0004260D1F8C22182605B68D3F80431C36099
:10520000F2E75B68EAE70146BDE81040184600F0A7
:105210000DBA59224271002210238271202203719B
:10522000C2710372E0E75B6893F80A31DBE7BDE81F
:10523000104000F0EBB95A681B784BB992F8103166
:1052400033B192F80D31037192F80C314371CBE711
:1052500092F80B31037192F80A31F7E75B68B3F803
:1052600054200271120A4271B3F812218271120A9B
:10527000C271B3F850200272120A4272B3F81031B0
:1052800083721B0AC372AFE75B6893F82621027131
:1052900093F82731DAE7124A1468002CA4D00146AB
:1052A0001A4623202346BDE8104018470C4A1468CC
:1052B000002C99D001461A462420F3E7084A1468C6
:1052C000002C91D001461A462520EBE75B68BDE82B
:1052D000104093F83722D3F8381209F0B5BD00BF5B
:1052E000B00200203F2803D8064B53F82000704737
:1052F00000F10C03DBB2042B01D8B438F4E7002032
:10530000704700BF880000203F2803D8064B53F8A1
:105310002000704700F10C03DBB2042B01D8B43835
:10532000F4E70020704700BF9C010020F7B54568F6
:105330002E6904464FF6FF770DF102010DF10102CF
:105340003046ADF8027008F09AF901A9304608F02D
:10535000BBF940B1019808F07FFA6168002202723F
:10536000FFF7A6FDE8E7044905F1A00003B0BDE89A
:10537000F04009F0EABD00BF01F20000F0B50446BC
:1053800085B00D46FF2600F8856C10F8863CF3B119
:10539000184F3B781BB148211F20FCF7FBFD0C2167
:1053A000381DFCF73DFF3E70002304F8853C2A467B
:1053B000072302F8033BD4F80930C5F80330D4F8CA
:1053C0000D305360D4F81130936005B0F0BD01A8E2
:1053D0000C21FCF725FFA4F51373039AC3F80421ED
:1053E00001AB03CB44F88E0C44F88A1C04F8866C9D
:1053F000DAE700BF8413002010B5054C23782BB9E1
:105400000C21201DFCF70CFFFF23237010BD00BFF3
:1054100084130020024690F8C631BBB990F8C7311A
:1054200003F0FF010BB100207047094B18780028EA
:10543000F9D01970D968C2F80411043303CBC2F84B
:10544000BE01C2F8C211FF2382F8C63101207047A5
:105450008413002038B5426892F8873004460D4620
:105460003BB1132B05D0113B0B2B8CBF0120082027
:1054700038BD92F8C83013B9204609F07EFE626844
:10548000D5F80E30C2F8B631D5F81230C2F8BA31BC
:105490006368D5F81620C3F800211A88A3F85522AE
:1054A0006A68C3F85722AA68C3F85B226368AA89AE
:1054B000A3F85F226368002583F8C6516068054938
:1054C00000F5137009F03EFD6368152283F887200C
:1054D0002846CDE77D53000038B5436893F8872010
:1054E0001C2A044604D04FF4DE711F20FCF752FD45
:1054F00093F8C8101D88002283F8C72003F5C970EF
:1055000069B10B4983F8C820A3F89C5183F89B210B
:1055100009F018FD6368002283F8872038BD012256
:1055200083F89B11A3F89C51024983F89E21EFE771
:1055300061F4000053F4000038B54568AB6F13F018
:10554000010417D14A680C4B896813400B4AC5F80F
:10555000D830C3F3076343F008030A4085F8DB3013
:10556000C5F8DC2009F009FEAB6F43F00103AB671F
:10557000204638BD0120FCE72FC904F76FDB00800F
:1055800008B5406890F88630042B28D14B688A68AB
:10559000C0F8D830C3F3076343F0080380F8DB306A
:1055A0000023C0F8DC2080F8C23080F8863090F804
:1055B000743103F0FF020BB1002008BD0388A0F88E
:1055C000763180F875214B68C0F878318B68C0F867
:1055D0007C31044900F5B67009F0B4FCECE7012019
:1055E000EBE700BF43F50000406890F8743153B911
:1055F0000388A0F876311A2380F87531024900F546
:10560000B67009F09FBC704743F5000010B5044622
:10561000FEF748FC034A044B02400B406260A36063
:1056200010BD00BF2FC904F76FDB008037B50C46F3
:105630004568FEF737FC084A084B0A4095F8D81031
:105640000192034000930B408DF800306B4603CB72
:105650006060A16003B030BD6FDB00802FC904F72C
:1056600038B5DB04154604D5037D13B1002343632D
:1056700038BD446B0134446309F0CAFF836B9C421C
:10568000F6D30023436303492846BDE8384009F0B8
:1056900062BC00BF9FF5000038B5446894F88630BE
:1056A000012B054602D0A36F98073CD494F8C9306B
:1056B0009A0715D40A7984F8D320B1F80520A4F804
:1056C000D420B1F80720A4F8D620D80743F002026E
:1056D00084F8C9200FD5154904F1CA0009F03BFC34
:1056E00094F8C930D90711D4A36F9A0708D555216A
:1056F0004020FCF74FFC94F82A31002BEBD1EFE768
:1057000043F00203A367284609F037FD94F886307A
:10571000012B4FF0000301D0002038BD84F8863003
:1057200084F8C230F8E70120F7E700BF31F6000047
:1057300070B545680446FFF74BF9054B85F88500C1
:105740001B6801461BB12046BDE87040184770BD7C
:10575000B8020020024B1B6803B11847704700BF16
:10576000B4020020F0B51F4D2B78002414709BB1BB
:10577000013B6D68DBB21E1B012E0FDC05EBC4067E
:1057800055F8347076688E4208BF874227D0B842F9
:1057900071EB060612D214700020F0BD1E197710AE
:1057A00005EBC70E55F837C0DEF804708445C6F324
:1057B00047068F412CBF33463446DCE705EBC30474
:1057C00055F8335064688C4208BF854206D0A84221
:1057D00071EB040428BF01331370DDE71C4614701D
:1057E0000120DAE7A413002010F0070208B503D067
:1057F00063214820FCF7CEFB18B1034B19725860A7
:105800001A70C80008BD00BFA4130020014B00227D
:105810001A707047A41300200A46822302F8033B43
:1058200004480368C1F80330436853608368936099
:10583000704700BFAD13002002481622002107F078
:105840002BBB00BFAD13002082B002AB03E9030005
:105850000B48437D93B1530610D50A880280D1F8D6
:105860001822B1F880304260D1F81C2205498260CC
:10587000438002220C3002B0FFF72CBB02B070470D
:10588000AD13002019580000094B53F8203070B5B3
:1058900003F523430C461646A1334FF47A72B3FB4B
:1058A000F2F503F075FB34442C44204470BD00BF76
:1058B00060CC02002DE9F04F8DB09A4690F8693027
:1058C000029304468946069208F05FFF834694F8E7
:1058D0007300FFF75DF8834409F0F1FE94F8873018
:1058E0000393069B1FFA8BFB00F1500783BB94F8D0
:1058F000DC31032B2CD1039B0D2B29D1B4F83C3286
:105900004B4525D1D4F8E431C4F8D031A369B4F8BB
:10591000B421C4F8D431B4F82A321344C4F8D831CD
:10592000204602F04FFAD4E99023A262B4F83E2256
:10593000A285D4F84822226241F64B529342A361D9
:105940008CBF0023012384F87230022384F8DC31F9
:10595000B4F82852B4F88080A9EB05052DB204F5FF
:10596000FC73A9EB0808002D04930FFA88F818DAE5
:10597000D4E98423C4E98823012345460493CA4B10
:105980001B7813B106F078FB70B9002694F8DC316F
:10599000032B00F2DE81DFE813F06C006601BD002E
:1059A0008B01CDF810A0EAE7B4F8C831012BECD98F
:1059B00094F8DC31022BE8D094F8F661002EE4D1A3
:1059C00094F87300FEF7E4FF94F8DC3100F5C86B3F
:1059D000012B1FFA8BFBD9B23ED194F88A20A36A1F
:1059E000032A32D1D4F8D42113445946D4F8D4012F
:1059F000079306F005FBD4F8D061079BD4F8D821B3
:105A0000C4F8D001861B59461846564306F0F8FAEA
:105A1000D4F8E031C4F8E001C31A5946A0691E4425
:105A200006F0EEFAB4F8B431D4F8D82143445B1B45
:105A30009B1AD4F8E421013B821A02FB036601237E
:105A4000C4F8E40184F8F631A0E73046079309F082
:105A500072F8079B0344C8E7A069594606F0D0FADC
:105A6000B4F8B461D4F8E4314644761BC31A5E43FB
:105A7000E5E70121002009F05EF88046A06A59465A
:105A8000404406F0BDFA5946C4F8E001A06906F0AA
:105A9000B7FA09A9C4F8E4010AA803F035F9099B8B
:105AA0000093D4E98801DDE90A2305F093F9029017
:105AB000204609F01CFEA16AD4F82C2294F8690053
:105AC0008D1803F06DFAD4F8E011029B203D6D1A99
:105AD000ED1B454400F52340ED1AA1304FF47A73D5
:105AE000B0FBF3F0A38D30312D1A03EB410194F894
:105AF00069003A46FFF7C8FED4F82C32EB1A223080
:105B0000B3F5917FC4F8E80159D240F2FC4130204E
:105B1000FCF740FAA36AD4F8D4015946184406F0B9
:105B20006FFA5946C4F8E001A06906F069FAC4F8B2
:105B3000E401204609F0DBFDA36AD4F8D4511D44EA
:105B4000B4F8B431002B40F08A80BAF1000F00F0B5
:105B5000868094F8690003F023FAD4F8E011D4F8B1
:105B6000183294F869206D1A203D1D44D4E984BC94
:105B70004E4B53F82220A5EB0B054FF47A7302F23B
:105B8000E732B2FBF3F21544ED1B00F52340A130E0
:105B9000B0FBF3F02D1AD4F8D821D4F8D03194F812
:105BA000690002FB0313A18D303301EB43013A4638
:105BB000FFF76AFE0123C4F8E80184F8DC31A36929
:105BC000D4F8E421E73B9B1ADF1B002384F8F8316B
:105BD000D4E988328742A5EB060528BF07465B1942
:105BE00042F10002C4E98232C4F8B07104F130001D
:105BF00009F028FAD4E98223C4E98823B4F8A03153
:105C0000A4F82892A3EB09031BB2002BD4BF0022F7
:105C10000122520084F80022039A38440D2AC4F865
:105C2000FC0100F09980BAF1000F40F0988094F8E0
:105C3000DC31002B00F0B080A169D4F8E43104F528
:105C4000FC70C91A08F010FF80B2002800F0A48090
:105C5000169B03B1188001200DB0BDE8F08FD4F879
:105C6000E0116D1A97E7D4F8E411A369B4F8B421F0
:105C7000D4F8D801D4F8D0C15B1A5D43D4F8E03130
:105C80004244121A3033013A0CFB003301FB023359
:105C9000A18D94F869003A4601EB4301FFF7F4FD4A
:105CA000C4F8E8018BE700BFD013002060CC0200ED
:105CB000D4F8E4E1A369A3EB0E035D4394F88630C6
:105CC000252B03D094F88730252B0CD1B4F83C3227
:105CD000A9EB03031B0406D4029A94F83F32002B6D
:105CE00018BF1A460292049BB4F8B4C143B3BCF186
:105CF000000F25D1D4E98623D4E98401904271EBC9
:105D0000030302D34FF4AA6101E794F869102C4B06
:105D100053F82130D4E98401CDE904010498203AF4
:105D2000121A03F2E7314FF47A7B03F52343B1FBF8
:105D3000FBF10A44A133B3FBFBF3D21AD21B154487
:105D40000CEB08010EFB01F1303102983A46490094
:105D5000A4E74FF4AD61DAE6BAF1000F1CD0B4F855
:105D6000C80118B3B4F8CA1194F8CC21A4F8CA1128
:105D700001FB0222904201F101050DDD002B0BDD3C
:105D8000002384F80032A4F8CA51FFF727F900F085
:105D90000700013084F8CC0194F8F70104F5FC7198
:105DA00004F010FE20B940F2B151B0E60146DBE745
:105DB000069B83F0010384F8F43100204CE700BF18
:105DC00060CC0200F7B5044618B9E2213020FCF798
:105DD000E1F8072900F2BC80DFE801F004844646C0
:105DE00041BA33B704F0DAFFC4E94001204601F0BC
:105DF0002DF8D4F8F400CB3804F0CCFE10B940F202
:105E00007B21E3E720460AF018F80546F8B9014679
:105E1000204609F03BFF00F1E506D4F8F400B0425B
:105E200009D2301A322838BF3220032104F0D4FEC0
:105E3000051E18BF0125C4F8F46020460AF017F8C3
:105E40003DB1204603B0BDE8F0400AF011B800258E
:105E5000F3E7D4E94023C4E93A2303B0F0BD03B02B
:105E6000BDE8F04002F05CBF09F01BFF002384F89E
:105E7000F93007460E4604F0DFFC0722A7FB023587
:105E800002FB0655D4F8EC200192D4F8E8209B18C8
:105E9000019A45EB0205D4F8CC2032B157EA06024C
:105EA00003D0984271EB050216D2022284F8F82042
:105EB000D4F80821D4F80CC1121A6CEB010C94F838
:105EC00018E1BEF1000F09D1012A7CF1000E11DAB0
:105ED000204600F0C3FF05E00122E7E7012A7CF13C
:105EE000000CF5DB94F8C80004F0C0FC002384F833
:105EF0001031B2E7984271EB050E0ED23E430CD042
:105F00001B1A65EB01019A427CEB010005DB012BBA
:105F100071F10000A4BF1A468C460F4994F8C800DE
:105F20000123914284F811314FF0000384F8F030DE
:105F300073EB0C03B8BF0A4604F1F00104F058FFFC
:105F400000288AD140F2EF6140E74FF480713DE7CD
:105F50004FF482713AE700BF0040420F2DE9F04153
:105F600004460E46154690F8103103F0FF071BB1AA
:105F70000C273846BDE8F0810146474804F088FC0C
:105F800020288046F4D05722394604F1C90006F093
:105F900083FF84F8C880C4F8CC60FF2384F81031F4
:105FA00036B1FFF733F800F00700013086F8CC0176
:105FB00002234FF00008A4F8F83084F8F08006F0CF
:105FC00071F800F19E06204609F037FFB6B201468F
:105FD000002839D008F0D9FB00F5CD6189B22846F8
:105FE00006F00EF82844C4F8F40004F025FC30183C
:105FF00041F10001C4E94001012084F8D000A4F877
:10600000268009F0D9FFE53D2D1AC4F8D4504FF091
:10601000FF356FF00041D4E94023C4E94251002527
:10602000C4E93823C4E93A2394F8C80084F811512C
:1060300042F2107204F1F00104F0DAFE38BB40F2D3
:10604000EB113020FBF7A6FF204609F01FFEDFF81A
:106050004C80E530C4F8F400B8F8020048B1E08C98
:1060600038B1FEF7D3FFB8F80230B0FBF3F202FB11
:106070001300064404F0E0FB361841F10001C4E9C6
:106080004061002DC3D0AD1941F10001C3E729469D
:10609000204609F0EFFE6CE7C55D0000D01300203C
:1060A000F0B5002385B0CDE9003301238DF806302B
:1060B0006846FCF767FB70B11D4E01233371002762
:1060C000CDE9027702A8FCF75DFB0546C8B10023C5
:1060D000337105B0F0BD009809F024FCE8E790F8B2
:1060E000F70104F003FD94F8F70104F039FE94F889
:1060F000F70184F8DC5104F0B9FB202384F8F73170
:10610000DEE7029B002BDDD093F8F721202AD9D0BF
:1061100018884FF6FF739842D9D02946FCF7F8FA51
:1061200004460028DBD140F237113020FBF732FF64
:10613000D0130020054B002201215A7119701A71E9
:1061400042F210725A80FFF7ABBF00BFD01300209D
:10615000014B5871704700BFD013002008B502F002
:10616000B3FA044B9A6882422ABF1879002080F063
:10617000010008BDD01300202DE9F347044606298D
:1061800000F2DA80DFE801F0048673838A8FD3009F
:10619000D0E98401D4E98623904271EB030354D201
:1061A00094F8F631002B50D094F8DC31032B4CD10D
:1061B00009F085FA94F869A0814608F0E6FA0646E7
:1061C00094F87300FEF7E4FB064494F87300FEF7BE
:1061D000DFFBD4E98423D4F81872D4F8B051804698
:1061E0005046BF1A02F0D4FE554A52F82A20A5F1B3
:1061F000500302F52342A1324FF47A71B2FBF1F25F
:106200009B1AA3EB09031B1A09F1790909EB53093E
:10621000B6B2603B08F5C86873431FFA88F8B3FB51
:10622000F8F360335A08A9EB53039F4202D3914419
:106230004F4501D905F026FFA069314605F0E0FE83
:106240000023C4F8E40184F8F6313E4B1B7903F0D7
:10625000FF0263B90092B4F8A41101232046FFF7AE
:1062600029FB38B140F21E713020FBF793FE042366
:1062700084F8DC3102F03AFC04F0E2FAB4F8802051
:10628000A4F8F2210023A4F82A3284F8F53102B0F0
:10629000BDE8F087032380F8DC31F8E70AF02EF838
:1062A000C4E98601F3E790F86900264F09F00FFA78
:1062B000B530D4F8E431A56995288CBF0020C0F131
:1062C0009600C218954288BFED1A7B798CBF2D1AB3
:1062D00000251BB9236B9D4228BF1D4604F13000E9
:1062E000D4F8B06108F0AEFE0644022004F02EFDA2
:1062F000AD1B25EAE575854228BF054602212846E3
:1063000004F06AFC00B92E44012340F245123146E4
:10631000204608F0F4FED4F8B031B860A069184403
:1063200004F038FC0028B2D140F2A3319CE702B05F
:10633000BDE8F04709F0DBB940F2ED7194E700BF2A
:1063400060CC0200D01300202DE970430C461546A6
:106350006ABB0246174994F8C80004F0C3FA20B992
:1063600040F2FD713020FBF715FE02F0ADF9D4E9E3
:106370004089064684F8D05084F810510121D4F8A1
:10638000CC00FEF795FAD4F8CC00C0E9848994F8E3
:10639000C83080F8F731C0E98889C0F82C6209F06C
:1063A00096FA02F0A3FBBDE8704304F049BA40F648
:1063B0001801D7E709F70000014B5880704700BF6C
:1063C000D0130020074A03461068D3F85120C0F8C4
:1063D0000320B3F85520A0F8072093F8501008F0D8
:1063E000A4BC00BFDC13002070B504460E466588CF
:1063F000407F15F00401134618BF04F15F013246D7
:10640000FEF782F94107054621D4C2070BD50123C7
:1064100084F85030607FFEF7DBF90368C4F8513030
:106420008388A4F85530AB0701D4012070BD094B17
:106430001868D4F85F30012184F85E10C0F8093084
:10644000B4F86330A0F80D3008F078FCEDE70020D8
:10645000ECE700BFDC13002038B5C38D0F4D0133CE
:10646000C3F30E03C385AB7C04462BB102F00AFCD8
:1064700001F030FD0023AB7400232B7194F87130D0
:106480002BB101212046BDE8384009F0F7BA637C02
:1064900013B1E28D9A42F4D20021F3E7DC1300201D
:1064A00010B5094C2379012B02D02379022B05D199
:1064B000A37C1BB102F0E6FB01F00CFDE069BDE836
:1064C0001040FFF7C9BF00BFDC13002070B5294C96
:1064D0002379012B07D02379022B04D040F65C41AD
:1064E0002D20FBF757FDA0B90125A37C1BB102F0BD
:1064F000C9FB01F0EFFC002D3AD0E06909F037FA52
:10650000002830D002F0A0FA236ABDE870409B68F2
:1065100018472168E26911F8095B02F15103E809A3
:1065200092F8502008F039FA0028DDD020680021C8
:1065300008F029FC0028D7D02379E069012B05D089
:106540002379022B02D040F63541C9E72379226A2C
:1065500003F180435269013B05F00F0152F82330EB
:1065600098470546C1E7E069BDE87040FFF774BF92
:1065700070BD00BFDC130020074A0346D06903B991
:1065800009B9FFF769BF1379126A03F180431269F1
:10659000033B52F823301847DC1300202DE9F04369
:1065A000032985B00546174607D14388980723D4A9
:1065B0000024204605B0BDE8F083428890F8703092
:1065C000D107DBB2F4D5002BF2D14FF00108DFF890
:1065D000D49099F81260C6B108F023FA08283870F0
:1065E00016D002AA0DF10701FEF764F838B940F69B
:1065F000D4612D20FBF7CEFC4FF00208E7E79DF8B1
:10660000070002A909F051F806463B78082B08D18B
:10661000D9F8001011F8030BC0F3801009F045F809
:106620000646D9F8001095F8572011F8030B05F12C
:106630005803C0F3801008F0B0F9D9F800100446F0
:1066400011F8030BC0F3801008F0E1F98146FEF762
:10665000D1F840B1B9F1080F1BD04846FDF756FFFD
:1066600080F00103D8B23A78082A14D01CB96C7FA4
:10667000A21A544254416A8853079AD4002897D1E9
:1066800076B9EC7C444518BF002C0CBF01240024D3
:106690008FE70020E7E780F001022240D4B2EAE76A
:1066A000344686E7DC1300202DE9F04F85B008233F
:1066B0000DF10702052104468DF80730FFF76EFF44
:1066C000064620B90026304605B0BDE8F08F744F6D
:1066D0003968FA7C11F8030B07F11403C0F380103A
:1066E00008F05BF980460028ECD13B68216A184627
:1066F00091F88E2010F8035B02EA551202F00102B5
:1067000081F88E20D3F80320C1F803208288A1F8F5
:1067100007201D46226A15F81F1BC1F380119170D6
:10672000D3F81F00029002A928790871D3F80F004E
:10673000D061587D1D7D000440EA0520DD7C2843A2
:106740005062B3F8190082F8728040F2E24909FB06
:1067500000F090619D7DC5EB451005EB800505EBD4
:1067600085056D009585B3F8170009FB00F0906270
:10677000B3F81B001084B3F81D00508493F8243044
:1067800003F01F005B0982F89A0082F87330256AD3
:1067900094F912A005F18E0008F023FA40F20113DB
:1067A000A5F868304FF0FF0B85F86AB0414605F157
:1067B0003000FEF79BFB51462846FEF7DFF8236AC0
:1067C00084F87B801A88A4F87C2084F899B04FF66E
:1067D000FF72A4F89A209A69B2FBF9F2A4F8922009
:1067E0001A8CA4F894205A8CA4F8962093F873205D
:1067F00084F89820227F9DF8070004F186015AB39F
:1068000094F85020012A27D194F8562002F0C002B3
:10681000402A21D1D4F85120C4F88620B4F855205C
:106820008A809A7884F87F20082803F1030504F110
:106830008C01D3F8033004F1800227D0C4F88C30E7
:10684000AB888B8004F17F01FDF734FF40B940F63F
:10685000BB312D20FBF79EFB0022C4F88620DFE72A
:1068600094F87F3043F0020384F87F3004F1720023
:106870000C4908F067FB0C4B206A1B6800223A7138
:10688000002B3FF420AF214698471CE7C4F8803026
:10689000AB8893800023C4F88C308B80E6E700BF80
:1068A000DC130020A3FB0000C0020020032973B505
:1068B000044604D0052952D0012002B070BD08233F
:1068C0000DF107028DF80730FFF768FE0028F3D0BE
:1068D000237C274D03B39DF8070094F8BE30DBB945
:1068E000237884F8BF30082804F1C10228D004F1CD
:1068F000C001FDF7DFFE20B940F64A712D20FBF7FD
:1069000049FB94F8C03043F0020384F8C0301949C1
:1069100004F1B60008F016FB2B68062204265A7014
:106920001E702046FFF74EFD286894F84020E16B6A
:1069300008F01AFA28682E7102F026F90020BCE748
:106940002868034613F8031BC1F3801184F8C010B4
:10695000D0F80310C4F8C1109B889380D7E7064B8A
:106960001B68002BEAD0984780F00100C0B2A4E772
:10697000DC1300208BFB0000BC020020F8B50446AD
:106980000F4619B300F12805284609F0EEFAA0B920
:1069900063881A072ED5284609F0FEFA06462846CF
:1069A00009F0E3FA301AC0B209F006FB474A9368CF
:1069B00003442846936009F0B4FA284609F0B6FA71
:1069C00001F0A8FF2179252001F0C6FE3F4E94F882
:1069D0005E2030680023037043706388103B0D2BEA
:1069E00064D8DFE803F05F635B0C63406363636359
:1069F000636363402046BDE8F840FFF72DBD0623E2
:106A00004370202303702046FFF7DCFC638823F0EB
:106A100008039BB2152B05D094F83820616B3068C1
:106A200008F093F9306802F0AFF80323217933714D
:106A3000002001F099FF054607B9F06063881B0745
:106A400004D509F0B6FA0544C4F8D8506388103B61
:106A50000D2B36D8DFE803F038352F2F352F35359D
:106A600035353535352F0C2343700346212103F886
:106A7000091B52B1D4F85F20C0F80920B4F8632094
:106A80009A80012108F05AF9BDE7A26DC0F80920EB
:106A9000B4F85C209A8094F85710F3E7062303704B
:106AA0004370B0E7022303700623F9E740F2366132
:106AB0002D20FBF76FFA21790120BDE8F84002F0A4
:106AC00007B940F6CF41F3E7F8BD00BFDC13002063
:106AD00038B54388102B044604D1BDE83840012165
:106AE000FFF74CBF0B4DAB7C23B101F0D9F940202F
:106AF00002F0BCF8286802F047F8608810F0040043
:106B000002D1217902F0E4F8002002F08DF801238F
:106B10002B7138BDDC130020024B0121D869FFF72F
:106B20002DBF00BFDC13002010B5134CA37C1BB19C
:106B300002F0A8F801F0CEF9E06908F018FF70B192
:106B40002379012B10D12379226AE069D26803F1FD
:106B50008043013BBDE8104052F823301847E069FC
:106B6000BDE81040FFF778BC2379022BEBD040F64C
:106B70005E312D20FBF70EFADC13002010B507481C
:106B8000037903F0FF0433B918222146043006F0DC
:106B900083F9204610BD0C24FBE700BFDC13002066
:106BA00010B5094C002323712060FFF7E7FF20B1E7
:106BB00040F2EF212D20FBF7EDF9236A13B940F2E3
:106BC000F221F7E710BD00BFDC130020014B024AA1
:106BD0001A627047DC130020A86E0000034B044AC1
:106BE0001A60044B044A1A60704700BFBC020020C0
:106BF000A9660000C002002049630000F8B5057DC9
:106C0000AF1E0446FFB2002D3AD0012F2DD800F15F
:106C1000580190F8570007F0FAFE0828064624D0DD
:106C2000FDF780FC10BB023D18BF0125012F8CBF72
:106C30000027012784F8505027776677FDF734FD49
:106C4000054603F0F9FD174B0022E5FB0301C4E9FB
:106C5000120184F85E2011462046FFF7C5FB70B98B
:106C600040F27A412D20FBF795F90826022D09D133
:106C700004F151010020FDF7E1FA80B90020F8BDD0
:106C80000826F5E7E37E002BF8D0D4F81530C4F8D9
:106C90005130B4F81930A4F855300125C6E7002565
:106CA000C4E700BF40420F00F0B5464E327985B0D0
:106CB000044602F0FF0312B90278FF2A04D140F61D
:106CC000B9112D20FBF766F93382B3607371B3718C
:106CD00080F871303C4B00933C4B01933C4B02934A
:106CE000336A68465B68039301F046FF01F078FD64
:106CF00001F0C8FF01F0EEF8364801F001FE04F1A2
:106D00002805354801F032FF284609F00AF92846DF
:106D100009F00CF901F0FEFD2179252001F01CFDA0
:106D200094F9120001F0E6FD04F13401206B06F045
:106D30009EFE04F13C010746206B06F0BFFE0546AF
:106D4000E7B194F82430CBB1B4F92E50ED43ED0FF8
:106D5000237F13B963885B0709D5D4E912126FF05A
:106D600000439A4208BFB1F1FF3F0ED1A5B9306888
:106D70000330FDF7B7FCB07405B0F0BD002DE7D0CF
:106D800094F82550002DDFD1E2E703F055FDD4E95A
:106D9000122390429941E9D3012229462046FFF768
:106DA00023FB50B1FDF780FC054603F045FD0B4B7E
:106DB000E5FB0301C4E91201D9E7002DD7D040F665
:106DC000F6117EE7DC130020296B0000CD64000083
:106DD00079650000D6BE898E5555550040420F009A
:106DE00073B50446FFF760FF00212046FFF7C6FD9C
:106DF000A36E0BB101221A606388DB0720D5002344
:106E0000104E256ACDE90033FF23F3746846FBF783
:106E1000B9FCA8B9009CA542F8D06A7A607A05F15D
:106E20000A0304F10A0107F0B8FD0028EED0A378A8
:106E3000F374D4F803007061034BB4F807209A8010
:106E400002B070BDDC130020F0130020024BD861AB
:106E50001B6A1B68184700BFDC13002043881B0710
:106E600010B5044611D5036A0A493C2280F87B20FC
:106E70001B88A0F87C30FF2380F899304FF6FF7311
:106E8000A0F89A30723008F05DF8FF2384F8713072
:106E900010BD00BFA3FB0000F5FB0000D16A00009D
:106EA000FBFB0000AD680000E16D0000A164000084
:106EB000196B0000986E00009C6E0000A46E00002C
:106EC0000138022808B503D9C3212F20FBF762F847
:106ED00013290A4B05D811290CD8102907D0D12124
:106EE000F3E71529FBD103EB4003D88801E033F821
:106EF000100008BD03EB40039889FAE7D6CB0200E7
:106F00000C4A1178034689B9906833B9B0F8581023
:106F1000828F91420AD8FFF721B993891B0707D5C1
:106F200090F88800073818BF01207047002070478C
:106F300001207047001400202D4AF8B594890346BB
:106F40001C43402B9068948104D10421BDE8F84093
:106F5000FFF712B9802B01D10521F7E703F00304F5
:106F6000032C04D140F6D6213120FBF713F813F09F
:106F7000020418BF1161DD0705D55161C9780629E2
:106F80000DD00B2917D02CB11169C97805291DD056
:106F90000B2927D09B0644BF08231370F8BD90F837
:106FA00087101829EFD1002600270121C0E9386792
:106FB00080F88B10E7E790F88710122901BF0021B5
:106FC00080F88B10012180F8C810DCE790F887105A
:106FD0001629DFD100240025C0E93A45012180F8B7
:106FE0008C10D7E790F887101129D3D10021F6E74C
:106FF0000014002073B504464068836F13F0300F0F
:107000000D4646D109891A2903D96B89B3F5A47FA6
:1070100006D2E978204602B0BDE8704008F0DFB83B
:10702000AA881A2AF5D9EE88B6F5A47FF1D300967E
:10703000303008F019F8184B9A8992070ED51B6961
:10704000DB78142B0AD16268936F43F010039367C7
:10705000204608F092F8002002B070BD636893F8F3
:1070600086201D2AEFD093F81B31002BEBD16368EB
:1070700093F81A31002BE6D16268936F114643F002
:107080002003936731F8300B02F59F72FDF792FFF2
:10709000DEE70120E0E700BF0014002037B504461A
:1070A00001A8FDF755F820B940F6BB013120FAF7E9
:1070B00071FF22220021019805F0EEFE019D0321BF
:1070C000284607F0ADFE2B7823F010032B700198B3
:1070D0002146FDF7C1FC019905482246FEF754F808
:1070E000FDF74AF810B940F6C501DFE703B030BD3F
:1070F00004140020264B70B59C6894F83E5294F816
:107100003F62002D3DD194F86810002E3BD194F8D9
:10711000693084F8681084F86930FF2384F86A3095
:107120001C4B1B680BB12046984794F82431012B67
:1071300001D0354303D018480021FCF7DBFE04F1F1
:107140003006304607F07EFF04F235110546204632
:10715000FDF7E2FE20460621FFF70EF8304607F065
:1071600071FF8542044610D203F0E4FD0146601B26
:10717000322838BF322003F02FFDB0FA80F04009EA
:1071800070BD2946C1E73346C3E70120F8E700BFD9
:1071900000140020D00200200414002010B5154B6C
:1071A0001B691979436893F88620092A09D193F855
:1071B00009218A4205D1002283F8862083F8C22063
:1071C00010BD9A6F12F0080406D022F00802BDE844
:1071D00010409A6707F0DBBFFF2905D1332283F8FF
:1071E000862083F83442EBE740F25C513120FAF715
:1071F000D1FE00BF00140020F8B50D79A5F10E03F3
:10720000DBB2152B04460DD8012606FA03F740F22F
:107210005122174208D14268152B92F8862028D0B7
:10722000082B08D00020F8BD024631462846BDE8AC
:10723000F84008F0C5BE212A01D02E2AF2D12046FE
:1072400007F092FF636893F88720222AEAD093F828
:10725000D92022F0010283F8D920626892F8D9304F
:1072600023F0080382F8D9301A212046FCF742FEA9
:10727000D8E7282AD6D1034B1B68002BD2D09847D9
:10728000D0E700BFCC0200202DE9F041A0F10E04B0
:107290000029E4B208BF1F21172C13460AD8012683
:1072A000A64040F251273E4207D116F4600F23D189
:1072B000082C07D00020BDE8F081BDE8F041002196
:1072C00008F07EBE546894F88620212A08D118461A
:1072D000FCF710FE002384F8863084F8C230E9E71A
:1072E0002E2AE7D194F88720A2F120010629F1D9AE
:1072F0002E2AEFD02A21EAE7054A1468002CD9D0BB
:107300000A46014618462346BDE8F041184700BF2B
:10731000C80200202DE9F7437F4D0646AC680028DF
:1073200040F0A480AB891A0724D594F80E31FE2BC7
:1073300004D140F2DF513120FAF72CFEFE2384F80D
:107340000E3194F887301A2B06D184F8C700281D17
:1073500007F01DFF84F8876094F88630202B33D027
:10736000332B3FD094F88830072B02BF02232B76B3
:1073700084F80E31AB89DB073DD4AB895F0700F1A0
:10738000AB80990740F1B280AB68012283F80F21EE
:107390002B69DF780D2F00F0A680112F00F0B1804F
:1073A000072F00F0B0803846FDF7AEFF03460028F7
:1073B00040F09A80FF2F40F0A880AA68332182F81D
:1073C000861082F8340291E094F88730A3F120020D
:1073D000062A05D92E2B03D0212384F88630C1E755
:1073E0002E23FAE7012384F83532002384F886300F
:1073F00084F8C230B6E7D5F80890D5F8148099F82B
:107400008730113B0B2B0BD898F80330023BDBB2D3
:10741000092B7DD840F2333222FA03F3D80777D50F
:107420004046FDF7FFFA98F8037020B939463B480B
:1074300007F0D5FE49E0012F01D9162F30D199F878
:10744000860007F0B9FE40B199F88630202B04D0B1
:10745000212B07D12E2389F886303846FDF742FFCD
:1074600003462AE0162F14BF022620262B781B077E
:1074700012D594F88730113B0B2B4BD9002501A96D
:1074800003200195FBF7F2FD019B2BB11D720C222D
:1074900001982146FDF7DAFC304603B0BDE8F083E1
:1074A000112F0ED005D8072F14D00D2FD5D11C4B7E
:1074B00008E0142FD1D11B4B1B681BB998F803109F
:1074C000B5E7194B69691548984700283FF455AF4F
:1074D0000646CBE7154BF5E794F88820062A04BF4B
:1074E00001222A764DE7124B0C489847AB89DA0601
:1074F000BCD594F887300A2BB8D10B2384F8873099
:10750000B4E70C4BF0E70C4BEEE740F2D25112E738
:107510000826ABE70820C0E7001400200414002070
:10752000FF000100C402002047010100F9710000C2
:107530008F000100AD0001009D7100002DE9F74FA3
:10754000B64F0E46B989BC688D0556BFB4F8B82051
:107550000023013204F1780A804646BFA4F8B8300F
:1075600084F8AF31A4F8B820504608F0B7FD30B128
:107570000B4604F5967221465046FEF771F8BB891A
:1075800003F4C0632BB194F88A30002B47D0032B4F
:107590004CD094F88A20BB89012A04D1180544BF35
:1075A000022284F88A20B8F1000F40F09580590635
:1075B0005DBFB4F8C821013292B24246A4F8C82196
:1075C00003F00A020A2A0DD13A69D278022A09D1B7
:1075D00023F008033046BB81FFF79CFE08233043AD
:1075E000C6B2BB813046FFF795FEBD6895F80E31F7
:1075F0003043FE2BC6B23CD1DEBB95F88830063B4B
:10760000012B36D995F81831ABB195F81931A5F899
:10761000BC6085F810310122022128462BE10121AE
:1076200084F88A102046FEF7A7FDB2E7022384F80B
:107630008A300121F6E795F88790A9F110095FFAE1
:1076400089F9B9F10C0F40F2ED80AB6FDA0702D582
:1076500032460921E1E7980740F1938032460C2138
:10766000284608F0FBFC95F8C93043F0010385F883
:10767000C930B4F8A83194F8AC510133A4F8A8315A
:10768000002D00F0FD81FBF7E3FC10B10023A4F80E
:10769000A83194F88A10012940F2278294F88830A2
:1076A000072B40F00582B4F8B830022B40F21D825F
:1076B000B4F8BA500135ADB2B4F880302B44A4F818
:1076C000A03194F8AD31002B00F013820123B4F8FF
:1076D00080201344A4F8A431BB89BD685B065FBF5A
:1076E000B5F8B431B5F8A6219B189BB248BF00236A
:1076F000A5F8B43195F8183123B995F88830063BD0
:10770000012B06D8B5F8BC30B5F8A6211344A5F86E
:10771000BC3095F8C21031B1B5F8BE30B5F8A6212D
:107720001344A5F8BE3095F9C620002AC1BFB5F8AC
:10773000C430B5F8A6011B18A5F8C43095F8A930D7
:1077400063B9B8F1000F40F065823B7E022B40F038
:10775000178295F81031062B18BF162395F8A8202C
:1077600022B92F4885F8A930FDF7E0FD284608F03A
:1077700023FD002384F8AB3103B0BDE8F04FFCF7E4
:1077800021BD590702D53246132146E71A0706D50F
:1077900095F8083185F81031324607213DE713F09E
:1077A000300F35D095F81B31002B4AD195F81A319E
:1077B000CBB195F88730252B05F58D7105F23E226A
:1077C00024D095F88630A3F1250043424341284652
:1077D00007F03CFCAB6F23F0200343F01003AB67D2
:1077E000002385F81A31AB6FDA062AD505F2351178
:1077F0002846FDF791FBB5F85230A5F81031B5F8E1
:107800005630A5F812310022152106E70123DEE7E4
:107810005B0616D500222421FFE600BF00140020DD
:1078200004140020D7F808B09BF88730113B0B2BCD
:107830000ED8DFE803F01D0D0D0D232C0D0D0D0DE1
:107840000D55B86890F88730222B4FD0312B4AD095
:1078500095F88630002B59D195F88730103B0C2BCA
:107860005CD995F8B630002B58D001221221D4E60D
:1078700000220B21584608F0F1FBFAE65846FDF7C6
:10788000C9FD00283FF4F5AE00220421F2E79BF881
:107890003032012B08D100220521584608F0DEFBCA
:1078A00000238BF83032E4E69BF83032022BD9B259
:1078B0007FF4DFAE9BF8C85025B106238BF810315A
:1078C0000022EAE703210622B34807F06FFC9BF889
:1078D000D83013F0040F2A460CBF0D211121DCE72C
:1078E00000220621C6E700221121C4E790F82431C6
:1078F000022B02D100221721BDE790F82431012B81
:10790000A6D190F82531002BF4D0A1E7092B05D1A1
:1079100095F8093185F8103101223EE7B9F10C0FD5
:107920007FF6A7AED7F8089099F886B0BBF1000FA4
:1079300040F08C8099F82B313BB101220E21484652
:1079400008F08CFB89F82BB1ADE799F82A3193B197
:1079500099F8C9B01BF003030DD101220C21484650
:107960004BF0010B019308F079FB89F8C9B0019B3A
:1079700089F82A3197E799F81A3133B399F81B310E
:107980001BBB99F88730252B09F58D7109F23E2232
:1079900019D099F88630A3F1250043424341484667
:1079A00007F054FB002389F81A31012214214846BC
:1079B00008F054FBB9F85230A9F81031B9F8563034
:1079C000A9F8123155E60123E9E799F82431012B92
:1079D0004BD199F82531002B47D199F88730A3F185
:1079E0002002062A41D92E2B3FD099F868000128A1
:1079F00006D0022804D04FF461710620FAF7CAFAC3
:107A000099F86910012901D00229F4D1022899F8C6
:107A100026210BD0012A14BF0022012242B90A3BC1
:107A2000042B13D901221621484624E7022AF2E743
:107A3000022999F8272116D0012A14BF0022012219
:107A4000002AECD054480021FCF754FA95F886300F
:107A5000002B7FF40EAE95F83432002B3FF409AEC4
:107A60000122FF21D9E5022AE7E74C4B1B68002BD6
:107A7000ECD049489847FE280146E7D00122D3E7D9
:107A8000FBF7E0FA08B1A4F8A851FBF7E9FA0028DF
:107A90003FF4FFAD94F8AF310133DBB2022B84F831
:107AA000AF3182BF0023A4F8A83184F8AF31F0E5EC
:107AB00094F8B6301BB194F886300F2B15D1B4F87A
:107AC000BA50B4F8B8305046ED1A033D08F006FB42
:107AD00068B1D4F8B030D4F8AC20033B9B1A9D4277
:107AE000A8BF1D46012D3FF7E6AD0125E4E52B4675
:107AF000F5E7012D7FF6EAAD94F8873013B10B2B33
:107B00007FF4E4AD94F88630002B7FF4DFAD94F879
:107B10008830002B7FF4DAAD02297FF4D7AD94F8DA
:107B2000AF31002B7FF4D2AD2069B4F82E9005F070
:107B3000FAFD00283FF4CAAD94F80E31FE2B7FF415
:107B4000C5ADB4F8A231012B7FF6C0ADB4F8A821C1
:107B5000238C9A42BFF4BAAD9B1A9BB2013DADB2E1
:107B6000B5FBF9F59D4228BF1D4619FB05F3003D05
:107B700003F1010318BF01259BB284F8AA51A6E5C1
:107B8000012B0DD195F88930002B7FF4E7AD002152
:107B90002846FEF7F1FAECE504140020D402002098
:107BA0005EB1F00634D4310734D4B20634D4B3070E
:107BB00034D140F65721312020E739B1B5F8BE1055
:107BC000B5F8C030994201D32223C7E5002A05DD6C
:107BD000B5F8C420B5F8C0309A42F5D2B5F8BC204B
:107BE000B5F8BA309A420AD295F88A20B5F8B8307A
:107BF00052B1B5F8BA209A42C9D80823AEE595F833
:107C00001831002BE0D1EFE7052BC0D93E23A5E5C5
:107C10001E23A3E53D23A1E523239FE52A239DE51C
:107C2000634B73B50025012604461E7198609D8143
:107C30001D701D76FF2380F8AB310088FCF782FAB7
:107C40002088FCF7A9FAB4F8A231E3B194F80E3118
:107C5000FE2B18D194F81831ABB194F88830063B5C
:107C6000B34210D994F81931A4F8BC50204684F8D6
:107C700010313246022108F0F1F984F8AA510220AD
:107C8000FFF70CFA03E094F80E01FE28F8D1B4F8DF
:107C9000A611B4F8A821E38D013989B2B1FBF3F341
:107CA0001344A4F8A831B4F8B83004F178060B44B2
:107CB000A4F8B830304608F011FA20B1D4F8AC304E
:107CC0000B44C4F8AC30B4F8A231012B9CBF013393
:107CD000A4F8A231002509B184F8AF5194F8873097
:107CE00084F8AA51A3F10A02012A1DD8B4F8803001
:107CF000B4F83C229B1A19042FD404F23E2104F15B
:107D00008E0006F06EFF84F88750FF2384F8C3309E
:107D1000B4F8A6212146304606F0A9FF98B34FF4E7
:107D20001E613120FAF736F9252B16D1B4F83C2222
:107D3000B4F880309B1A1A040FD484F88750FFF7E8
:107D4000D9F9014630B984F8240102B0BDE8704089
:107D5000FFF7F4BB84F82451DAE794F8863003F097
:107D6000FD03252BD4D1B4F88030B4F83C229B1A03
:107D70001B04CDD4002384F88630FFF7BBF90146FD
:107D80000028C5D1E1E70B4B0B49009303C90B4B0E
:107D90000B4AFBF739F894F88730113B0B2B04D8CA
:107DA00002B0BDE87040FBF727B802B070BD00BF5D
:107DB000001400203D75000004140020016F000035
:107DC000396F0000D0F844328269934210B50446FE
:107DD00004D1D0F84812026A914215D02288A4F842
:107DE0008A2140F2E242B3FBF2F3A4F88C31B4F8FA
:107DF0004832A4F88E31B4F84A320949A4F89031D7
:107E000004F5C07007F0A7F802212046FCF750FDEA
:107E1000002384F88730032384F88A3010BD00BF24
:107E2000EFF2000008B5FDF783F9024B024A1A6031
:107E300008BD00BFC4020020F56F0000064BD3F858
:107E4000000138B1D3F8040120B1D3F80801B0FA29
:107E500080F04009704700BF00F00040034B002253
:107E60001A705A7010229A70704700BF1B140020BD
:107E700070B50646022014460D4600F0ADF9064BDB
:107E800001221A70054B033CC3F81045C3F808657E
:107E9000C3F8045570BD00BF1B14002000F0004063
:107EA00008B5022000F098F9084B01221A70084B1F
:107EB0000022C3F80021C3F80421C3F8082103F508
:107EC00080334FF40002C3F8042508BD1B140020C2
:107ED00000F000400E4A08B5137883B10D4B4FF403
:107EE0000001C3F80815FFF7A9FF68B1012353701B
:107EF000094BD3F80034DBB2937000231370BDE854
:107F00000840002000F068B950701023F4E700BF6B
:107F10001B14002000F0014000F00040094B1A78CB
:107F200062B1094BD3F8002152B1D3F8040140B13A
:107F3000D3F80801B0FA80F04009704758787047CC
:107F4000022070471B14002000F0004008B5074BCA
:107F50001A783AB1FFF772FF30B1054BD3F800043D
:107F6000C0B208BD9878FCE71020FAE71B14002087
:107F700000F00040024B00221A705A709A7070474D
:107F80001E1400202DE9F041044601201E460F4634
:107F9000904600F021F904F0030040EA0643184D32
:107FA00018482E7143F08073C0F80435164BC0F8A2
:107FB00008751B68062B07D001331EBFD0F8183593
:107FC00068F30703C0F81835104B114AC3F80825A9
:107FD00014F0FB0F01BF0F4AC3F89825FC3AC3F811
:107FE0009C250122022C6A70EC7007D8054B2A7080
:107FF0000021C3F80011C3F800121A60BDE8F08137
:108000001E14002000F000408016002000F0014007
:108010000000020200F1004070B5194C637823B9EA
:108020004FF407713C20F9F7B5FF164BC3F80C1558
:10803000C3F81005E5780122A270C5B924780CB9FF
:10804000E321EFE7104CC3F804514FF40035C4F8B6
:108050000455D3F8006116B15A60C4F808550B787E
:1080600003704B78043343708B78837070BD0021AC
:108070002270C3F80411C3F800221A60F6E700BFAB
:108080001E14002000F0004000F001400E4A08B528
:10809000537823B94FF412713C20F9F77BFF0B4B57
:1080A000C3F80C150121C3F810059170127812B9AC
:1080B00040F20F11F0E70022C3F80421044B4FF007
:1080C0000072C3F8042508BD1E14002000F0004013
:1080D00000F00140084B1A784AB10849084AC1F833
:1080E00008250022C1F89825C1F89C251A700022A5
:1080F0005A709A70704700BF1E14002000F00140B3
:1081000000000202194B1B7870B523B940F28A2196
:108110003C20F9F73FFF164CD4F80431BBB90223D9
:10812000C4F80433134B144E1D691A6942F010024F
:1081300005F010051A61D4F804317BB125B90D4A58
:10814000136923F0100313610223C4F80833084BAA
:10815000D3F80004003818BF012070BD4FF400436D
:10816000C6F8803108F0A0FAE5E700BF1E14002031
:1081700000F0004000ED00E000E100E0014B0122D2
:108180009A60704700F0004008B50A4BD3F800250C
:10819000032A04BF01229A600022C3F80025C3F815
:1081A0000025FFF797FF044B4FF40002C3F80825A2
:1081B00008BD00BF00F0004000F00140054B4FF447
:1081C0000042C3F88020BFF34F8FBFF36F8FFFF7DC
:1081D000DBBF00BF00E100E010B50446FFF7D4FFAD
:1081E000012C06D0022C0CD054B18C213D20F9F783
:1081F000D1FE0B4B0222C3F800250A4AC3F814250E
:1082000010BD074B0322C3F80025064AC3F8142506
:1082100003F580334FF40002C3F80425F0E700BFF4
:1082200000F0004023140020044B1868062818BFF3
:10823000B0F1FF3F0CBF01200020704780160020E6
:1082400008B5FFF7F1FF38B1044B1868063810F194
:10825000080F94BF0020012008BD00BF8416002035
:1082600008B5FFF7E1FF38B1044B1868063810F184
:10827000080F8CBF0020012008BD00BF841600201D
:10828000064B0022C3F80021C3F80C21C3F81021CB
:10829000C3F80421C3F80821704700BF0010004054
:1082A000024B00221A809A701A7170473015002014
:1082B00038B5144D95F83D200346084622B940F6DE
:1082C000B2113E20F9F766FE6BB9012AAC6B95F846
:1082D0003C1005D100F082FE20442B6BC01A38BD43
:1082E00008F016F8F8E7012B0AD1012AAC6B95F8D3
:1082F0003C1002D100F064FEEEE708F014F8EBE762
:108300000020EAE73015002008B5094B012883F862
:108310002400084B06D0022808D040F6DC613E203D
:10832000F9F738FE0322C3F8102508BD0422FAE746
:10833000301500200010004008B5144B93F84A3067
:10834000D90720D59A070ED5114BD3F8002242F059
:108350000102C3F80022D3F8500500F0F6000238FD
:1083600018BF012008BD5B070DD50A4B0A4AC3F8A8
:10837000AC25A3F5B833D3F8403123B140F28A716C
:108380003E20F9F707FE0120ECE700BF3015002082
:108390000010004000F001400810004008B570B91E
:1083A000104B2831D96018460F4900F0BFFE01304C
:1083B000012816D940F66D013E20F9F7EBFD0128A2
:1083C0000CD1084B2931D9601846074900F0B4FE9A
:1083D0000130012805D940F67701EDE740F67B0131
:1083E000EAE708BD28000020F4CB020008B50C4BDA
:1083F0009B78012B09D100F0A5FE013001280ED990
:1084000040F604213E20F9F7C5FD022B07D100F00C
:108410009FFE0130012802D940F60A21F2E708BD8B
:1084200030150020094B0A4A1B8DB3F5166F3ABF71
:10843000A3F6381343F48073A3F5166300F07F00AE
:10844000C2F80835C2F85405704700BF3015002047
:108450000010004037B50D460446FFF755FF28468B
:10846000FFF7E0FF1B4A01AB92F925202946204681
:1084700000F0F6FD9DF8050000F070FE20B140F21E
:1084800055713E20F9F786FD9DF9040000F090FD3E
:10849000114A40F20313C2F8343540F25B63C2F86C
:1084A0003835FFF7CDFE90B14FF08053D2F88825D4
:1084B000D3F82033022C22F4FE420CBFC3F3066330
:1084C000C3F3062342EA0323034AC2F8883503B004
:1084D00030BD00BF301500200010004010B50C4624
:1084E000FFF712FF2046FFF79DFF0F4A0023C2F857
:1084F0001C31D2F8003243F48873C2F8003240F2E3
:108500000313C2F8343540F25B63C2F83835FFF725
:1085100097FE40B9FFF7A4FE28B9D2F8683543F4B6
:10852000C023C2F8683510BD00100040F8B5414CBA
:108530000D4616460746002847D10123A37023782D
:10854000012B2BD13C4B33F812304FF47A7203F5E8
:10855000FA73B3FBF2F3CD1A236B384A384E1D443D
:10856000384BC6F84055C2F8A835236C43F40023B5
:1085700023644FF40023C2F804352378002B47D13D
:1085800094F84A3043F0020384F84A30FFF7D4FEEF
:108590000446002843D100242046F8BD104694F834
:1085A0002610FFF757FF284B33F816304FF47A7236
:1085B00003F5FA73B3FBF2F3ED1A2378002BCBD15A
:1085C0001E4B224AC3F8AC25C6E701281BD1022363
:1085D000A3702378012B0AD11C4B0022C3F81C2165
:1085E000D3F8002242F48872C3F80022B4E794F86A
:1085F00026101046FFF772FF2378293D002BABD1E0
:108600000E4B134ADEE74FF413613E20F9F7C2FC2C
:10861000012BBBD194F84A3043F00403B4E70123A3
:10862000F364D6F84C35AB42B5DA29463846FFF745
:10863000B5FEB1E73015002072CC020000F0014019
:1086400000800040408100406CCC020000100040DF
:108650000410004008B560221148002104F01CFC01
:10866000FFF71EFE0F4B1B6823F004020A2A05D0F9
:10867000102B03D0082B0ED1402200E024220A4800
:10868000FF2104F009FC4FF080430022C3F8082EBC
:10869000C3F8102E08BD0D2BEED03822EFE700BF37
:1086A0003015002080160020000E0040024B0344CD
:1086B000187E00F516607047F4CB0200014B93F86A
:1086C0003C00704730150020024B986B1B6BC01AA2
:1086D000704700BF301500200A4B93F83C20D3E9C7
:1086E0000C30C01A084B03EB82031B6CC01A074BFB
:1086F00053F822304FF47A7203F2F313B3FBF2F320
:10870000C01A704730150020F4CB020060CC020084
:1087100008B50F4A92F83C10012906D0022914D05E
:1087200040F2C6213E20F9F735FC40F6B830D2E9D8
:108730000C239B1A074A02EB8102126C9B1A4FF41E
:108740007A72B0FBF2F0184408BD4FF4FA60EEE71D
:1087500030150020F4CB0200FF2808B504D940F200
:10876000E5213E20F9F716FC124B0129A3F8480039
:1087700004D0022919D040F24131F2E700230E4A19
:1087800043F4801340F0007043F4847340F44030AD
:10879000C2F81435C2F81805D2F8503503F0F703C3
:1087A000032B05D14FF45671DBE74FF08073E6E7FA
:1087B00008BD00BF301500200010004008B5FFF7CD
:1087C0003FFD50B1054AD2F8743723F0807323F08F
:1087D000010343F08073C2F8743708BD00100040F5
:1087E0003D4B022270B5C3F88020BFF34F8FBFF31B
:1087F0006F8F3A4A0023C2F8FC3F0123C2F8FC3FC6
:10880000FFF72EFD28B1D2F83C3743F48063C2F85D
:108810003C37FFF709FD58B1D2F83C3723F000434D
:1088200023F0FF0343F0004343F09603C2F83C37C4
:10883000FFF706FD294C38B1D4F8403723F47F43C5
:1088400043F4B053C4F84037254BC4F8783700F0F0
:1088500097FC38B14FF08053D3F830335A1C18BF0F
:10886000C4F84C374FF010231C4C1A6E1D4D531C8E
:108870001EBFD4F88C3562F31743C4F88C3501233E
:10888000C4F8303585F824300323C4F8103540F29D
:108890000123C4F850360226134BC4F80062187C3A
:1088A00000F074FC114B124AC3F804250023AB8777
:1088B000AB6385F84A3002F083FA074B2863102235
:1088C000C3F88061C4F804231E602B6E03B198477F
:1088D000BDE8704000F01EBC00E100E00010004068
:1088E0002C000089301500202800002000F00140F5
:1088F0000000020C014B83F8250070473015002062
:10890000034B020E0002C3F82425C3F81C05704770
:1089100000100040044B054A034482F826001B7EE9
:1089200003F5166313857047F4CB02003015002061
:1089300010B504460068FFF7E3FF094B6268C3F80F
:108940003C25207AFFF7E6FF617A6089FFF704FF94
:10895000607AFFF7D9FC034B227B83F8252010BDFA
:108960000010004030150020F8B5294C94F84A302A
:10897000DA0706460F4604D440F6BE013E20F9F75A
:1089800009FB244DD5F8002243F0020342F0010216
:10899000C5F8002284F84A3020BB012394F8261041
:1089A000A3703846FFF756FDA378012B02D040F69E
:1089B000CA01E3E7184AD3642B60174BD3F84C5530
:1089C00030462946FFF7EAFC236BED1AEEB9134B4C
:1089D00033F817304FF47A7203F5FA73B3FBF2F3FE
:1089E0005819F8BD0128E8D1022394F82610A37085
:1089F0003846FFF773FDA378022B02D040F6D20170
:108A0000BCE7054BDE646E60D7E705F12900E8E7B7
:108A10003015002000100040008000406CCC0200A7
:108A200008B5FFF783FD58B9064BC3F84005A3F519
:108A3000E04301221A610220BDE80840FCF726BA93
:108A400008BD00BF0080004037B5244B2449D3F84F
:108A5000044302224FF0FF30C3F80803C1F880211D
:108A60002049C3F80022002281F84A201E49C1F89B
:108A7000402501F5B8314FF46025C1F80855D3F809
:108A80005015C9B204F01004D1B18DF80700C3F835
:108A9000102101221A619DF8072012B1D3F810218C
:108AA0003AB19DF807305BB940F6F2113E20F9F774
:108AB00071FA9DF80720013AD2B28DF80720EAE753
:108AC000FFF794FC05490023C1F81031FFF7E8FBDC
:108AD00014B11023C1F8043303B030BD00100040BE
:108AE00000E100E0301500200080004038B51B4D4B
:108AF0000024C5F84845C5F84445C5F84045C5F8C3
:108B00004C45FFF7A1FF00F00BFB154B15491A6C04
:108B10001C6442F0446242F40032C1F80825C3E903
:108B20000D441C77104BC5F848450222C5F8444552
:108B3000C5F84045C5F84C45C5F84841C5F844411D
:108B4000C5F84041C5F84C41C3F88020BFF34F8FB2
:108B5000BFF36F8FC3F8802138BD00BF0080004095
:108B60003015002000F0014000E100E0014BC3F8A7
:108B70003C0570470010004010B50FC8014C84E858
:108B80000F0010BD9415002008B50B4BC3F8040569
:108B90000A4B93F84A20586442F0010283F84A20B5
:108BA000FFF7CAFB30B9FFF74FFFBDE808400320CD
:108BB000FCF76CB908BD00BF001000403015002064
:108BC000154B1A6B10449A6B824210B504D340F6D1
:108BD000A8213E20F9F7DEF9104A18620121197721
:108BE0005164D2F844450534844205D30C4BD3F884
:108BF000042102B9196110BD0021C2F84411C2F864
:108C000044051A6C42F480021A64064B4FF4800249
:108C1000C3F80425EFE700BF3015002000800040B6
:108C20000010004000F0014010B50E4C034694F8CF
:108C30003D0094F83C100222012822774FF0960064
:108C400094F824200BD100F0D5F9074A20620023C4
:108C5000C2F84431A36B0344C2F8443510BD00F0A0
:108C6000E3F9F2E73015002000800040044BC3F820
:108C70006005D3F8002242F04002C3F8002270479A
:108C800000100040054BD3F8002222F04002C3F848
:108C900000220022C3F86025704700BF001000408A
:108CA0000A4A0146D2F81C0182B068B1D2F84835B0
:108CB00003F07F035B420B700023C2F81C31D2F833
:108CC0001C310193019B012002B07047001000404D
:108CD0000022044B90421A7014BF02220122D97064
:108CE0005A70704730150020054B0022C3F840250C
:108CF000044AD2F85035DBB20BB10123136170473F
:108D0000008000400010004030B5044BD3E914450A
:108D10009B6DC0E900450B6030BD00BF30150020E1
:108D20002DE9F047954D964C0123EB64D5F84C2581
:108D3000236BB4F84870A2EB030802F047F8C4F8BC
:108D40005880C4E91401FFF751FB8E4B226CC3F825
:108D5000082500218C4A2164D2F8003223F48E7356
:108D600023F00103C2F80032237F84F84A1023B1B4
:108D7000D5F844315B1A18BF0123A17801290AD123
:108D8000D2F80C51002D43D17F4BD3F81031A3B151
:108D900045F0100511E0022938D17B4AD2F80C5178
:108DA000D2F80024003D18BF01256D00D10758BF3F
:108DB00045F0040533B345F00105FFF761FAEA0613
:108DC000A37803D5012B08BF45F020056B4A94F822
:108DD0000190D2F84815A163D2F8442584F83D30BB
:108DE00094F82430626384F83C30B9F1000F11D15B
:108DF000FFF756FA84F81C90EE0740F1A280636EEC
:108E0000984763E015F00B0FD7D1BDE70025BBE70E
:108E10000825D2E715F0110F0ED123792678B9F184
:108E2000010A18BF4FF0010A012B67D0022B7AD03C
:108E30002BB14FF4446169E0FFF706FEDCE79621B1
:108E40005046FFF735FA0146FFF72AFA012E74D192
:108E5000B9F1010F14BF252337239844884567D9FA
:108E60000220FCF713F8484B1E61A8076BD5FFF7EB
:108E7000E7F9E0B9FFF7F4F9C8B9434BD3F8503438
:108E8000D90114D51A0705D013F0F00F02D013F44E
:108E9000706F0CD13C4AC3F304410129D2F8542429
:108EA00005D1012A03D0C3F34253022BA7D9636C27
:108EB0005B78BB4288BF45F00405C5F3800080F0B5
:108EC0000100A36E314600F001009847A378022B01
:108ED00012D1237F83B1022B284A43D1A36B216A8D
:108EE0000B44C2F84435236C43F480032364254BC0
:108EF0004FF48002C3F80425BDE8F0872348FFF74C
:108F000017FD94F83D3023B940F6B5013E20F9F73E
:108F100041F8012B04D1FFF7FBFBA369C11893E7CC
:108F2000FFF7DAFBF9E71948FFF702FDA1698BE7C4
:108F3000124B26700022C3F84021E2785046FFF71A
:108F40006FFD002691E715F0280F05F0200105D0F0
:108F5000B1FA81F1E36E49093046B6E7EB06B5D5C3
:108F6000236F4DE7012B02D040F69F51CEE7236AD5
:108F7000A16B8B42B5D84FF45A61C7E7008000401F
:108F80003015002000F0014000100040381500208E
:108F9000024B03EB8003186C704700BFF4CB020058
:108FA000024B03EB8003D86C704700BFF4CB020088
:108FB000024BC0B2C3F80C05704700BF0010004060
:108FC000054B33F8113002384FF47A7203F2E7336D
:108FD000B3FBF2F31844704758CC0200044B4FF433
:108FE0007A7233F81130B3FBF2F30133184470474F
:108FF00058CC020038B51D460A4B33F8114003EB3C
:10900000820305359B681C4404F6B7344FF47A7329
:1090100003FB00441046B4FBF3F4FFF7B9FF25440B
:10902000284438BD58CC020070B50646084615469F
:10903000FFF7B6FF094B03EB85039C684FF47A7387
:1090400004F6B73403FB0644241A2846B4FBF3F4B1
:10905000FFF79EFF0530204470BD00BF58CC0200D2
:109060002DE9F04F264C87B0074698460D46164628
:1090700002F0F2FB2378BB42814611D16378AB4208
:109080000ED194F90230B3420AD1E378834207D17A
:10909000A388A8F8003094F9060007B0BDE8F08F67
:1090A0007B1EDBB2032B0DD8164A12F803A029460B
:1090B0000DF117033246504602F0D4FB38B141217E
:1090C000A92002E040F2FE410620F8F763FF03907A
:1090D00028469DF917B0FFF7E9FA039A0092034674
:1090E00052464146584600F03FF8B8F80030A071AB
:1090F000A38027706570A67084F80390CBE700BF4B
:109100004000002078CC0200014B1B681B68184708
:10911000D8020020014B1B685B681847D80200206A
:10912000014B1B689B681847D8020020014B1B6845
:109130001B691847D8020020014B1B685B69184760
:10914000D8020020014B1B689B691847D8020020F9
:10915000014B1B68DB691847D8020020014B1B68D4
:109160009B6A1847D802002030B4044C9DF8085080
:1091700024680295E468A44630BC6047D802002009
:10918000014B1878704700BFBC1C002010B50022AE
:109190000C49134640FA02F4E40744BFCA545C1C6D
:1091A00002F1010248BFE3B2042AF3D1054AFF24C9
:1091B000D118032B01D9107110BD013301F8014BF7
:1091C000DBB2F6E7C81C002008B5074801F0F6F945
:1091D000054800F039F801F099FE01F07BFE00F03F
:1091E000A1FC012008BD00BFCC16002008B501F08D
:1091F000C1F901F02FFF01F00BFFBDE8084000F0BE
:10920000ADBC00BF02F01EB801F00ABA10B5EFF312
:10921000108472B601F004FA04B962B610BD00BF42
:1092200001F010BA02F0ECB802F082B902F094B981
:1092300002F0E2B902F0E6B902F0A6B808B52721BB
:10924000032003F039FB00BF024B186000221A71A3
:109250009A607047D416002070B582B01E4C2379F6
:10926000012B11D0DAB2022A0BD1A0680DF107014F
:1092700000F08CFC0023A36023719DF8070002B06E
:1092800070BD012002B070BDA0680DF1070100F0B3
:1092900073FCA5686B7DDB07ECD5AB7F042BE9D0B5
:1092A00001F014FA06460028E4D001F015FA2A6904
:1092B000B3682E686D68961945F1000500220A33DF
:1092C00042F100021B1842EB0102B342AA41D1D382
:1092D000A06800F03FFDCDE7D4160020837F0BB1DE
:1092E0000020704710B50A684B688C68D1F80CC034
:1092F000C0F80CC08460026043600A694B69436136
:10930000012402618477054B1A792AB998601C718F
:1093100001F078F9204610BDFFF790FFD416002029
:1093200070B5044682B00D4601F0D0F9A37F012B41
:1093300017D02B686A68A9680646E868E060A160F3
:10934000236062606A692B69626101222361A277EE
:109350000DF10701204600F00FFC2EB1012002B0F4
:1093600070BD002002B070BD024B0421186807F0E8
:1093700042F9F3E7D416002070B5044682B00D46DA
:1093800001F0A4F9A37F012B1CD02B686A68A9689F
:109390000646E868E060A160236062606A692B6944
:1093A000626101222361A27720460DF1070100F0DE
:1093B000E3FB084C4EB12068062107F01CF90120A0
:1093C00002B070BD002002B070BD2068042107F01B
:1093D00012F9F0E7D4160020024B0621186807F0B6
:1093E0000AB900BFD416002010B5EFF3108472B68E
:1093F00001F06CF938B1064B0621186807F0FBF84C
:1094000004B962B610BDC921032003F055FA00BFAC
:10941000D416002010B5084B1A7952B9044698604A
:1094200002221A7101F0EEF8A07FB0FA80F0400934
:1094300010BDFFF703FF00BFD416002038B5837FAF
:10944000C3B1044609E0A37F042B09D0A37F012BFD
:1094500011D007F029F9A37F63B1A37F032BF2D1C9
:10946000EFF3108572B6204600F0AEFB05B962B688
:10947000A37F2BB938BD4FF48971032003F01CFA88
:1094800040F20D11032003F017FA00BF38B5194B55
:109490001A7962BB0446986002221A7101F0B2F890
:1094A000A37F5BB938BDA37F032B0BD0A37F042B15
:1094B00008D0A37F012B15D007F0F6F8A37F002B6F
:1094C000F1D1EFE7EFF3108572B6204600F07CFB98
:1094D00005B962B6A37F002BE4D040F20D11032042
:1094E00003F0EAF94FF48971032003F0E5F9FFF77F
:1094F000A5FE00BFD416002010B582B00DF1070103
:1095000000F044FB044601F0E1F810B1204602B03F
:1095100010BD40F22F11032003F0CEF970B50D46B7
:10952000044601F0D9F8A4680346E41841F10006A6
:1095300028463346224600F09FFBA04271EB06030B
:109540004FF000050CD3001B6FF0010361EB060127
:10955000834275EB010100D370BD4FF0FF3070BD49
:10956000284670BDF8B504460E46EFF3108572B676
:1095700001F0B2F8A468241841F1000730463B46D8
:10958000224600F079FBA04271EB07034FF0000682
:109590000ED3001B6FF0010361EB0701834276EBF2
:1095A000010102D305B962B6F8BD4FF0FF30F9E70B
:1095B0003046F7E72DE9F04185680C46002349194C
:1095C0005B4113B10020BDE8F0811746064601F06B
:1095D00083F82A1841F100033846A51843F1000822
:1095E00000F04AFBA84271EB0801EBD301F02AFE20
:1095F00000F0E8FAB368377523440120B360BDE892
:10960000F08100BF2DE9F843EFF3108872B684684B
:1096100063184FF000035B4133B10020B8F1000F35
:1096200000D162B6BDE8F88317460D46064601F044
:1096300053F8221841F100033846AC1843F10009F1
:1096400000F01AFBA04271EB0901E6D301F0FAFD2C
:1096500000F0B8FAB36837752B440120B360DDE73A
:10966000837F012B01D00020704700F019BC00BFA0
:10967000D0E90001704700BF0069704701F02CB8C5
:1096800010B5EFF3108472B601F026F804B962B693
:1096900010BD00BF80687047007D7047F8B5036952
:1096A000002B4ED1044601F0CDFD05460E4602F0DA
:1096B000DDFC78B3D4E90003643546F10006A84226
:1096C00073EB060223D3C4E90003EFF3108672B6EE
:1096D00000F0FCFF054698B100F0FEFFAB680022E9
:1096E0000B3342F100021B1842EB0101D4E90002E6
:1096F000834271EB02053CBF03461146C4E90031C9
:1097000006B962B62046BDE8F84000F04BBB2846DB
:109710003346D8E702F0C6FC074600F0F3FFB84234
:109720002168626838BF3846963546F10006401910
:1097300046F10003884273EB02053CBF084613461E
:10974000C1E740F2D511032003F0B6F8F8B5254C77
:1097500000222260EFF3108172B6636823606260BA
:10976000A26009B962B623686BB300259A79032A0F
:10977000A3F1180028D01F6877B3BA79042AA7F19B
:10978000180384464FF000060FD1818B9A8B521A32
:1097900012049A6944BF0CF11806184642B19C465F
:1097A000A2F118039A7F042AEFD09B7F032B15D1D7
:1097B00096B133681B683360C36885770221984788
:1097C0002368002BD2D1F8BD196853F80C2C9D7179
:1097D000216001219047F3E72760EDE763219F2097
:1097E00003F06AF8E01600202DE9F84F3A4B4FF0ED
:1097F0000008C2F80080D3F80CE0BEF1000F5ED084
:10980000AEF1180CE1469246D9F81850002D45D01B
:10981000DCF8004055F8186CDCF8042055F8147C8E
:10982000A64277EB0203A5F1180E50D3844272EBE7
:1098300001030BD2DCF810301B1942F100029842F0
:109840001C4671EB02033CBF04460A46864277EB96
:1098500001030BD255F8083C9B1947F100079842C9
:109860001E4671EB07033CBF06460F46DCF8083086
:109870000A3348F1000B1B1942EB0B029E4277EBB7
:1098800002020BD29CF8143015F8042C9A4209D02D
:109890000ED3F146D9F81850002DB9D1E6467046DE
:1098A000BDE8F88FAB88BCF81C209B1A1B04F0D5D0
:1098B00009F11803CAF80030D9F8183013B9704606
:1098C000BDE8F88FF446A3F1180EF146E2E7BF2198
:1098D0009F2002F0F1FF00BFE01600202DE9F043C9
:1098E000224EF4686CB30025A8460427AE462346F2
:1098F00053E906C2844572EB0109246823D253F868
:10990000089C19EB0C0C42F1000284458A411AD2E2
:10991000FDB12A6812682A609F71726883F800E0BE
:1099200083F801E083F802E083F803E07AB1B268DB
:109930001360B3604FF00108002CD8D1B8F1000FCC
:109940000DD1BDE8F0831D46002CD0D1F6E7736041
:10995000EFE7F268002ADFD01268F260DCE7044B20
:10996000BDE8F043187803F065B900BFE0160020A9
:10997000210300202DE9F04F684B0468D3F80C80D8
:1099800085B0054682838A464068B8F1000F00F032
:10999000BA800026A8F11802B446D2E900366F7DDD
:1099A0009C4270EB060107F00107C1462AD3F7B1CC
:1099B00092F814C0297D8C4519D89168C91846F1D0
:1099C000000311F10A0843F1000E444570EB0E0646
:1099D00057D22E69361940F1000CB0457EEB0C0BC6
:1099E00001D24646F4468E427CEB030C4FD393697A
:1099F000944673B1A3F11802D2E900369C4270EB91
:109A00000601D4D2C846002F00F085801346624676
:109A100002E0C846002F57D0AE68361940F1000961
:109A2000002B65D0CDE90082D3E9007116F10A0C54
:109A300049F10002BC458A4158D31A7D95F814C0FB
:109A4000944519D39A68D21941F1000112F10A081C
:109A500041F1000E444570EB0E0751D22F693F19BA
:109A600040F1000CB8457EEB0C0B01D24746F446A2
:109A700097427CEB010C0AD39B69002B36D0183B34
:109A8000D2E7264684468E427CEB030CAFD2234AB3
:109A90000423AB77516800232B766B76AB76EB769D
:109AA00005F118021D4B002933D09B681A601C4B2E
:109AB0001A4918788A6003F0BDF800258AF800502A
:109AC00005B0BDE8F08F9369294641F8183F9161D0
:109AD00003AA00210020FFF787FE2D1AB5FA85F5AD
:109AE0006D098AF8005005B0BDE8F08FDDE900820D
:109AF000002AE8D12B46094A43F8188FD360E7E7DC
:109B000027468446B4E76B7DDB07F3D542464346E0
:109B100082E75A60CBE76246EAE700BFE016002022
:109B20002103002010B50A4C2378FF2B0AD10948E5
:109B300003F056F8084B20700022DA605A609A60F1
:109B40001A8210BD4FF484719F2002F0B5FE00BF51
:109B5000210300204D970000E016002010B5054CB1
:109B60002078FF2800D110BD03F054F8FF232370A4
:109B700010BD00BF21030020034B1A8A02F1010C23
:109B8000A3F810C0F6E600BFE016002030B583B0A1
:109B900004460D4601AA00210020FFF725FE0346DA
:109BA000E31AB3FA83F35B0905482B7004F118013B
:109BB00006F047FD10B10023A377012003B030BDAC
:109BC000EC1600208AE600BF70B5154E7368054696
:109BD00000F11801BBB17368002423B913E01A68BF
:109BE0001C4682B113469942F9D10CB1AA69226090
:109BF0007268914204BF1B687360B36899420AD0CF
:109C00000023AB7770BD064806F01BFD0028F9D095
:109C10000023AB77F6E70023B460AB77F2E700BF31
:109C2000E016002030B5054683B00C46FFF756FE1F
:109C300001AA28462146FFF7D7FD28B1054B00F1C0
:109C400018025A6103B030BD024B02465A6103B09C
:109C500030BD00BFE016002010B5064C616904F16C
:109C60000C0006F0EEFC18B160690023183863613F
:109C700010BD00BFE01600201C49C96839B3A1F12E
:109C8000180C9CF8141081421DD870B5DCE9004115
:109C900012F10A0543F1000EAC4271EB0E0620D220
:109CA000DCF81060341941F10001AC4271EB0E0197
:109CB00015D2DCF8181071B1A1F1180C9CF8141031
:109CC0008142F6D8E2E7DCF818100029D7D14FF02E
:109CD000FF30014670474FF0FF30014670BD2C4603
:109CE0007146B4F10A0041F1FF3170BDE016002069
:109CF00010B5837F022B06D0837F012B02D0837F98
:109D0000042B1DD110BD437D13F0020313D1032199
:109D10000E4A81775468037600F118014376837602
:109D2000C3765CB193681960094B9160BDE810403F
:109D3000187802F07FBF0023837710BD5160F3E7EE
:109D40004FF4FB719F2002F0B7FD00BFE01600202A
:109D50002103002070B5114D00F11806044631466C
:109D600005F10C0006F06DFC98B10423A3776A6836
:109D7000002323766376A376E37642B1AB681E6058
:109D8000074BAE601878BDE8704002F053BF6E60BC
:109D9000F6E74FF400719F2002F08EFDE0160020E0
:109DA000210300202DE9F04F066983B0002E70D109
:109DB000D0E900158368077DEFF3108472B6DFF8F1
:109DC000DCC0DCF80C20002A5CD013F10A0EBCF8D1
:109DD0001080CDF8048046F10006183AB046D2E96A
:109DE000003611EB0E0A45EB08099A4579EB060C93
:109DF00048D38B4276EB050C28D3D2F810C01CEB6D
:109E0000030C46F1000BD4457BEB090B34BF4FF03C
:109E1000010C4FF0000CBCF1000F13D092F814C0ED
:109E2000BC4526D034BF4FF0010C4FF0000CBCF104
:109E3000000F07D013F10A01936846F10005591885
:109E400045F100059269EAB1183AC8E7D2F808A0CE
:109E500013F10A0C46F100091AEB0C0C49F1000948
:109E6000614575EB090934BF4FF0010C4FF0000C50
:109E7000D1E7B2F81CC0DDF80490ACEB090CCCF3D0
:109E8000C03CD4E704B962B6C0E9001503B0BDE830
:109E9000F08F40F21F219F2002F00EFDE0160020FF
:109EA00070B5054682B00C4601AA00210020AE8B99
:109EB000FFF79AFC0346EB1AB3FA83F35B091048E9
:109EC0008DF8033005F1180106F0BBFB98B10023B3
:109ED000AB77A446BCE80F002C460FC49CE80300F7
:109EE000324684E8030028460DF10301FFF742FDE6
:109EF000012002B070BD40F24A219F2002F0DCFC3C
:109F0000EC160020024B0521186806F074BB00BF58
:109F1000F8160020042970B512D00CD905292ED1CD
:109F2000194E757905F0FD05012D11D040F2BF11D4
:109F3000B02002F0C1FC0239012920D8002070BDF8
:109F4000FFF78AF90028F9D00F4B01221A71F5E7C3
:109F50000446B0790028E9D1B3689847D6E90401EE
:109F6000B3690A4AB571323841F1FF31C01841F185
:109F7000000101F0F1F8064B2360022070BD40F2B1
:109F8000C911B02002F098FCF8160020059F0000CF
:109F9000F5A20000054BD86910B1C3680621184727
:109FA00010B540F28D21B02002F086FCF81600209A
:109FB0002DE9F8431646002B6AD0D3E90089804585
:109FC00079EB01033CBF89468046474F04460D4666
:109FD00040464946C7E9088901F08AFB3B8DB8EB4A
:109FE000040403F1640369EB05050022A342AA41BE
:109FF0000FDBBB6903F5E1739C4275F1000519DACB
:10A000003A4A4046494601F0A7F8394B3360BDE86B
:10A01000F883BA797B791AB39A1E012A1AD9B969D9
:10A020000022012B01F5E171BA7144D08C4275F127
:10A030000005E5DB01F068FB02F012F8BB692B4A72
:10A04000B8EB030069F1000101F086F8294B336099
:10A05000BDE8F883BB68012098470023BB717B797A
:10A06000BA69012B02F5E172114624D0032BDDD130
:10A07000944275F1000522DA388D1C4AB8EB0000D5
:10A0800069F1000101F068F81B4B3360BDE8F8830B
:10A09000154FBB791BB17B79023B012B20D90023E3
:10A0A000BB7101F031FB01F0DBFF01F023FB134B2F
:10A0B0003360BDE8F8838C4275F10005DCDB01F00C
:10A0C00023FB01F0CDFF388DBB698342B7D2B8EBDB
:10A0D0000000064A69F1000101F03EF8084B95E7DF
:10A0E000BB6801209847DAE7F8160020059F0000BA
:10A0F000F5A40000A5A3000005A1000045A40000F0
:10A1000075A40000042970B5044612D00CD90529A5
:10A1100031D11B4E757905F0FD05012D1DD04FF491
:10A120000D71B02002F0C8FB0239012923D80020AC
:10A1300070BDFFF791F80028F9D001F071F801F037
:10A1400081F806460D46FFF76DFD22460346294677
:10A150003046FFF72DFF022070BDB0790028DED118
:10A16000B3689847D6E90801064AB57100F0F4FFD4
:10A17000054B2360EFE74FF40F71B02002F09CFB1A
:10A18000F8160020059F0000F5A4000002392DE913
:10A19000F04104292DD8DFE801F00309292C0C0037
:10A1A000164A5379003B18BF012393710020BDE884
:10A1B000F081044600F09CFF01F044F80E4607468B
:10A1C000FFF730FD0D4D8046E869FFF791FD22460F
:10A1D000384631464346002400260027C5E9086773
:10A1E000EC61FFF7E5FE0220BDE8F081FFF734F8EF
:10A1F000DCE740F2EF11B02002F05EFBF816002021
:10A200002DE9F04F364E96F80690B56983B080463A
:10A21000B9F1000F32D1737903F0FD03012B3ED069
:10A2200001F010F8431941F1000204460F461846A8
:10A23000114601930092FFF7F5FC00283BD0D0E9CE
:10A2400000ABAA457BF10001DDE9002319D2002013
:10A250000146C6E90832234A00F07EFF50465946BF
:10A2600001F046FAB9F1000F02D0338D9D421CD0A7
:10A270001D4BC8F8003003B0BDE8F08F4FF0000967
:10A28000CEE7BAEB05006BF10001844277EB0103E6
:10A290003CBF04460F46631947F10002D9E7328DEF
:10A2A0009542994638BF1546BAE7104BC8F80030BA
:10A2B00003B0BDE8F08FB3791BB17379023B012B7A
:10A2C00009D90023B37101F015FA094BC8F8003021
:10A2D00003B0BDE8F08FB36801209847F1E700BFF5
:10A2E000F8160020059F0000A5A3000075A400003B
:10A2F00045A40000023970B503294AD8DFE801F00F
:10A3000005022407254B00221A71002070BD044667
:10A3100001F002FA08B3214D2E796EBBFFF79CFCC9
:10A3200050B3E861C5E90B6600F0D6FEE869022388
:10A3300083773146C3689847D5E90801FFF742FCA7
:10A34000174B2360022070BDFEF786FF0028DCD08B
:10A35000124B01221A710020D8E700200021FFF7DC
:10A3600061FC08B1FFF7F6FC01F0CEF901F078FED0
:10A370002046FFF745FFE5E700F064FF06460D467F
:10A38000FFF750FC2246034629463046FFF710FEF1
:10A39000D8E740F2A511B02002F08EFAF81600209E
:10A3A0008DA10000042938B5044621D01BD9052908
:10A3B0003BD1204D01F0A0F901F04CFE6B7903F088
:10A3C000FD03012B1ED000F03DFFAB691A4A323B62
:10A3D00065EB0505181845EB010100F0BDFE174BB4
:10A3E0002360022038BD023901291ED8002038BD63
:10A3F000FEF732FF0028F9D000F012FF2046FFF7E9
:10A40000FFFEEEE7AB79002BDDD100F01BFF2A8DBC
:10A41000AB699B1AC5E904011818074A41F100010C
:10A4200000F09AFE064B2360DBE740F26B11B02090
:10A4300002F042FAF8160020059F0000F5A2000085
:10A44000159F0000032910B506D801290AD840F24B
:10A450001711B02002F030FA0429F8D10446FEF7B3
:10A46000FBFE08B9002010BD2046FFF7C9FE022000
:10A4700010BD00BF042970B5044612D00CD90529BF
:10A480002CD1194E757905F0FD05012D14D040F23F
:10A490003311B02002F010FA023901291ED8002031
:10A4A00070BDFEF7D9FE0028F9D000F0B9FE2046B5
:10A4B000FFF7A6FE022070BDB0790028E7D1B3688F
:10A4C0009847B369306A716A084AB571C01A61F178
:10A4D000000100F041FE064B2360EBE740F23B1128
:10A4E000B02002F0E9F900BFF8160020059F000037
:10A4F000A5A30000042970B504461FD019D9052969
:10A500002FD1FFF7A9FBF8B1184D0026E861C5E986
:10A510000B6600F0E1FDE869022383773146C368EA
:10A520009847D5E90801FFF74DFB114B2360022046
:10A5300070BD0239012914D8002070BDFEF78CFED1
:10A540000028F9D000F06CFE00F07CFE06460D46B7
:10A55000FFF768FB2246034629463046FFF728FDF1
:10A56000E5E740F21721B02002F0A6F9F816002026
:10A570008DA1000010B5EFF3108472B60B4B0C4A9E
:10A580001B681B6893420DD00A4A93420AD00A4ABC
:10A59000934207D001F0B8F801F062FD01F0AAF88B
:10A5A00000F03EFE04B962B610BD00BFF8160020F0
:10A5B00045A4000075A40000A5A3000010B5054A3D
:10A5C000054C026000232060637101F06BFD3230A6
:10A5D000A06110BD45A40000F816002008B5074B87
:10A5E000074A19680968914202D13230986108BD62
:10A5F00040F27221B02002F05FF900BFF81600208F
:10A6000045A4000010B5EFF3108472B6034B04218B
:10A61000186805F0F0FF04B962B610BDF816002006
:10A6200008B5064BDB6923B1BDE80840044A00F0D9
:10A6300093BD40F29321B02002F03EF9F8160020BD
:10A64000959F000008B5064BDB691BB1BDE80840CB
:10A6500000F0E6BD40F29921B02002F02DF900BFD4
:10A66000F816002008B5054BDA690AB1D86208BDB2
:10A6700040F29F21B02002F01FF900BFF816002021
:10A6800008B5054BDA690AB1186308BD40F2A52187
:10A69000B02002F011F900BFF8160020044B1B6B2C
:10A6A00003B1184710B540F2AB21B02002F004F915
:10A6B000F8160020044BDB6A03B1184710B540F2CE
:10A6C000B121B02002F0F8F8F8160020014BD8694B
:10A6D000704700BFF816002008B5054BDA6912B1C3
:10A6E000D3E9080108BD4FF42F71B02002F0E4F85F
:10A6F000F8160020024B323158719A601985704764
:10A70000F8160020044A537903F0FD03012B0CBF17
:10A71000108D0020704700BFF8160020054B1B6805
:10A720001BB1D3E908200521104710B5762145203B
:10A7300002F0C2F830170020054B1B681BB1D3E9AB
:10A7400008200421104710B57021452002F0B4F80C
:10A75000301700202DE9F0412A4E2B4A06F108035C
:10A76000C31ADB1002FB03F305460F46DBB206EB10
:10A7700043045A0094F80835C9B93368ABBBD6F81E
:10A780004835B3BB06F5A163134430601F48C6F8D3
:10A790004835FFF767FF1E48FFF772FFD6F84835C8
:10A7A0005BB3FEF76BFF94F8093580462BB9D5E90A
:10A7B00008303946BDE8F0411847FEF733FD18F17F
:10A7C0002008A8EB0000C6F84C0500F08BFD00281F
:10A7D000FBD0104B0022C3F8A8253946C3F8AC259E
:10A7E000D5E90830BDE8F04118478E21452002F038
:10A7F00063F88F21452002F05FF84FF4F671452091
:10A8000002F05AF830170020CDCCCCCC39A700008C
:10A810001DA7000000F00140FFF724BFFFF730BF85
:10A82000044B0021402203F5A1601960C3F84815CC
:10A8300002F032BB30170020FEF7E4BC704700BFC7
:10A8400008B5084B1A684AB1002107481960C3F8D7
:10A850004815D060BDE80840FEF7BEBDC1214520C7
:10A8600002F02AF83017002055A700001F280AD848
:10A87000064B03EB400393F8082522B1002283F82E
:10A880000825012070470020704700BF30170020C6
:10A8900070B50023114C0D4602E00133202B19D076
:10A8A00004EB430C9CF8082502F0FF01002AF4D1C8
:10A8B000DEB2FF228CF8082503EB830304EBC3040C
:10A8C000C4E90A050648202200EBC30002F0E4FABE
:10A8D000304670BD1E46304670BD00BF30170020A8
:10A8E000381700201F2812D810B40A4B03EB40047D
:10A8F00094F8084544B100EB800003EBC003C3E9C2
:10A900000A12012010BC7047002010BC70470020C4
:10A91000704700BF3017002030B50A7887B0002399
:10A92000CDE90033CDE90233CDE904330D460446C9
:10A93000002A3ED1D1E90401203841F1FF316B7A80
:10A940009DF815200191C3F340035B0022F0030240
:10A9500043F0010313438DF815306B68174A297AC9
:10A960008DF8141020330293154B03935368009015
:10A97000C3F308038BB1103B5BB2002B13DB03F175
:10A98000604303F5614393F800335B092BB96946D3
:10A990002046FEF7C5FC07B030BD69462046FEF7ED
:10A9A0009DFC07B030BD03F00F031A44137D5B0913
:10A9B000ECE7FEF727FC2B690493C0E700ED00E00D
:10A9C00055A700001F285CD830B5044687B0344A2C
:10A9D00002EB400292F8083513B9002007B030BDF1
:10A9E0004B7A0D46C3F3800181F0010182F809150D
:10A9F0000022CDE90022CDE90222CDE904222A7805
:10AA0000002A46D128696969203841F1FF319DF853
:10AA100015200191C3F340035B0022F0030243F0D1
:10AA2000010313438DF815306B681E4A297A8DF89F
:10AA30001410203302931C4B039353680090C3F30C
:10AA40000803A3B1103B5BB2002B1CDB03F1604396
:10AA500003F5614393F800335B0943B9134804EBF2
:10AA60008404694600EBC400FEF75AFCB6E70F48C1
:10AA700004EB8404694600EBC400FEF72FFC07B02A
:10AA800030BD0020704703F00F031A44137D5B09AB
:10AA9000E3E7FEF7B7FB2B6904936B7AB7E700BFD8
:10AAA0003017002000ED00E055A700003817002007
:10AAB0000D4A5368C3F308036BB1103B5BB2002B24
:10AAC0000BDB03F1604303F5614393F800335B094B
:10AAD0000BB9FEF711BDFEF79DBC03F00F031A443E
:10AAE000137D5B09F4E700BF00ED00E0124A5368F4
:10AAF000C3F3080393B1103B5BB2002B15DB03F1EA
:10AB0000604303F5614393F800335B0933B90B4BA2
:10AB100000EB800003EBC000FEF7EEBC074B00EB40
:10AB2000800003EBC000FEF775BC03F00F031A446E
:10AB3000137D5B09EAE700BF00ED00E03817002055
:10AB400010B5027886B0FAB9D0E9043104464068FD
:10AB50000592203B00F1200041F1FF31009302906B
:10AB6000237A8DF814306846CDE903220191FEF76F
:10AB700095FDDDE9003220334FF0010042F1000283
:10AB8000C4E9043206B010BD4FF4AA71452001F0AB
:10AB900093FE00BF0C4BD3F8483510B573B1044693
:10ABA000FEF76CFD20344FF0000343F10003201842
:10ABB00043EB0101FEF728FB012010BD4FF4F671B5
:10ABC000452001F079FE00BF3017002008B54FF492
:10ABD000BA71452001F070FE10B50B4C0A46D4F84E
:10ABE000481559B1034619462068FEF7E3FC08B939
:10ABF000022010BDFEF714FB002010BD40F27911B9
:10AC0000452001F059FE00BF3017002010B51D4C43
:10AC10006368C3F3080386B053B3103B5BB2002BE9
:10AC20000A4628DB03F1604303F5614393F80033E0
:10AC30005B09EBB91169547A203900915169CDE96A
:10AC40000433C4F340045368127A8DF8142041F1A0
:10AC5000FF310D4A01916400203344F0010469463C
:10AC6000CDE902328DF81540FEF7FAFC06B010BDB2
:10AC7000002006B010BD03F00F031C44237D5B09C8
:10AC8000D7E700BF00ED00E055A700001F2805D85A
:10AC9000244B03EB400393F808350BB900207047B1
:10ACA0000A4621494B68C3F30803002BF6D0103B3A
:10ACB0005BB2002B2FDB03F1604303F5614393F894
:10ACC00000335B09002BE9D110B5D2E9044186B00D
:10ACD000CDE9043392F809C0144B00EB8000203C0E
:10ACE00003EBC000CCF3400C5368127A8DF81420AB
:10ACF00041F1FF310E4A01914FEA4C0C4CF0010C2E
:10AD000020336946CDE9023200948DF815C0FEF774
:10AD1000A7FC06B010BD03F00F0319440B7D5B09BF
:10AD2000D0E700BF3017002000ED00E0381700200A
:10AD300055A70000044BD3F8482512B11868FEF758
:10AD4000ABBC0220704700BF30170020024B014609
:10AD50001868FEF7E3BB00BF30170020FEF76EBB9C
:10AD60001F2808B50ED80C4B03EB400292F80825BB
:10AD70006AB1083300EB800003EBC000BDE8084077
:10AD8000FEF75CBB40F2E511452001F095FD4FF464
:10AD9000F371452001F090FD3017002008B5074BF6
:10ADA000D3F848352BB1FEF769FC203041F10001A2
:10ADB00008BD4FF4F671452001F07EFD30170020EC
:10ADC000014BD3F84C05704730170020FEF72EBA20
:10ADD000704700BFFEF728BAFEF72ABAFEF72ABA74
:10ADE00008B5FFF787FC002008BD00BF00F0AABC33
:10ADF00010B50C7886B064BB0492D1E90432059496
:10AE0000203B164C009342F1FF324B7A019200EB4B
:10AE1000800E04EB40020834C3F3400C04EBCE0078
:10AE2000C3F380034C68097A8DF8141083F0010392
:10AE30000B4982F8093520344FF00002CDE9024178
:10AE40006CF3410269468DF81520FEF747FA06B00B
:10AE500010BD40F23121452001F02EFD30170020B9
:10AE600055A7000070B4EFF3108672B617490D783D
:10AE7000ADB1174BD3F80445D3F848314FF6FF7204
:10AE800094421FD0E3B147F6FE739C4218D84B683A
:10AE9000013306B962B6C0E9004370BC70470C4A82
:10AEA000D2F80445D2F8043153B14B6801334B60FA
:10AEB000C2F80451D2F80445D2F80431002BF4D181
:10AEC0004B68E6E7002BFBD11C46F9E7801C00200D
:10AED00000B0004010B50A4C002222742277094BC2
:10AEE000094801215960C3F84025C3F840214FF4B7
:10AEF00000221961C0F8082501F0EAFE206210BDA9
:10AF0000801C00200080004000F001403749384B91
:10AF1000F0B44D6A374C002201204A6058609860B6
:10AF2000C3F80843C3F84843C3F80421C3F84021D9
:10AF3000C3F84421C3F84821002D55D02E4C2F4E84
:10AF4000C4F8A8652E4AC4F8AC55C4F85C394FF46F
:10AF50000023C4F804350523C2F840351060D2F848
:10AF60004031002BFBD02448002301244FF400255E
:10AF7000C0F808555460D460C2F84031C2F840357A
:10AF8000C0F8A835C0F8AC35C0F8AC350B7833B391
:10AF900091F82840184816491A4E1B4DE30003F15A
:10AFA000804303F5F8330122A2404FF6FF774FF4B8
:10AFB0008024C0F80825C1F84443C1F84875C1F899
:10AFC0000443C3F81065C3F81455C0F804250F4BAB
:10AFD0004FF40062C3F88021F0BC1A607047044B44
:10AFE0000222C3F80423F2E71860CFE7801C002098
:10AFF00000B000400200070000F001404081004026
:10B000000080004048B1004008B0004000E100E08E
:10B010000D4B0E4A30B4012000210D4C58604FF406
:10B020000025C3F84015C3F840114FF48071186132
:10B03000C4F80855C2F88011C2F88010BFF34F8FD2
:10B04000BFF36F8F30BC70470080004000E100E02C
:10B0500000F0014030B41B4A1B4C1C4D1C4800231F
:10B060000121636051609160C2F80853C2F84853EF
:10B07000C2F80431C2F84031C2F84431C2F8483154
:10B080002278C0F8A835C0F8AC3572B194F8282001
:10B090009140D20002F1804202F5F832C2F8103538
:10B0A000C2F81435C0F8081523700A4B4FF400623B
:10B0B000C3F88021C3F88020BFF34F8FBFF36F8F99
:10B0C00030BC704700B00040801C00200200070028
:10B0D00000F0014000E100E0044B4FF080411A6AAB
:10B0E0000123C1F808351360704700BF801C0020A1
:10B0F00010B4144C1449154A0023C4F8A835012093
:10B10000C4F8AC354FF0FF3448600861C1F808431B
:10B110000F4891684FF48074C0F8804141B10D49E7
:10B120004FF48030C1F808031374C1F840319360C4
:10B13000126A10BC4FF080410023C1F8083513603B
:10B14000704700BF00F0014000800040801C0020DC
:10B1500000E100E000B0004070B52E4CA36888B05C
:10B16000002B51D10DF10B03009304ABA26003AA95
:10B1700001F040F89DF80B300F2B06D9DDE90432C1
:10B18000013342F10002CDE9043206A8FFF76AFE5E
:10B19000069B2678079800220533DDE9041542F165
:10B1A0000002B6B94FF08076E0FB0632994275EBAB
:10B1B000020220D30B0E43EA052321F07F41164AF9
:10B1C0004FF48030C2F84015E360C2F8040308B0C1
:10B1D00070BD4FF48036E0FB0632994275EB0202F7
:10B1E00009D30B0C4FF6FF7289B243EA05430029DD
:10B1F00008BF1146E3E7FF232374084B4FF40062B6
:10B20000C3F8002108B070BD40F26121052001F0B3
:10B2100053FB00BF801C002000B0004000E100E0B4
:10B22000064B9A684AB106494FF48032C1F80823A8
:10B2300000221A74C1F840219A607047801C0020D7
:10B2400000B0004038B5EFF3108572B621490C7894
:10B25000BCB1214BD3F80405D3F848314FF6FF7247
:10B2600090422ED05BB347F6FE73984227D84C68C5
:10B270000134CDB100F07AFF184D0021E4FB050147
:10B2800038BD154AD2F80405D2F8043153B14B68E1
:10B2900001334B60C2F80441D2F80405D2F80431FE
:10B2A000002BF4D14C681DB962B60B78002BE1D1AC
:10B2B0000B4D00F05BFF0021E4FB050138BD4C683D
:10B2C000D7E7002BFBD14C680DB92846ECE7034DBE
:10B2D0001846EEE7801C002000B0004080841E006D
:10B2E0000080841E70B5EFF3108672B6224C217870
:10B2F00091B1224BD3F80405D3F848314FF6FF72D1
:10B30000904230D06BB347F6FE73984229D86568F7
:10B310000135A6B11A4E17E0184AD2F80405D2F842
:10B32000043153B1636801336360C2F80411D2F889
:10B330000405D2F80431002BF4D165681EB962B659
:10B340002378002BE6D10F4E00F010FFD4E90C1249
:10B350000023E5FB0603884293412CBF0120002017
:10B3600070BD6568D5E7002BFBD165680EB9304626
:10B37000E5E7034E1846E7E7801C002000B00040D8
:10B3800080841E000080841E194B1A4810B50122CB
:10B3900000214FF400245A60C3F84015C3F840114F
:10B3A0001A61C0F80845D3F8040520F00300C3F87B
:10B3B0000405D3F8080540F003001021C3F8080580
:10B3C00091FAA1F1B1FA81F109290CDC0A48C3F81C
:10B3D00010154FF48074DA60C0F8804104605A6040
:10B3E000DA601A6010BD05484FF4737101F05AFA23
:10B3F0000080004000F0014000E100E040D8020081
:10B400002DE9F047444D454E012100234FF4002221
:10B4100084B06960C5F84035C5F840312961C6F887
:10B420000825D5F8042522F00302C5F80425D5F82F
:10B43000082542F00302C5F80825102292FAA2F26C
:10B44000B2FA82F2092A62DCC5F81025344ADFF824
:10B45000D480E9604FF48070C2F880011060324AF5
:10B460006960E960C6F8A82598F80020C6F8AC55D0
:10B4700002A85AB3019304E00123C6F808A56B6043
:10B48000EB60FFF7EFFCDDE90243DDF804904FF4D9
:10B49000002A4FF48037C6F804A5E3FB0749FFF7FD
:10B4A000E1FCDDE902320199E2FB0731494508BFC1
:10B4B000A342E1D1601C49F1000100F065FE0246A3
:10B4C0000B46C8E90C2304B0BDE8F087019204E004
:10B4D0000123C6F808A56B60EB60FFF7C3FCDDE94C
:10B4E0000243DDF804904FF4002A4FF08077C6F84D
:10B4F00004A5E3FB0749FFF7B5FCDDE9023201993A
:10B50000E2FB0731894508BF9C42E1D1D2E70748F9
:10B510004FF4737101F0C6F90080004000F0014063
:10B5200000E100E0801C002000B1004040D8020093
:10B5300010B5029C201841F10001801A61EB030153
:10B54000B0F1004F71F1000100DA10BD40F231316D
:10B55000052001F0B1F900BF38B5EFF3108572B6E0
:10B5600021490C78BCB1214BD3F80405D3F84831FC
:10B570004FF6FF7290422ED05BB347F6FE739842AF
:10B5800027D84C680134CDB100F0F0FD184D0021F2
:10B59000E4FB050138BD154AD2F80405D2F80431A0
:10B5A00053B14B6801334B60C2F80441D2F8040533
:10B5B000D2F80431002BF4D14C681DB962B60B7877
:10B5C000002BE1D10B4D00F0D1FD0021E4FB050182
:10B5D00038BD4C68D7E7002BFBD14C680DB9284625
:10B5E000ECE7034D1846EEE7801C002000B0004059
:10B5F00080841E000080841E014B5861704700BF8C
:10B60000801C0020F0B5304C636989B0002B55D008
:10B61000EFF3108572B60DF10B03009303AA04AB90
:10B6200000F0E8FD9DF80B300F2B06D9DDE9043260
:10B63000013342F10002CDE9043206A8FFF712FC03
:10B64000069B2778079E05334FF00002DDE90410C2
:10B6500042F10002C7B94FF08077E6FB073299420A
:10B6600070EB020222D30B0E43EA002321F07F414C
:10B67000164AA3614FF40033C2F84415C2F80433EC
:10B6800005B962B609B0F0BD4FF48037E6FB07326A
:10B69000994270EB020209D30B0C4FF6FF7289B28C
:10B6A00043EA0043002908BF1146E1E7FF2323775F
:10B6B000074B4FF40062C3F80021E1E740F241314B
:10B6C000052001F0F9F800BF801C002000B0004008
:10B6D00000E100E0014B1878704700BF801C00209B
:10B6E000024B01221A7083F828007047801C00204A
:10B6F000704700BF704700BF024B0122C3F84423CC
:10B70000704700BF00B00040024B0122C3F848233D
:10B71000704700BF00B0004008B500F0A7FC30B98A
:10B72000074A936B0133312B936304D808BD044B54
:10B7300000229A6308BD4FF46271052001F0BCF845
:10B74000801C0020014B5862704700BF801C002005
:10B7500010B53F4C237882B0002B55D03D4BD3F829
:10B76000042352035BD43B4BE168D3F80423D0039A
:10B7700034D5D3F84031002B30D0636899425DD87E
:10B7800000232374334AA168C2F840314FF480305B
:10B79000C2F80803002955D0A36088472D4BA16942
:10B7A000D3F80423920324D5D3F844310BB3636850
:10B7B0008B423FD300222277264B6169C3F8442194
:10B7C0004FF40030C3F8080300293BD08847214BD1
:10B7D000D3F840310193019B02B010BD6268237C15
:10B7E000002BCDD19142D9D91A4B0022C3F8402168
:10B7F000D4E76268237F002BDCD18A42E7D2154B65
:10B800000022C3F84421E2E7124AD2F804110029C9
:10B81000A9D0C2F80431636801336360A3E7D3F8A9
:10B820004821002A9FD00022C3F8482163680133D1
:10B83000636098E7237F002BE1D0BBE7237C002BDC
:10B84000D2D09DE740F2CA31052001F035F800BFA3
:10B85000801C002000B00040014B187D704700BFE5
:10B86000A8150020042810B511D883B104280CBFF6
:10B8700010242824A1420AD2064C54F8200018B102
:10B8800041568A42A8BF0A461A70002010BD6FF0C8
:10B890001500FBE7A815002030B50346114890F9C4
:10B8A0001C209A4219DD90F924209A4217DA9A1A3C
:10B8B000846AA05C0C4A15569D420DD00E320029B8
:10B8C00018BF01309442C0B206D129B1013BDBB2AE
:10B8D000012B01D80130C0B230BD0D20FCE70020A3
:10B8E000FAE700BFA815002084CC020008B5054B7C
:10B8F00093F91C30984203DAFFF7CEFF024B1B5638
:10B90000184608BDA815002084CC020008B5184BC5
:10B9100093F82C20FAB9012283F82C20154A1268DA
:10B92000A2F10800082803D813490141C90709D525
:10B93000911F092910D9013212D04FF4DF71742000
:10B9400000F0BAFF0D4A9A62D8221A6283F82420C6
:10B9500008229A611A7708BD094A0A41D207ECD435
:10B96000084A9A62D8221A6283F824200422F0E757
:10B97000A815002080160020DEFEFFFFBFCC0200CD
:10B98000EEFCFFFF92CC020010F0FF0008B508D1DA
:10B990004FF0804301225A60C3F80001034B187036
:10B9A00008BD8421B52000F087FF00BFD515002019
:10B9B000014B01221A707047D515002008B548B90F
:10B9C0004FF08043D3F8003113B9044B187808BD09
:10B9D0000120FCE7D021B52000F06EFFD515002036
:10B9E000044B1868062818BFB0F1FF3F0CBF0120B8
:10B9F000002070478016002008B5094B1A680A2AF3
:10BA000002D1084B1B6823B1FFF7EAFF08B9082AE7
:10BA100004D14FF080430222C3F8342C08BD00BF8C
:10BA20008016002084160020F8B50F4E01273754E9
:10BA300004460D4604F0D0FC60B934B94FF08043A1
:10BA4000B7707560C3F80473F8BD4FF494716D203E
:10BA500000F032FF002DF7D01CB92046A8477460D3
:10BA6000F2E740F24311F2E7D8150020044B191811
:10BA700000228A7003EB80011A544A60704700BFAD
:10BA8000D815002010B5034CA08100F045FCE081E2
:10BA900010BD00BFD8150020014B188A704700BFA9
:10BAA000D8150020014B9889704700BFD815002099
:10BAB00010B5EFF3108472B6064B03449A7C013242
:10BAC000D2B29A749B7C012B01D104F079FC04B9A9
:10BAD00062B610BDD815002010B504F0A5FC04F026
:10BAE0007BFC4FF08044084940B1FFF785FF0123FC
:10BAF000236104230B7500234B7510BD03230B75C5
:10BB00000123C4F80433F6E7D815002010B5EFF38D
:10BB1000108472B6094B03449A7C22B940F2672123
:10BB20006D2000F0C9FE9A7C013AD2B29A749B7CD7
:10BB30000BB9FFF729FF04B962B610BDD815002074
:10BB4000024B187D003818BF01207047D81500201F
:10BB500073B51B4DEB7D63B9686A00F0030004F018
:10BB600053FC30B1EFF3108372B62A7D1AB103B9DA
:10BB700062B602B070BD01222A7503B962B64FF0F9
:10BB800080430822C3F808234FF42073ADF8063031
:10BB9000BDF80640A4B2631E9BB2ADF80630002C7F
:10BBA000F6D14FF080460748C6F80C4104F05EFD20
:10BBB00085F82940FFF790FF0823C6F80433D8E73B
:10BBC000D8150020001600202DE9F347484CA37D2E
:10BBD000002B00F08A800323ADF804304FF080433F
:10BBE000D3F80051F5B9D3F80481B8F1000F09D0AA
:10BBF0004FF080430022C3F804210222C3F8082337
:10BC0000FFF7A6FF94F829603A484FF08047F6B254
:10BC1000D7F80C8104F02EFD48B340F253316D206B
:10BC200000F04AFE00258DF804500122D3F804816B
:10BC3000C3F808230DF10409271DA61C19F8010BF0
:10BC400003280AD0337843B13B684FF0000A86F8E6
:10BC500000A013B19847C7F800A06B1C022B07F196
:10BC6000040706F101064FF00105E7D1BDE745B134
:10BC7000237D032B05D104232375FFF7BDFE01238C
:10BC80003B61B8F1000F1FD04FF080430022C3F892
:10BC90000C21237D042B02D040F27931BFE7164BF3
:10BCA0001A680A2A02D1154B1B6823B1FFF798FEC8
:10BCB00008B9082A04D14FF080430022C3F8342C7D
:10BCC0000223237504F0B3FB4EB1002384F829301E
:10BCD000237D022B01D1FFF7FFFE04F0A8FB0548EE
:10BCE00002B0BDE8F04704F0D4BC02B0BDE8F08774
:10BCF000D815002000160020801600208416002091
:10BD000010B5054C606A00F0030004F07DFB0028CC
:10BD1000F8D0002010BD00BFD8150020F8B50546AA
:10BD200050B10278042A07D8437842B9013B1F2B4F
:10BD300002D88378212B07D96FF0150076E0002B0D
:10BD4000FAD18378002BF7D17B4B0127C3F88070A1
:10BD5000BFF34F8FBFF36F8F4FF08046C3F88071F2
:10BD6000764C0B23C6F808330023C6F80031C6F81A
:10BD70000431C6F80C31A374E374AB88238204F059
:10BD80002EFB08B12770A774D6F80C24D6F80C3413
:10BD9000D20303D5DF0701D5FFF70AFE4FF4AF60EA
:10BDA000FFF770FE2B78A978E37500226262217696
:10BDB0006275042B4DD8DFE803F005033A484A00CA
:10BDC0000123636204F012FB00284DD004F015FB40
:10BDD000636A03F00303984246D1AB79002B3DD14F
:10BDE000FFF78EFF237E6BB12B785BB904F0F4FA7A
:10BDF000054600F0B9FE6FF00043002D00F0998079
:10BE0000C4E907034FF08043D3F80C24D3F80C3473
:10BE1000D20303D5DB0701D5FFF7CAFD464A01234C
:10BE200000202075A375C2F880311360F8BD04F0BE
:10BE3000FBFA4FF08043D3F80C14D3F80C24CE0354
:10BE4000F9D5D007F7D50223BBE73D4BB9E73D4B0A
:10BE5000B7E740F22E516D2000F02EFD4FF08043E9
:10BE60000222C3F80423BDE74FF080430122DA60C9
:10BE70000022C3F80421626AC3F81825324A136805
:10BE8000A3F10E01012904D90A2B02D0FFF7A8FD66
:10BE900048B14FF080534FF08041D3F84432C3F3A0
:10BEA0004233C1F83C351368A3F10E02012A04D9CC
:10BEB0000A2B02D0FFF794FD20B14FF080430122FE
:10BEC000C3F84C254FF0804301229A600222C3F848
:10BED0000423AA79002A85D1D3F80423910702D438
:10BEE00040F2E141B7E7194A1669116941F01001C2
:10BEF0001161D3F8043106F010060BB904F0D6FB3B
:10BF00004FF08047D7F8043183B1FFF7F9FE26B927
:10BF10000E4A136923F0100313614FF0804302228D
:10BF2000C3F808230022C3F804215BE704F0BCFB3C
:10BF3000E8E7C4E9073065E700E100E0D815002034
:10BF400001000200010003008016002000ED00E067
:10BF500010B50D4C04F1280004F08CFB48B9237D8A
:10BF6000022B01D1FFF7B8FDBDE81040074804F0EF
:10BF700090BB074A012384F82930BDE81040C2F87D
:10BF8000003104F051BA00BFD8150020001600207F
:10BF900000E100E038B50C4B0C46197919B18D2140
:10BFA0006F2000F089FC60B95D790DB1002038BDCB
:10BFB00001225A71FFF77CFD21462846FFF734FD28
:10BFC000F4E76FF01500F2E70416002038B50B4DCA
:10BFD0002B7904461BB1A4216F2000F06DFC50B9F1
:10BFE0006B790BB9002038BDFFF740FD20466C711E
:10BFF000FFF78CFDF6E76FF01500F4E7041600205C
:10C0000010B501B3F0B14FF0FF33104A1C46E0FB0E
:10C010000134944203D9E5216F2000F04DFC1A0D44
:10C0200042EA0432C3F30F10094B00EB02404FF217
:10C030002444B2FBF4F103FB1100B0FBF4F040EA3E
:10C040000140013010BD0846FCE700BF3F420F0031
:10C05000000024F4014B9B68184700BF0416002021
:10C06000014BDB68184700BF04160020014B1B6919
:10C07000184700BF04160020014B1B6A184700BF79
:10C0800004160020014BDB69184700BF041600208E
:10C09000034B1A790AB9FFF7FFBC988D704700BFB0
:10C0A00004160020034B1A790AB9FFF7FBBC988AE3
:10C0B000704700BF04160020024B1B790BB9FFF735
:10C0C00047BD704704160020014B9B69184700BF0D
:10C0D0000416002010B5144C2379A3B1636A984765
:10C0E000002806DB94F82E3023B1012384F8323087
:10C0F000002010BDFFF7E8FF0028F6DA40F2A51196
:10C100006F2000F0D9FB094BA361094BE361094B98
:10C110002362094BA360094BE360094B2361FFF7DE
:10C12000FDFD0028E1D0E4E70416002001BD000079
:10C1300051BF000041BB0000290401002F04010091
:10C140003504010038B5084B1D79044625B140F28D
:10C15000F9116F2000F0B0FBFEF740FA2046FFF720
:10C1600091FC284638BD00BF0416002043F6095252
:10C17000C0F3080302FB03F3400A03F5807302FBDC
:10C1800000F000EB5320704710B5C0F34E22C0F30F
:10C190000804000E40EA012043F60953090E03FB90
:10C1A00004F403FB02F24FEA401E4B01BEEB000E0B
:10C1B00043EAD06304F5807402EB542263EB01047C
:10C1C0004FEA841C4FEA8E13B3EB0E034CEA9E6CCD
:10C1D0006CEB040C4FEACC0C4CEA537CDB001B18D4
:10C1E00041EB0C01D803C903101841EA534141F156
:10C1F000000110BD2DE9F04180460C4617461E4651
:10C20000FFF768FAD0B13D4B9C426FD83C493D489E
:10C210004FEA585242EAC422A1FB0243C8F34F142A
:10C220009B0B04EB024400FB1344A1FB0414A40B7E
:10C2300044EA0344344B03FB148819E0334B9C421B
:10C2400058D82F492F484FEA587242EAC402A1FB3E
:10C250000243C8F34F349B0B04EB024400FB13442E
:10C26000A1FB0414A40B44EA0344294B03FB1488E8
:10C2700048F237624FEA583302FB03F31B0C43F6D4
:10C280000952244D02FB138101FB05F56D0D05FBE1
:10C2900002F205EB432502F574530833B1EB532F3B
:10C2A00021D802F58072A1EB5221C9B2069B197008
:10C2B000FFF710FA58B123045D194FEA144444F112
:10C2C0000004C6E90054C7F80080BDE8F0812306E9
:10C2D0005D194FEA142444F10004C6E90054C7F87C
:10C2E0000080BDE8F08101350021DFE79D219B2022
:10C2F00000F0E2FAA6219B2000F0DEFA7F841E0007
:10C3000083DE1B43000024F480841E00FF7F841E14
:10C310000080841E6F0C0100420B48F2376303FB60
:10C3200002F2120C43F6095C084B0CFB120101FBF4
:10C3300003F303F586336E335B0D0CFB03FC5002F5
:10C34000B1EB5C2F88BF0130184470476F0C0100BF
:10C35000034610B3007888B91A79012A1ED85A7991
:10C36000012A1BD89A680E49643A8A4216D8D868BE
:10C370000C4B98422CBF00200120704701280CD1A3
:10C380001A79012A09D85A79012A06D8DA680449A3
:10C39000643A8A4201D89868EAE70020704700BFF3
:10C3A0003C8601000040420FF8B5044620B94FF426
:10C3B000DC716A2000F080FA90F82C50072900F216
:10C3C000FF80DFE801F004B65D5D8D97A1A890F8CD
:10C3D0002A30033B012B02D940F2C311E9E70523C0
:10C3E00080F82A30002380F82D3003789BB323781F
:10C3F000012B3DD1FEF7D2FC94F82860636863629C
:10C40000C4E90601BEBB734B0122DA60C3F8406584
:10C41000C3F84061C3F84465C3F84461C3F8486594
:10C42000C3F84861C3F84C65C3F84C616A4B4FF4DC
:10C430008072C3F880213146204604F018F8236A40
:10C440003146284698470146204600F0F1F8022878
:10C4500040F0B980F8BDFEF7EFF906460F46FEF74B
:10C460009DFC1F3647F1000786428F41F3D3BEE79C
:10C47000D4E90401C0E72046BDE8F84000F0AEB8BA
:10C4800090F82A30DA1E012A02D940F2FB1190E717
:10C4900090F828202AB121462846BDE8F84003F04C
:10C4A000CCBF042B14BF01230223022980F82A30B9
:10C4B000036A0AD10521284698470028CAD0037884
:10C4C000002BC7D04FF4047173E706212846984724
:10C4D0000028BFD00378002BBCD040F2152168E7BC
:10C4E00090F82A30052B02D04FF4077161E7036AF8
:10C4F0000221A6E790F82A30052B02D040F2222133
:10C5000057E7036A01219CE790F82A30052BB2D047
:10C510004FF40A714DE790F82A30052B02D040F213
:10C520002D2146E7036A0A21284698474FF40C71EB
:10C530003FE790F82A30052B07D090F829200AB160
:10C54000032B02D04FF40D7133E794F82820002A12
:10C55000A1D194F82D3093B1022384F82A3084F8C5
:10C560002D20236A08212846984700283FF472AFFF
:10C570000378002B3FF46EAF4FF4107119E794F875
:10C58000292062B194F82B0084F829302146FEF767
:10C5900019FA00287FF45EAF40F2452109E7022333
:10C5A00084F82A300721236A2846984700283FF458
:10C5B00051AF0378002B3FF44DAF4FF41371F8E601
:10C5C00040F25121F5E60128236A0CBF0421032122
:10C5D00037E700BF0080004000E100E070B504468E
:10C5E000FEF72AF9D4E90632656A503342F10002B7
:10C5F0005B1942F1000205F5DF6540F2F966B5FB13
:10C60000F6F55B1942F1000283428A4103D2072109
:10C610002046FFF7C9FE054C236813B19847002355
:10C620002360BDE87040FEF70BB900BF381600204C
:10C6300070B504460D4639B9012380F82D30FFF757
:10C64000CDFF0226304670BD0E78032E6AD801A3B6
:10C6500053F826F043C6000065C60000C7C60000B8
:10C6600083C600004868C72801D80026EAE70421ED
:10C67000FEF7B2FA0028F8D16968204603F0F7FE09
:10C68000E0E790F82860F6B94D682846FFF760FEAD
:10C69000002847D02B78C3B9012222702B79003BA8
:10C6A00018BF012363726B79002B14BF042302238C
:10C6B0002372AB686F336360EB682361032384F8F4
:10C6C0002A3084F829202046B9E794F82A30052B2F
:10C6D00004D04FF4CF716A2000F0EEF826702B7969
:10C6E00094F82B00003B18BF012363726B79002B79
:10C6F00014BF042302232372EB68A9686F336360BD
:10C70000D4E906325B1842EBE172C4E90432042337
:10C7100084F82A302146FEF755F90028D3D14FF48A
:10C72000D071D8E7012384F82D30CCE72DE9F84308
:10C730008846074688B300F035F84FF000090546F3
:10C740005FFA89F6B54203D86FF00B00BDE8F883B5
:10C75000304600F02DF890F82A4009F10109002C2C
:10C76000EED1304600F024F80546048580F82A40D2
:10C7700080F82C6001460A48FEF78AF8202885F8E0
:10C780002B0002D16FF02200E0E701232F6285F831
:10C790002A30204688F80060D8E76FF01500D5E70A
:10C7A000A9C30000014B1879704700BF3C16002058
:10C7B000044B1A79824283BF1B68302202FB00308F
:10C7C000002070473C1600200A4610F0030110B507
:10C7D0000AD1074C2271206008B9002010BD302317
:10C7E0005A4300F059FBF8E76FF00D00F6E700BF81
:10C7F0003C160020BFF34F8F0549064BCA6802F470
:10C80000E0621343CB60BFF34F8F00BFFDE700BF73
:10C8100000ED00E00400FA05094B01225A604FF0D8
:10C82000FF32C3F80823074B4FF48042C3F880203F
:10C83000BFF34F8FBFF36F8FC3F88021704700BFE6
:10C8400000E0004000E100E0094B01225A604FF097
:10C85000FF32C3F80823074B4FF48052C3F88020FF
:10C86000BFF34F8FBFF36F8FC3F88021704700BFB6
:10C8700000C0004000E100E0084B0022C3F8FC2F9C
:10C880000122C3F8FC2F064B0222C3F88020BFF31D
:10C890004F8FBFF36F8FC3F88021704700100040A7
:10C8A00000E100E008B572B6024B5B6803B198473F
:10C8B000FFF7A0FF441600201FB572B6134B5D684A
:10C8C00095B9FFF797FF2346B2FBF6F25C1C002AEE
:10C8D000F9D104AEDCB256FA83F303F80C2C0A2229
:10C8E00034B901A8A847ECE7024600230A26EDE781
:10C8F000631E04AEDCB256FA83F3B0FBF2F602FB21
:10C900001600303003F80C0C3046E9E744160020DE
:10C91000F8B51F4E337805460C461746A3BB00F00A
:10C92000CBF9FEF7F3FF77603472FFF7A5FFFFF74F
:10C930008BFFFFF771FF174B002D14BF28461846D9
:10C94000FFF7C8FB0546E8B9FDF76AFFFFF7B4FB40
:10C9500003F0A4FDFCF738FC18B9BE211120FFF745
:10C96000ABFF002C0CDB04F01F026409A40004F1EF
:10C97000604404F5614401239340C4F8803123608E
:10C98000012333702846F8BD4FF0FF35FAE700BFAA
:10C9900044160020F0CC0200074B93F90830002B1E
:10C9A00009DB5A09012103F01F03994002F14003FA
:10C9B000024A42F8231070474416002000E100E0CC
:10C9C000014B1878704700BF441600202DE9F0474E
:10C9D000DFF8CC90334C344D344F82B00246012600
:10C9E00099F800805FFA88F8FF2389F80030B8F1E1
:10C9F000000F01D089F80130EFF3108172B60023E7
:10CA00006660C4F80031C4F80431C4F80425266017
:10CA100039B962B605E0D4F8043133B92B69DB06C5
:10CA200021D4D4F80031002BF5D0D4F80431002BF8
:10CA3000E2D1B8F1000F13D199F80130DBB289F8D7
:10CA4000018003204FF48041C4F80803C4F8048136
:10CA5000C4F80081C7F8801189F80080002BBFD18D
:10CA600002B0BDE8F0874FF48043C7F88031EFF3A0
:10CA7000108A72B60323C4F80433D4F8003113B912
:10CA8000D4F804311BB1BAF1000FCAD1C1E7019249
:10CA900003F00AFE019ABAF1000FC2D1B9E700BF54
:10CAA0005016002000E0004000ED00E000E100E052
:10CAB00070B51446DA078CB01D4686468C4633D5D1
:10CAC000C36842681BBA0093CB681BBA049383689F
:10CAD0001BBA019303681BBA03938B6812BA1BBA83
:10CAE000029205934A680B6812BA1BBA6E46069208
:10CAF00007933046FFF76AFFAB070DD5DDE90A1053
:10CB0000DDE9083200BA09BA12BA1BBA20606160C6
:10CB1000A260E3600CB070BD08AD0FCD2060616015
:10CB2000A260E3600CB070BDDEF80410DEF80820EF
:10CB3000DEF80C300068EE46AEE80F00DCF80000CE
:10CB4000DCF80410DCF80820DCF80C306E46AEE8A7
:10CB50000F00CEE710B5002482B0CDE90044FFF706
:10CB6000A7FF02B010BD00BF1A4B4FF4805270B542
:10CB7000C3F88020BFF34F8FBFF36F8F164C174D54
:10CB80000021C4F80011C3F880212E692B6943F0FD
:10CB900010032B610123C4F8043306F01006236050
:10CBA000D4F800319BB11EB92B6923F010032B611F
:10CBB0000123D4F808056360C4F808330023C4F8DF
:10CBC0000031044B4FF48052C3F8802170BD03F054
:10CBD0006BFDE5E700E100E000C0004000ED00E093
:10CBE0000B4938B5042301EBC302157905F0FF04A6
:10CBF0002DB1013BF7D240216920FFF75DFE41F8DE
:10CC000033000121547194711171D8B238BD00BF45
:10CC100054160020042808B503D947216920FFF7DE
:10CC20004BFE034B03EBC00300221A7108BD00BF8B
:10CC300054160020042808B503D950216920FFF7B5
:10CC40003BFE094B03EBC0000379012B01D05121BE
:10CC5000F4E7437982790133DBB29A4218BF43711A
:10CC6000BDE80840FFF798BE5416002038B5114DB6
:10CC7000052495F8281005EBC1031A79012A09D17A
:10CC800058799A79904205D05A79D2B29A7155F86A
:10CC90003130984795F828300133DBB2052B04F189
:10CCA000FF3428BF002314F0FF0485F82830E0D1BA
:10CCB00038BD00BF541600204FF08052034BD2F80D
:10CCC00030111960D2F834215A6070478016002064
:10CCD000084B1B68083B082B0AD840F2211222FAA5
:10CCE00003F313F0010F044B044818BF18467047B4
:10CCF000024870478016002000E701400C05004004
:10CD0000144B1B68062B03D0013301D020BF7047A2
:10CD1000EFF3108072B6104A1369116941F01001E7
:10CD200011610E49D1F80021D1F804110A4303F032
:10CD3000100300D040BF20BF00BF00BF00BF00BF36
:10CD400023B9054A136923F01003136100B962B6D1
:10CD5000704700BF8016002000ED00E000E100E019
:10CD6000914270B53FD2B2FA82F33BB1C3F12004D5
:10CD700020FA04F49940214398409A40150CB1FBE5
:10CD8000F5FC05FB1C1E4FEA0E4E030C84B20EEBA5
:10CD900010401FFA82FE0CFB0EF6864206D9361AA8
:10CDA000964294BF01260226ACEB060C03EB01432E
:10CDB0000CFB1233B3FBF5F005FB103304EB03441B
:10CDC00000FB0EFEA6454FEA0C4C09D9AEEB040E53
:10CDD000964594BF4FF0010E4FF0020EA0EB0E00EF
:10CDE00040EA0C0070BD73219620FFF765FD00BF7F
:10CDF0002DE9F8431C4652EA040349D0074615467C
:10CE00000E4684B9914204D2FFF7AAFF2146BDE83D
:10CE1000F88321463046FFF7A3FF04462A463846EA
:10CE200004FB1561F0E74FF00108B4FA84F908FA41
:10CE300009F3A3FB021220FA08F003FB042240EAE4
:10CE4000C67026FA08F1FFF78BFFC9F11F0230FA0E
:10CE500002F34FF0000C08D140461946AF42A641FC
:10CE60003CBF18466146BDE8F8835A1E61466CEB2C
:10CE70000C0C05FB0CFE02FB04EE18461346A5FB4A
:10CE80000228BA1A0EEB080766EB07061746E5E715
:10CE9000A6219620FFF710FD10F0030FC9B203463C
:10CEA00007D0BAB303F8011B13F0030F02F1FF32EE
:10CEB000F7D170B5032A01EB012404EB04441ED919
:10CEC000161FB508032E05F1010521D94FEA550EAD
:10CED00003EBCE0E9C46CCE900440CF1080CF44563
:10CEE000F9D115F0010F04D025F0010503EB8505FC
:10CEF0002C6026F003060433334402F0030232B1FF
:10CF0000012A197003D0022A597018BF997070BD98
:10CF10001D46EDE7704700BF844641EA000313F069
:10CF200003037DD1403A51D3F0B4F0C9F0C0F0C949
:10CF3000F0C0F0C9F0C0F0C9F0C0403AF5D2F0BC82
:10CF400044E0403A42D300BF51F8043B40F8043B70
:10CF500051F8043B40F8043B51F8043B40F8043BD3
:10CF600051F8043B40F8043B51F8043B40F8043BC3
:10CF700051F8043B40F8043B51F8043B40F8043BB3
:10CF800051F8043B40F8043B51F8043B40F8043BA3
:10CF900051F8043B40F8043B51F8043B40F8043B93
:10CFA00051F8043B40F8043B51F8043B40F8043B83
:10CFB00051F8043B40F8043B51F8043B40F8043B73
:10CFC00051F8043B40F8043B403ABDD2303211D313
:10CFD00051F8043B40F8043B51F8043B40F8043B53
:10CFE00051F8043B40F8043B51F8043B40F8043B43
:10CFF000103AEDD20C3205D351F8043B40F8043B13
:10D00000043AF9D2043208D0D2071CBF11F8013B10
:10D0100000F8013B01D30B8803806046704700BFD6
:10D02000082A14D38B078CD010F0030389D0C3F1E6
:10D030000403D21ADB071CBF11F8013B00F8013BC7
:10D04000FFF47FAF31F8023B20F8023B79E7043A66
:10D05000D8D3013A11F8013B00F8013BF9D20B7823
:10D0600003704B7843708B7883706046704700BFC5
:10D0700053B94AB9002908BF00281CBF4FF0FF313F
:10D080004FF0FF3000F00CB8ADF1080C6DE904CEA4
:10D0900003F038FBDDF804E0DDE9022304B070475B
:10D0A000704700BFF6F75EBE01F025BB01F026BB5E
:10D0B00001F01EBB1FB5014601A800F006F801A84B
:10D0C00001F006FF05B05DF804FB0B88C3F30B030A
:10D0D00083804B88C380002343724B78C3F30113D2
:10D0E000012B03D09A1E534253415B00043103725B
:10D0F0000160704710B58B880370437803F0F0032C
:10D1000043708A88C2F3032213434370CA88827033
:10D11000CA8803F0CF03120A4370C2700A7A120160
:10D1200002F03002134303F03F0343704A7A43EAAC
:10D13000821343700C4609680430814205D0E288AE
:10D14000FB2A28BFFB22FFF7E7FEE0880430C0B2CD
:10D1500010BD70B50B78192B05460C4612D8CBB113
:10D16000013B182B16D8DFE803F01A2615999FA566
:10D17000ABB1B5B7C7CD1515152ABBC1D1D7DDE306
:10D18000E9EFF500822B4FF0FF0200F0E980832BDE
:10D1900000F0EA8040F26721C720F4F7FBFE0C2381
:10D1A0000B700823637066780236324621462846A3
:10D1B000FFF7B2FE49E01A230B700123F2E72920A2
:10D1C000F5F7E2F830B13E23237022236370292360
:10D1D000A370E8E70A20F5F7D7F83E2305F1080227
:10D1E00004F108012B7090B30A23AB70E378EB7065
:10D1F000A3882B71A3881B0A6B71A379AB71E379A8
:10D20000EB71A368AB608B889380D4F80E30C5F8BF
:10D210000E30638A6B8263696B61238B2B83638B14
:10D22000AB76638B1B0AEB76A38B2B77A38B1B0A46
:10D230006B77E38BAB77E38B1B0AEB7794F82030AB
:10D2400085F820301F266E700236304670BD0123EF
:10D25000AB70E378EB70A3882B71A3881B0A6B710A
:10D26000A379AB71E37903F00103EB71A368AB60C1
:10D270008B889380638BAB73638B1B0AEB73A38BDD
:10D280002B74A38B1B0A6B74E38BAB74E38B1B0AAD
:10D29000EB7494F820302B751326D4E73E230B70E3
:10D2A00004234B70142393E73E230B700C234B7025
:10D2B00004238DE73E230B700A234B70032387E77B
:10D2C0003E230B700D234B70052381E7052323704C
:10D2D000042367E70823FAE730230B70032361E791
:10D2E0003E230B700B234B70072371E73E230B701B
:10D2F00006234B700C236BE713230B708B789B007A
:10D3000001334FE757230B7002234BE73E230B708B
:10D3100006234B7012235BE73E230B7009234B70EF
:10D32000132355E73E230B7005234B7020234FE753
:10D330003E230B7009234B70212349E7FF230B7019
:10D340000B234B70A22343E7FF230B7005234B7085
:10D35000A3233DE7FF230B700D234B70802337E79A
:10D360000A700D22627033E70A700222FAE708B5EC
:10D3700010B96FF0150008BDFFF79CFE0028F8D02B
:10D380000020F8E710B50C4648B141B1F4F756FF5C
:10D39000002820700CBF6FF02200002010BD6FF03D
:10D3A0001500FBE708B5F4F7CDFF002008BD00F03D
:10D3B00035BE08B5F4F7D8FF002008BD01F011B95B
:10D3C00001F01FB9034602221A709A709B225A710B
:10D3D0006FF070029A716FF05302DA716FF03C02D5
:10D3E0001A721D225A72422200209A726FF0510264
:10D3F0005870D8701871DA72704700F05CBE70B562
:10D40000044602F02FFF012805461AD1601C02F0E5
:10D4100030FFB0B1A37963F03F03A3710020F6F7AA
:10D4200027FFE61D38B1102200213046FFF734FDFA
:10D430002570002070BD304602F02EFF0028F2D08B
:10D44000F6E70025F4E710B5102204460021FFF7A7
:10D4500023FD04F11003102200211846FFF71CFDE4
:10D4600002F033FF0020F6F703FF20B1204602F060
:10D4700013FF002010BD02F0F5FE0028F6D0F8E7FB
:10D4800010B50446FFF770FBB0F5007F09DA10F520
:10D49000007F08DD031EB8BF03339B1023700020FC
:10D4A00010BD7F23FAE76FF07E03F7E70120704796
:10D4B00001F008B90078003818BF012000F002BF61
:10D4C000F6F73CBC8178008801F0C8B801F0E3B8F9
:10D4D00037B505460C4600880DF1060100F0F7FE51
:10D4E0002B882380BDF80630638003B030BDF6F78B
:10D4F0002DBC01F005B900F07FBD00F0D1BD08B52D
:10D50000F4F73AFF002008BDF6F736BA00F00CBF7A
:10D5100000F0E2BDF6F7A2BB00F0AEBD01F000B82E
:10D5200000F0CABF01F011B800F0E3BD00F0DCBEAE
:10D5300000F0ADBD00F06CBD03880B8001F036B883
:10D5400003880B8001F040B800F0FABDF6F768BA26
:10D55000F6F74EBA00F0E5BC00F006BD00F03ABDAB
:10D5600000F046BD00F026BD00F01BBD00F016BE69
:10D5700000F03FBEF6F75EBA00F079BE00F06BBD7A
:10D5800000F01CBE01F0A7B8F6F700BAF6F77EBAB5
:10D59000F8B5941C0C446343B3F5004FA8BF4FF09B
:10D5A000FF330E4610F00301054617469CB203D028
:10D5B000B0211420F4F7EEFCB4F5004F01D9B121ED
:10D5C000F7E714220430FFF767FCEF746C802E80BD
:10D5D000F8BD38B50388C48805898B42C4F30E02B0
:10D5E00003D2D1211420F4F7D5FC84EA0503C3F358
:10D5F0000E030BB9AC4206D102F118030122C1524D
:10D600008274184438BD1846FCE7023101444A438D
:10D61000B2F5004FA8BF4FF0FF3290B21B3020F0A0
:10D620000300B0F5004F34BF00B24FF0FF30704739
:10D6300040881B3020F00300B0F5004F34BF00B22B
:10D640004FF0FF3080B2704738B503888B4203D269
:10D65000F7211420F4F79EFC857C65B1C388C3F3E1
:10D660000E031833C25A8A4207D3C152811DF4F700
:10D67000B3FE00238374284638BD0025FBE703462C
:10D68000F0B59E88DD88B4B2A54200F11800C6F35B
:10D690000E0616D05F89DD7C845B3D44023535443F
:10D6A000E41B28440D88A4B2A54288BF0C80598988
:10D6B000B1FA81F14FEA511188BF25461170DD8121
:10D6C000F0BD00252846FAE7F8B58288C389002610
:10D6D00004460D4692B20E60CBB1C2F30E024189F0
:10D6E000183287180B44825A9BB29342438104D963
:10D6F0004FF4A2711420F4F74DFC04D1011DF4F78E
:10D700006BFE46812F600023E3810120F8BD18469F
:10D71000FCE7838802899BB29A42014602D0083115
:10D72000F4F75ABE70478388C0889BB2C31A584228
:10D7300058417047828873B5C48895B2AC42C2F331
:10D740000E0202F1180212D04189C689835A31446F
:10D7500099420EDB0DF10601ADF80650F4F73CFEE0
:10D76000BDF80600001B18BF012002B070BD0020EC
:10D77000FBE70120F9E770B5C488068984EA060250
:10D78000C2F30E020346C4F30E0518300AB9B442C0
:10D790000FD19C891A880CB1465B921B914207DC21
:10D7A000DA7C2C440232224410440A461A8270BDAC
:10D7B00000221046FAE7F8B5038A002B38D08B42D6
:10D7C00036D3C488858900F11803C4F30E041E19EA
:10D7D00095B91D55757085891E5B0D44ADB23144F8
:10D7E00085811953D2B1811DF4F7F6FD00238381A1
:10D7F000002303820120F8BD1E5BAE4204D04FF42B
:10D80000F6711420F4F7C6FBC57C878A26440235DE
:10D8100035445E195F53857DB570DCE7C27C2544D5
:10D8200002322A4499189B5A83828B788375DFE7EA
:10D830000020E0E78388C2889BB29A4206D04289E2
:10D8400022B9C3F30E031833184470470020704701
:10D85000C37C0233C81870470230704738B58388DC
:10D86000C2889BB29A4209D043893BB9C5893DB968
:10D87000011DF4F7B1FDC581012038BD0020FCE792
:10D880001846FAE7002383810382704703881380D8
:10D89000C388C3F30E03183303440B6080897047B9
:10D8A0000368002223B9C0E90132031D03607047F9
:10D8B00059681B680A44F5E7072970B5034604D880
:10D8C0004FF4EC711520F4F765FB0068C0B14468B3
:10D8D0001A688C42064610D0106860B901F108053C
:10D8E000AC420DD3546850501868651A541800683B
:10D8F0006560505002E01346E9E714681C6030464A
:10D9000070BD0023C1E9003203680B6001607047FD
:10D9100030B590B18478B1FBF4F304FB131300EB42
:10D92000430252898A4201D1D8B230BDC27822B9AD
:10D9300000F10803D0B2844201D8FF20F5E733F8A4
:10D94000025F8D4202F10102F4D1EEE78278038892
:10D9500005324B4303EB42031844704737B50024AC
:10D96000CDE9004405468DF806006846ADF8044050
:10D97000F4F708FFBDF8044008B103B030BD2946F4
:10D980002046F4F7DBFE0028EFD040F215211720E7
:10D99000F4F700FB70B50D4609211E46FFF735FE72
:10D9A0003246044609212846FFF72FFE40EA0403C9
:10D9B0001B0454BF00194FF0FF3070BD01230370EA
:10D9C0007047F8B50C4684F0010464000546114622
:10D9D0001E46E4B2FF23837003191B7D012B06D082
:10D9E000631CDCB250FA83F31B7D012B0AD105EBDB
:10D9F00044073B8B3A8C9819904205DD2C44002358
:10DA00003B8323750020F8BD05EB84043246606833
:10DA10001844FFF781FA3B8B1E443E830023AB7012
:10DA20000120F0E781F00101490010B5C9B2FF23E0
:10DA3000837043181C7D012C07D10C3120F8112074
:10DA400002221A750023837010BD0131CBB250FA47
:10DA500081F10C7D012C05D10C3320F81320022319
:10DA60000B75EFE74FF48C710920F4F793FA30B59A
:10DA70000246837803F0FF00F3B9137D022B19D01F
:10DA8000537D022B15D10346012089B1D5180C33E3
:10DA900000242C7522F81340131803241C7502EB84
:10DAA00080035B680B6000F10C0332F813308B804D
:10DAB000012030BD0123E8E70020FAE730B5034636
:10DAC000827802F0FF00E2B99A7D022A17D0DC7D4D
:10DAD000022C13D1032281B11D190C3400202875AA
:10DAE00023F8140098180324047503EB82000C3209
:10DAF000406833F8123008608B80012030BD032469
:10DB0000E9E70020FAE7037D012B01D1008B704784
:10DB1000437D012B0CBF408B00207047837D012B80
:10DB200001D1808B7047C37D012B0CBFC08B0020BF
:10DB30007047038B23B9408B003818BF0120704712
:10DB400001207047838B23B9C08B003818BF012098
:10DB5000704701207047027D022A01D1008B704777
:10DB6000437D022B01D1408B7047032AF6D0032B53
:10DB7000F9D000207047827D022A01D1808B704746
:10DB8000C37D022B01D1C08B7047032AF6D0032B33
:10DB9000F9D000207047F4F75DBF2DE9F04104464D
:10DBA00008460D4691F8008001F046F907462846E0
:10DBB00001F03EF90646284601F042F908F0030854
:10DBC0006B78E07084F800806770A670A3802046B0
:10DBD000BDE8F081012808B506D0022806D040F241
:10DBE0009D410620F4F7D6F9002008BD0120FCE78E
:10DBF000F4F77CBF10B5044638B1F6F759F924EABA
:10DC00000000B0FA80F0400910BD0120FCE707B524
:10DC10000023CDE9003301238DF806306846F4F780
:10DC2000B1FD08B1002004E0009801F0A8FF002831
:10DC3000F4D003B05DF804FB1FB50022009240F65B
:10DC4000881303A9FBF790FA05B05DF804FB38B51B
:10DC5000054602F016F8F0B1284601F090FF08B929
:10DC6000002038BD284601F05AFE0446284601F03F
:10DC700059FE054688B9002CF2D02088F6F754FAF0
:10DC800020882946F4F75AFD0028E9D041F6EB41F7
:10DC90003920F4F77FF94220E3E70C20E1E72DE992
:10DCA000F8430F46B0F85A60B0F85C50804601F077
:10DCB00070FE0221044600F007FF02218146204643
:10DCC00000F002FF4E4528BF4E46B6B21B2E38BFAD
:10DCD0001B26FB2E28BFFB26854228BF0546ADB27A
:10DCE0001B2D38BF1B25FB2DB8F800303B8028BF0B
:10DCF000FB25B4F5A47F38BF4FF4A47440F6480365
:10DD00009C4228BF1C467E80FD80BC803C81BDE8D3
:10DD1000F8832DE9F04186B0054601A9008800F09E
:10DD20008AFE044600286FD1029A92F84631D91E25
:10DD30004B424B418DF80230936F98064ABF9DF8D5
:10DD40000230234683F001038DF8033092F8D83077
:10DD50009B0603D49DF80330002B5BD0EB881B3B64
:10DD60009BB2E02B58D82989A1F5A4739BB244F249
:10DD70004810834250D86B881B3B9BB2E02B4BD89A
:10DD8000AA88A2F5A4739BB2834245D840F64807FF
:10DD9000B94243D8BA4241D8029E4FF0FF0886F8F4
:10DDA0001B819DF802309BBB03A93046FFF777FF2C
:10DDB0006A88BDF81230BDF81410E888934228BF75
:10DDC0001346A6F82031BDF80E30AA88B94228BF04
:10DDD0003946834228BF0346A6F81C31BDF81030EF
:10DDE0002889BB4228BF3B46834228BF03468A425C
:10DDF000A6F81E31134628BF0B46A6F8223186F836
:10DE00001A81002386F81B31204606B0BDE8F08158
:10DE10003A24F6E71A24F7E71224F5E71124F3E78A
:10DE200010B5FFF7F4FE60B1F5F784FC044602F08C
:10DE300000F840B9204601F0F8FF80F00100C0B2C0
:10DE400010BD0120FCE70020FAE72DE9F04385B082
:10DE500006468846008802A900F0EDFD054640BB55
:10DE6000039C94F8593103F0FF051BB1B8F102058A
:10DE700018BF012594F88730222B94F8D93043EA53
:10DE8000D3030CBF85F001094FF00009DB0702D472
:10DE9000B9F1000F3BD0B77817B9F6F709F8074684
:10DEA000F078B0BBF6F704F83FB9B9F1000F29D10B
:10DEB0000925284605B0BDE8F0830028F5D0FF23EA
:10DEC00084F825310DBB94F8243103F0FF05E3B944
:10DED00084F8270184F8248184F82671B3788DF8BA
:10DEE0000430F3788DF805303379727901A943EA6B
:10DEF00002232046ADF8063000F008FE002384F827
:10DF00002531D6E700200746D9E73A25F6E71A2556
:10DF1000CFE7002FD3D1C8E708B5F5F7A5FF00205C
:10DF200008BD10B50378012B044601D9122010BD9D
:10DF3000FFF76DFE58B9207810F0FD000DD104F107
:10DF40001703E21D611CBDE81040F6F707BBF6F7AA
:10DF500097FB0028EFD00C20E9E7A37903F0C0037A
:10DF6000C02BE3D10120EAE710B50378012B04466A
:10DF70000DD8FFF74CFE60B9214611F8010B00F0F7
:10DF8000FD00003818BF012000F032FD38B9122022
:10DF900010BDF6F775FB0028EED00C20F8E7002046
:10DFA000F6E708B50088F6F771FB00280CBF3020B3
:10DFB000002008BD38B50546FFF729FE044638B9EC
:10DFC0002878003818BF0120F6F754FB204638BDEA
:10DFD0000C20FCE708B5FFF71AFE18B9F6F73AFB74
:10DFE000002008BDF6F74CFB0028F7D00C20F8E71E
:10DFF0000823037000207047102202704FF48153F1
:10E00000C2705922A0F801308280C380002070477E
:10E0100008B50821F4F704F9002008BD73B50646D9
:10E020000D460088694600F006FD044688B9B378BD
:10E030005BB9019B93F97000A87033882B80F6F7C9
:10E04000B5FCA870204602B070BD7F20FFF7F4FD3C
:10E05000F2E70224F6E710B504466FF07F00FFF701
:10E06000EBFDF6F7A3FC20707F20FFF7E5FDF6F748
:10E070009DFC6070002010BD10B50446F5F75AFBFA
:10E0800001F0D0FEF6F792FC2070002010BD08B51C
:10E090000A46072300F11001FEF75CFD002008BDD1
:10E0A00010B5014604460020F6F7C8F808B920600C
:10E0B000A080002010BD10B50446F5F7CFFE28B9AA
:10E0C00000202146F6F7A2F8002010BDFFF7A8FEB9
:10E0D0000028F5D10C20F8E710B50446FFF7A0FEA4
:10E0E00028B101202146F6F791F8002010BD0C2040
:10E0F000FCE7F7B50C4605466946008800F09BFC36
:10E10000A21C034690B9019901F18F0781F8C33031
:10E1100038681060387910712888208091F8C360C1
:10E1200006F0FF00002EF1D103B0F0BD0023C4F8CB
:10E1300002300220137123706370F5E7FFF7E9BD29
:10E140001FB5838844F29022934217D840F64802C4
:10E15000934228BF13460288ADF804204088ADF8EA
:10E160000600ADF80A000A8001A8ADF80830ADF845
:10E170000C30FFF7CEFD05B05DF804FB1220FAE786
:10E1800037B50D46694600F056FC044618B90198AB
:10E190002946FFF784FD204603B030BD10B5034685
:10E1A0006FF004040020482108221C7058709970F8
:10E1B000DA701C7158719971DA7110BD10B504468E
:10E1C000FFF725FD78B92146E27911F8010B00F03F
:10E1D000FD00003818BF0120F6F71CFB80F001009D
:10E1E0004000C0B210BDF6F74BFA0028EBD00C206F
:10E1F000F8E737B505460C460088694600F01BFC79
:10E20000D8B9019B83F86A0093F86820012A06D0E8
:10E21000022A04D04FF461710620F3F7BBFEA2700E
:10E2200093F86920012A01D0022AF3D1E27093F811
:10E230006A20002AE6D12B88238003B030BD10B5B8
:10E240008388022B044610D8C078FFF7D3FC08B9A6
:10E25000112010BDA078FFF7CDFC0028F8D0204693
:10E260000121BDE81040FFF7F0BD1220F1E737B5FE
:10E270008378C178027903F0010451EA040503F0C0
:10E2800002031DD052EA03051AD0002C18BF00214A
:10E29000002B18BF00228DF80320037842788DF8F8
:10E2A000021043EA0223ADF80030437982796846D0
:10E2B00043EA0223ADF80430FFF7C1FF03B030BDDD
:10E2C0001120FBE708B5F4F7B7FE002008BD13B531
:10E2D0000C46694600F0AFFB20B9019BB3F88030D3
:10E2E0000133238002B010BD07B50088694600F0F5
:10E2F000A2FB38B99DF80020019B012A05D093F8B4
:10E300002B216AB103B05DF804FB93F8DC21D2B293
:10E3100093F8A81011B912F0FB0FF0D10220F1E729
:10E32000FF2283F82B21EDE710B50446F5F7BAFD7F
:10E3300020606160002010BD2DE9F341054647785B
:10E3400000780121F4F7E4F9044600285ED001F0DA
:10E3500059FDEE78864228BF0646042FB6B22FD16B
:10E36000002E39D1204601F072FD6B78032B37D196
:10E3700007F0FD08B8F1010F44D1204601F067FD18
:10E3800000283CD1012F08BF4FF00208216B424604
:10E390006846F4F7F7FA6A68206B33460121FFF705
:10E3A00010FB002834D06B78023B012B2CD8206B5B
:10E3B000FFF7A9FB01210246206BFFF733FB23E0A7
:10E3C000206BFFF7A0FB304480B21F2804D8FB1E4F
:10E3D000012BC7D9002EC5D1122002B0BDE8F081B3
:10E3E0000028F9D1042BC3D1204601F0C8FB002836
:10E3F000F2D0206BFFF79DFB0028B9D1ECE74FF07E
:10E400000008C3E7042FC6D10020E6E74220E4E776
:10E410000720E2E72DE9F3410746457890F80380AD
:10E4200000780121F4F774F9044600283CD001F08B
:10E4300000FD0028206B08BF4FF00008FFF76EFBBF
:10E4400000EB0806B6B21F2E30D8042D2ED0032DB7
:10E450000CD1204601F0FBFC20BB012D14BF05228E
:10E460000622216B6846F4F78DFA08E0B8F1000F38
:10E470001CD0204601F083FBD0B9012DE9D07A6889
:10E48000206B43460021FFF79CFA98B1023D012D15
:10E4900004D8206B32460021FFF7C4FA002002B0F6
:10E4A000BDE8F0810422DCE74220F8E71220F6E71D
:10E4B0000C20F4E70720F2E713B50446F5F73AF924
:10E4C0004FF44073ADF8003000238DF802306846F9
:10E4D00014F8013B8DF803300194FFF79BFF02B065
:10E4E00010BD38B5012105460078F4F711F904464E
:10E4F000A0B101F044FB28B92046691C01F0D4FB0F
:10E50000002038BD204601F094FC08B10C20F8E74B
:10E51000204601F08AFC0028EED0F7E74220F0E721
:10E5200013B50446F5F706F914F8013B8DF80330EE
:10E530004FF44073ADF80030684600238DF8023088
:10E540000194FFF7F9FE02B010BD73B50546F5F76B
:10E55000F1F82B78044663B100230DF1010101208D
:10E560008DF80030F5F76AFE18B16846FFF7B9FF7D
:10E5700088B9002620468DF8006001F05EFC2B78FB
:10E580008DF80360C001012BADF8010005D169468B
:10E590002046F5F76FF902B070BD2BB9204602B0E6
:10E5A000BDE87040FFF753BB1220F4E710B500211F
:10E5B00004460088F4F7ACF820B1A11CBDE8104077
:10E5C00001F007BE022010BD08B500880021F4F755
:10E5D0009FF820B1BDE80840002101F0FABD0220FB
:10E5E00008BD37B505460C460088694600F023FA99
:10E5F00028B92B882380019BB3F8B430638003B023
:10E6000030BD37B503880B80044698B2638813B9D0
:10E61000122003B030BD694600F00DFA0028F8D191
:10E620006588019B42F21072A9B29C695143DA8D50
:10E6300062431C8C04FB02229142E9D39A699C69D3
:10E640009442FBD10022C3F8AC20621E0A44A3F816
:10E65000B450B2FBF4F2C3F8B020DAE710B50C46C0
:10E660000021F4F755F890B1022C12D804F0010201
:10E67000C4F3400480F8AD2180F8AC4112B190F8A9
:10E68000AA310BB9002010BD01F093F9FAE702207E
:10E69000F9E71220F7E710B504460078FF280AD002
:10E6A0000121F4F735F858B16378A27843EA0223E0
:10E6B000C384002010BDB4F80100F7F77DFEF8E731
:10E6C0004220F7E708B50078003818BF0120F7F7B7
:10E6D0003FFD002008BD10B50446F5F72BF8617822
:10E6E000C1F3400201F0010101F0C7FB002010BDA1
:10E6F0000620F5F7CBBB0820F5F7C8BB01F093BDAA
:10E700001220704710B5044604B910BD236898471D
:10E710006468F9E703680BB9016070471A465B68E3
:10E7200013B18A42FAD170478A4218BF51607047CC
:10E7300008B50020FFF712F9F4F7AEF8F5F7E8FC9A
:10E74000F4F72EFB20B140F221119320F3F722FCC5
:10E7500008BD08B5F7F7A4FCF8F710FA20B140F2AD
:10E7600041119320F3F716FCBDE808400120FFF7A4
:10E77000F5B808B5FFF7EDFF01F013FD20B14FF438
:10E78000AB719320F3F706FC08BDFDF781BC0B4687
:10E79000122203F8032BD0F80920C1F80320427B92
:10E7A0001A71704737B504460D46F6F7BDF918B330
:10E7B0006FF4A873E01802210388ADF8003034F834
:10E7C000ED3CADF80230684634F8EB3CADF804306F
:10E7D000FFF73BFB18B14221AE20F3F7DBFBADF8AE
:10E7E00000009DF80030002063F307009DF8013021
:10E7F00063F30F2003B030BD18232B70D4F8093019
:10E80000C5F803300423ADF80030EAE708B54368E3
:10E8100093F886201AB18521AE20F3F7BBFB2022A6
:10E8200083F8862008BD034610F0010007D19A073F
:10E8300004D4C3F380039B00D8B270470220704712
:10E840002DE9F84F0746104692461D46FFF7EBFFAD
:10E8500083460846FFF7E7FF4BEA0006F6B2003EA4
:10E860000A9C8846814618BF0126F5F721FB10EA6D
:10E870000A0A18BFDA46F5F71BFB97F8683010EA6A
:10E88000080118BF4946534508BF4FF0000A84F8F5
:10E8900000A097F869308B4208BF002161705AEAE6
:10E8A00001010BD1B7F88030013DED1AADB247F64A
:10E8B000FD739D428CBF002606F001063046BDE880
:10E8C000F88F70B5446894F88750A5F12003062BA3
:10E8D00006464DD92E2D4BD0002D47D194F88630C9
:10E8E000252B45D00B7913F0070335D04A7912F068
:10E8F000070231D084F8612084F8603094F8253123
:10E9000013BB94F82431012B1ED094F8693094F88D
:10E910006020D91E012998BF04239A4222D194F87D
:10E920006830DA1E012A94F8612098BF04239A42C5
:10E9300018D10223B4F8642084F82431B4F8663086
:10E94000A4F82621A4F82831222384F88730304601
:10E9500000F013FC284670BD3046C978BDE8704011
:10E9600000F03DBC3046F5F7EDFAEDE70125F1E7A3
:10E970002025EFE708B5436893F88720222A05D0C1
:10E9800022B140F2EA31AE20F3F704FB232283F8F0
:10E99000872008BDF5F7BCBB704730B542401C78F6
:10E9A00008785D7860404C786C4020449D788C7885
:10E9B0006C402044DD78CC786C4020441D790C7983
:10E9C0005B7949796C4020444B4018441044B0FABC
:10E9D00080F0400930BD024600200139C9B2FF294C
:10E9E00000D17047535C83F001030344D8B2F4E7CD
:10E9F00008B5F5F749FC082807D0F5F767FC0828A3
:10EA000003D0F5F779FC012008BD0020FCE708B52C
:10EA1000F5F73AFC082803D0BDE80840F5F756BCE6
:10EA200008BD08B501F00CFC18B1BDE80840F9F7C5
:10EA30008DBA082008BD10B50C460021F3F768FE1A
:10EA4000606018B101232370002010BD0220FCE794
:10EA500001440023884203D1B3FA83F04009704790
:10EA600010F8012B1343F5E7F8B5D0E90476054615
:10EA70000C46FCF765F820B940F207112920F3F79E
:10EA800089FAECB1D5E90423D21B63EB0603012A12
:10EA900073F100014FF0000114DB6FF001009042B0
:10EAA000994102DA40F21111E8E7631E1344B3FB07
:10EAB000F4F35C43E41946F10006C5E904461C463C
:10EAC0002046F8BD0C46FBE7CB1E012B10D80329CE
:10EAD0000CBF96234FF4167303F5BC730CBF1022C2
:10EAE0004022984210D9C01A90FBF2F080B27047D1
:10EAF000022904D13C2807D980100F38F6E7702886
:10EB000002D9C0100E38F1E70020704738B50D4625
:10EB10000446F5F7CDF92B78002B08BF034684F89F
:10EB200064306B78002B08BF034684F865306B882F
:10EB3000A4F8663038BD012908B5034606D002297D
:10EB40000CD040F289112920F3F724FA40F6C410C2
:10EB500040F2E242002B08BF104608BD40F6C41048
:10EB6000FBE707B5002301A80193FAF7CDFA019856
:10EB700010F0030018BF012003B05DF804FBC2B21F
:10EB800092FAA2F2030A93FAA3F31B0E100E40EAC4
:10EB90000320704770B50131C9B20530002210F86A
:10EBA000013F8B4216D310F8054C0023012505FACE
:10EBB00003F626421CBF01F1FF31C9B269B101332E
:10EBC000082BF4D10132D2B2052AE8D1992146208E
:10EBD000F3F7E0F9C91AC9B2F4E703EBC200C0B217
:10EBE00070BD0B6870B5C0F801300B7903F01F03DE
:10EBF000437100230446C3720546461D15F8010FF4
:10EC000000F0A1FA6871E37AB5421844E072F5D1D8
:10EC100070BD70B581EA11418CB20546C17A0326F8
:10EC200082EA0400FFF7ABFF013E00EB0010221860
:10EC300016F0FF0690B2F5D144402522B4FBF2F362
:10EC400002FB1343C3F3C4022A44D8B2567803F03C
:10EC50000703012202FA03F31E4207D1614328464B
:10EC6000C1F30741BDE87040FFF794BF70BDF8B530
:10EC700090F821506B1E242B044654D80AB900206A
:10EC8000F8BD807D18B1012844D01F20F8E794F822
:10EC9000233094F8221002FB01322523B2FBF3F15A
:10ECA00003FB1123DBB204EBD30284F82330D17DC4
:10ECB00003F007060122B240114202D084F824304A
:10ECC000DDE7B3FBF5F205FB1233013303F0FF037D
:10ECD00004F11B0111F8012F934218D811F8055CBB
:10ECE0000022012606FA02F72F4208D0013B13F05A
:10ECF000FF0304D102EBC00284F82420BFE70132F5
:10ED0000082AEFD10130C0B20528E3D1BDE79B1A34
:10ED1000DBB2F7E72289C96904F11600FFF779FF32
:10ED200084F82400ABE71220AAE70378890123F0D6
:10ED3000400301F040010B4303707047037803F078
:10ED40007F0343EAC113037070471F2A38B5054695
:10ED5000144603D9B7212A20F3F71CF909300634E9
:10ED6000FEF7DAF86C7038BD1F2A38B50546144630
:10ED700003D9D9212A20F3F70DF909300634FEF71B
:10ED8000CBF86C7038BD037803F00F03032B0246F9
:10ED90003ED0052B42D1C37F90F82000034392F868
:10EDA0002100034392F82200034392F8230000F06D
:10EDB0001F00184333D05378222B2FD1B2F81930CB
:10EDC000B1B1B3F5506F13D940F607518B4225D836
:10EDD000B2F81B30B3F5FA7F20D2B2F81D000A3822
:10EDE00080B240F6764398428CBF002001207047E5
:10EDF000991F89B240F67A4081420FD8917D481E12
:10EE000007280BD8994209D2B2F817109942DEE7C9
:10EE10004078A0F10C0358425841704700207047D9
:10EE2000037801F0030123F003030B4303707047E1
:10EE30000078C0F3800070470078C0F3C0007047CE
:10EE40000078C0F3001070471B2A08B504D940F2BF
:10EE500044412A20F3F79EF84270BDE80840033091
:10EE6000FEF75AB8B0F80730B1B1B3F5506F13D907
:10EE700040F6075293421FD8B0F80930B3F5FA7F35
:10EE80001AD2B0F80B000A3880B240F676439842A6
:10EE90008CBF0020012070479A1F92B240F67A4141
:10EEA0008A4209D80279511E072905D89A4203D20D
:10EEB000B0F805209A42DEE700207047406890F8DD
:10EEC000AA3123B1002380F8AA3100F072BD704747
:10EED00008B5017A19B101290AD0002008BD0368DC
:10EEE000C28802218088F5F7D5FD20B10120F5E721
:10EEF0000368C288F6E7F5F7BBFFF7E702230B705C
:10EF000001238B707047F5F737BF10B521B94FF467
:10EF100010711020F3F73EF84A600B72EFF3108483
:10EF200072B6031D0B6042681AB1127A012A08BF3B
:10EF3000036003681960016004B962B6BDE810405F
:10EF4000F5F764BF0222F5F781BF0322F5F77EBF14
:10EF50000422F5F77BBF0222F5F7BCBF11230B702B
:10EF60006FF49A7318440388A1F80330838FA1F8D3
:10EF70000530B0F84030A1F80730C38FA1F8093050
:10EF8000B0F84230A1F80B307047012908B503D121
:10EF90000E30C00080B208BD022902D10F308000BF
:10EFA000F8E74FF42E710620F2F7F4FF30B587B082
:10EFB00004460D46F5F7C0FD90B3A4F59F7469466D
:10EFC00024882046FFF7DCF820B14FF484712C2010
:10EFD000F2F7E0FFBDF80630ADF80E30BDF80830AE
:10EFE000ADF81030BDF80230ADF8123003A8BDF80E
:10EFF0000430ADF80C40ADF81430FFF79FF810B1B5
:10F0000040F21111E3E7ADF80C009DF80C30002040
:10F0100063F307009DF80D3063F30F2007B030BD98
:10F020002B46172203F8032BD4F80920C5F8032038
:10F03000D4F80D205A60B4F811201A810423ADF8D9
:10F040000C30E2E740687047C08A704710B58A8884
:10F050000B89CC884988A0F85010A0F85440A0F83B
:10F060005220A0F8563010BD8383BDF800300183D4
:10F070004283C383704738B5C58B438C04469D4299
:10F08000007A28BF1D46FFF780FF6389AB4228BF87
:10F090002B46984238BF184680B238BD2DE9F04162
:10F0A00006460F468089194698461446FFF76DFFBD
:10F0B000414605463046FFF7DEFF854228BF05463C
:10F0C0009DF81810B08AFFF760FFF38A834228BFCB
:10F0D0000346ADB2A01D15FA83F338441844BDE8C9
:10F0E000F08107B590F86930009390F868300022FD
:10F0F00096213030FFF7D2FF03B05DF804FB38B53E
:10F100000D4619461446FFF7ECFF96342044A842FA
:10F1100094BF281A002038BD38B50D461146044664
:10F12000FFF7DFFF2844606338BD8369006B9842B6
:10F1300028BF184601F19C0383423DBF401A9C380A
:10F1400040080020704700F05503400800F05500CB
:10F15000034403F033009B0803F03303034403F03C
:10F160000F0000EB131070474368002283F88620DD
:10F1700083F8C220A3F8BE20704743680022A3F89A
:10F18000C42093F8C620013283F8C620704708B522
:10F19000426892F8C630013B5BB2002B82F8C63061
:10F1A00003DA52214A20F2F7F5FE08BD436883F8DE
:10F1B0000B1183F80A217047A0F10A03042B0CD924
:10F1C000A0F14303012B08D9A0F120032E2818BF7A
:10F1D000062B94BF01200020704701207047426831
:10F1E000936F10B513F0080408D143F00803936738
:10F1F00082F80811FFF7C1FF204610BD0120FCE78F
:10F2000030F8023CF7B530F8A07C05460E4673B1E5
:10F21000012268468DF80020ADF80170ADF803308A
:10F22000F4F7A2FB18B195216320F2F7B3FE08238F
:10F2300000243370B470A6F803706B7A55F88C0C08
:10F240007371FEF770FA08B9BA21EDE73846F4F7A2
:10F250006BFF21463846F3F771FA4FF4017303F060
:10F260000402204662F307001B0A63F30F2003B079
:10F27000F0BD436893F88820063A012A81BF0A79D5
:10F2800083F88920062283F888200020704742688E
:10F2900092F88830063B012B84BF072382F8883020
:10F2A000704770B5426892F88750F5B9B1F80930E7
:10F2B000B2F88060A2F83C32013B9B1B9BB247F640
:10F2C000FD76B34206D9282382F8A930F6F72EF846
:10F2D000284670BD4B68C2F83E320B7A82F8423243
:10F2E00043680A2283F88720F2E70125F0E70B46FE
:10F2F000062203F8032BD0F80920C1F80320D0F828
:10F300000D205A60427C1A720023CB70704770B592
:10F31000436893F8875006460C46002D42D1294693
:10F320002046FFF79FFD28B9E1783046BDE87040E0
:10F33000FFF755BF7268B4F80D30B2F88010A2F82C
:10F340003C32013B5B1A9BB247F6FD718B4207D9F9
:10F35000282382F8A9303046F5F7E8FF284670BD2B
:10F36000B4F8073040F2E2414B43C2F8443223790B
:10F37000C3EB431003EB800303EB83035B00A2F8B2
:10F380003E32B4F805304B43C2F84032B4F809308D
:10F39000A2F84832B4F80B30A2F84A320D2382F8B2
:10F3A0008730DBE70125D9E708B5436893F8862065
:10F3B0001AB12621A320F2F7EDFD1D2283F8862045
:10F3C00008BD73B5456895F886301D3B022B06468F
:10F3D0000C4623D809891A2919D96389B3F5A47F62
:10F3E00015D3A2881A2A12D9E088B0F5A47F0ED3CB
:10F3F000009005F13000FFF737FE7168284601F2F2
:10F400003511F5F789FD70680621F6F7B5FE002085
:10F4100085F8C20085F8860002B070BD0120FBE7C8
:10F420004268936FD90610B5044603D4B021A320D7
:10F43000F2F7B0FD990601D5B121F8E723F01003EA
:10F440009367FFF7A4FE60680621BDE81040F6F759
:10F4500093BE09230B70D0F80930C1F80230704711
:10F460000B460A2203F8022BB0F809204A80C27A20
:10F470009A70704738B5436893F88740054634B1B1
:10F48000113C0B2C8CBF01240824204638BD93F876
:10F490008C30002BF9D0FFF770FE6B68112283F8D7
:10F4A0008720F2E708B5436893F88720152A04D02F
:10F4B0004FF4BD711F20F2F76DFD012283F8C720C4
:10F4C000162283F8872008BD436893F88720122A04
:10F4D00003BF1322002083F887200220704710B555
:10F4E000436893F88730182B044607D1FFF74FFE87
:10F4F00063681C2283F88720002010BD0220FCE7EF
:10F5000008B5436893F88720112A04D040F2A3116C
:10F510001F20F2F73FFD012283F8C720122283F853
:10F52000872008BD08B5436893F88720162A04D0C1
:10F5300040F2AB111F20F2F72DFD182283F887202F
:10F5400008BD0B46052203F8032BD0F80920C1F8AB
:10F550000320D0F80D205A60B0F811201A81C27C27
:10F560009A72704708B5436893F886201AB1DD2176
:10F570001C20F2F70FFD042283F8862008BD4268A4
:10F5800008B5936FD90703D4EB211C20F2F702FDD5
:10F5900023F001039367BDE80840FFF7F8BD0C2393
:10F5A000A0F596700B7003884B807047436893F802
:10F5B00086200F2A01BF002283F8B62083F8C220DC
:10F5C00083F886200020704738B54568AB6F13F08C
:10F5D000040407D1FFF7D1FDAB6F43F00403AB6721
:10F5E000204638BD0120FCE74268936F23F00403F6
:10F5F0009367FFF7CCBD08B5436893F886201AB12E
:10F6000070214B20F2F7C6FC0F2283F8862008BD3C
:10F6100010B5D0E90D42A24206D30B8CC98D05333B
:10F620004B43121B934202D3012380F83E3010BD9E
:10F6300001230B7000238B7030F8CA3CA1F8033013
:10F64000437A4B714389CB8083890B81704710B516
:10F65000446894F8C9309A070ED494F886301BB1E8
:10F6600074214020F2F796FC012284F8862084F869
:10F67000C220A4F8BE3010BDA36F9B0705D5FFF7CD
:10F6800086FDA36F23F00203A367002384F82A31C9
:10F69000F1E710B50B794C790A68012843EA042197
:10F6A00008BF41F48031104610BD07B5FFF7F1FFE8
:10F6B0000DF10702F6F756F803B05DF804FB08B544
:10F6C000FFF74FFA002814BF1420002008BD10B522
:10F6D000F9F766FC0446FFF7F2FF04F55F43D0300C
:10F6E0004FF47A724133B3FBF2F3184410BD10B5F6
:10F6F000044690F86900FFF7EAFF01220146204620
:10F70000BDE81040FFF708BD7FB5044618B9AA212F
:10F710003020F2F73FFC072900F2D780DFE801F044
:10F7200004C933332ED5C1D390F8F431B0F880201A
:10F73000DBB1B0F8F231934208BFB0F8A4319A1AA5
:10F74000A0F8A621A4F88030D4E982232046C4E999
:10F750008423F8F765FA94F8AB31002B00F09F8012
:10F7600004B0BDE8704000F025BDB0F8F0319B1A40
:10F77000A0F8A631B0F8F0319BB2E3E704B0BDE8E1
:10F780007040F9F7CDBAFBF757F8D4E98423801A13
:10F7900061EB0301012871F1000302DA40F23C61E0
:10F7A000B6E76FF0010383424FF000038B4102DAAA
:10F7B00040F23D61ACE7A3690BB1B0FBF3F394F801
:10F7C0008710B4F8F2210D2932D10132A4F8F221C8
:10F7D000B4F82A32B4F880500133A4F82A32B4F8CD
:10F7E000BA301D44B4F8B830013DED1AADB202AEE6
:10F7F000B4F8F2116B1A180435D4002300961A4697
:10F800002046F6F757F8012849D1B4F8F221B4F8A8
:10F81000A011BDF808301344521A12049BB204D54B
:10F82000EA1A12F4004F18BF0B46A4F8F231DFE7D2
:10F83000B4F880100B449BB2D11A0D044DBF0133B4
:10F84000013293B29BB2A4F8F23194F8F531002B57
:10F85000BED1B4F8A431B4F8F221934204BF01330D
:10F86000A4F8F231B4E794F88A300394002B14BF63
:10F8700008233E2384F8A930304601238DF8083050
:10F88000F5F754FD204600F097FC002384F8DC31A6
:10F8900094F8F701FAF7EAFF202384F8F73104B06F
:10F8A00070BD0120FBF794FA04B0BDE87040FEF78C
:10F8B0009FB990F8DC31042B01D0D02128E7002338
:10F8C00080F8DC31EBE7D62122E7DA2120E713B517
:10F8D000002380F8DC31A0F828321A46009319463C
:10F8E0000446F5F7E7FF20B140F21D213020F2F782
:10F8F00051FB012384F8DC31C4F8D801C4F8D001ED
:10F90000A4F8F201A4F8F00184F8F501B4F880300D
:10F91000A4F82A02013BA4F8803002B010BDD0F850
:10F92000CC00704710B5044690F81031EBB1FF23BE
:10F9300080F81831012100F09DFA94F81031A3B13C
:10F9400094F8C800FBF7D2F894F8C800FBF708FA5F
:10F9500094F8C800FAF78AFF20B940F20921302054
:10F96000F2F718FB002384F81031002010BD08B511
:10F9700090F8182142B990F8D02042B1D0E9353141
:10F98000994202D9F7F76AFA0022104608BD01220F
:10F99000FBE710B50446FFF792FE00F2DB112046AC
:10F9A000FFF7C3FB40F64803984228BF184680B2D1
:10F9B00010BD7FB5044690F8AB3103F0FF05002B76
:10F9C0005AD190F8DC31032B56D1FAF735FFD4E940
:10F9D0008423801A61EB0301012871F100034BDBE2
:10F9E0006FF00103834275EB010104DA40F2E55147
:10F9F0003020F2F7CFFAA269B4F880300AB1B0FB38
:10FA0000F2F2013313449BB2A4F8F031B4F8F021C0
:10FA1000B4F8A4319B1A1BB2002B2DDD94F8F7012A
:10FA2000FBF764F840B3FF2384F8F531B4F8BA303B
:10FA3000B4F880501D44B4F8B830013DED1AADB2B1
:10FA40000DF10E06B4F8F031EB1A1B0414D4B4F81F
:10FA5000F01100960023012289B22046F5F72AFF13
:10FA6000012809D1B4F8F031BDF80E2012FA83F361
:10FA70009BB2A4F8F031E5E704B070BD70B5044660
:10FA800021B1012977D040F6280171E000F009F991
:10FA900094F8113105460E46DBB150EA010318D047
:10FAA000D4E93832D4E94001C01A61EB020133468F
:10FAB0002A46FDF79DF905FB01F300FB0633A5FB84
:10FAC00000021344D4E93821121843EB0103C4E9BE
:10FAD0003823E08C30B1F5F781FAE38CB0FBF3F218
:10FAE00002FB1300D4E93832ED1846EB02062D185C
:10FAF0004FF0000346F100060222C4E93856C4E97B
:10FB0000405684F8F030A4F8F82084F8113194F8C5
:10FB1000183103F0FF01DBB9D4E942026FF0004372
:10FB20009A4208BFB0F1FF3F18D02046D4E94056B2
:10FB300000F0ACF8D4E94232E5305B1B62EB060220
:10FB40001B1A62F10002002A08DA2046F7F786F94C
:10FB5000F8F7CCFFBDE87040FAF772BE94F8C80021
:10FB600004F1F001FAF72EFF0028F1D14FF4EA6119
:10FB70003020F2F70FFA002380F8D030E8E790F851
:10FB80001001003818BF012070470B46142203F8FB
:10FB9000032BD0F80920C1F80320D0F80D205A60BB
:10FBA000704738B50B46102203F8032B0C4600F1C2
:10FBB0000902293052F8041B43F8041B8242F9D190
:10FBC00012781A70A5880123A37100212846F2F744
:10FBD0009FFD70B1E37863B10088F4F7A5FA0021C6
:10FBE0002846F2F7ABFD20B140F22B212D20F2F791
:10FBF000D1F938BD0121F6F7C1BEFFF7FBBF90F880
:10FC00007A300BB10120704790F8B22002F0FF0368
:10FC1000002AF7D190F8A4201846704737B504465B
:10FC20000D464FF490720021FDF736F9FF23237043
:10FC30001323638042F21073E384F2F775FE00220F
:10FC4000014620636846F2F79DFE206B00220121E9
:10FC5000FDF7E8FE216B68460422F2F793FE0022CE
:10FC6000206B1146FDF7DEFE04F12800A57403B0F9
:10FC7000BDE8304000F03AB9FF23086B0B70FDF788
:10FC80009DBE0078FF3818BF0120704710B50446AC
:10FC9000283000F081F961882822F7F711F96D30DA
:10FCA00010BDD0E9020170470B68C0F815308B8891
:10FCB000A0F819300123C37670472DE9F04F0646AE
:10FCC0000C4607460FCE91B006AD0FC50FCE0FC53F
:10FCD00096E803000DF1100885E80300404600F0A7
:10FCE00005F9667894F8149094F80AA094F800B096
:10FCF00006F07F05B9F1010F2E4607D0B9F1020FCA
:10FD000004D040F29A310620F2F744F9617A404675
:10FD100000F0F3F8237D227F022B08BF617D02F102
:10FD2000010206BF0131C9B20121D2B2404600F042
:10FD3000E6F815F0080362D14046019300F02CF973
:10FD400028223146F7F7BCF8E578019B00F2D7226C
:10FD5000207945EA0025607940F2712145EA0045A5
:10FD60004D43B2FBF1F24A43AA420AD9E079A579A0
:10FD700045EA0025207A45EA00454D43954228BFD3
:10FD80001546227E0393531E5A425A41A17C386B7A
:10FD900002910192FDF7DFFE386BFDF7ECFE039B4D
:10FDA000019A0299ADF81A6008958DF828208DF80F
:10FDB0002B108DF82CA08DF818B08DF81C9009939D
:10FDC00006AE0FCE3D460FC50FCE0FC596E8030019
:10FDD00085E8030098E80300B862B985E37A03F088
:10FDE000FD03003B18BF012387F85730E368BB656C
:10FDF000238AA7F85C30002011B0BDE8F08F002501
:10FE00002B46BEE7438813F0040F0CBF1F200020D1
:10FE100070474FF40043C38543881D2B08BF002162
:10FE20004174704790F912007047408800F001005B
:10FE300070478078C0F3400070478078C0F3C000FE
:10FE4000704708B5006BFDF77DFE012008BD01205D
:10FE500070470120704790F8503001624B72D0F823
:10FE60005130C1F80A30B0F85530CB817047704737
:10FE7000F6F7F2BA80F87010704780F8241080F816
:10FE8000252070478278034612F0010002D0D9780D
:10FE9000C90710D5900702D5D97889070AD512F07D
:10FEA000040008D0D878C0F3800080F00100800002
:10FEB000C0B2704702207047C0F34002C0F3800315
:10FEC000134400F0010018447047022808B507D019
:10FED000042807D0012807D039212E20F2F75AF83C
:10FEE000262008BD2720FCE72520FAE70023C0F8DC
:10FEF000023001234370037070478170704710B562
:10FF00004270017080781446FFF7D6FF10FB01F0B5
:10FF100010FB04F2FE2A03DD5C212E20F2F73AF8F2
:10FF200010BD0023C37043710371704710B50446C0
:10FF3000FFF7A8FF637962780133DBB29A426371FD
:10FF40000FD1E378A1780343DBB29942E37008BF95
:10FF500023794FF0000208BF0133627104BFE270E1
:10FF60002371BDE81040FFF7B0BF38B50146807877
:10FF7000FFF7A2FF0446C8784D78FFF79DFF0A7986
:10FF80000B789B1A13FB05F34A7913FB04F39B1AB6
:10FF900000FB1530C0B238BD08B501468078FFF7C8
:10FFA0008BFF4B780A7813FB02F313FB00F0C0B20F
:10FFB00008BD40F2EF20704740F25A335843704773
:10FFC00038B553680E3814460D4693F88620092834
:10FFD0003FD8DFE800F0053E3E3E0F3E173E3E268E
:10FFE000042A05D12046FFF7BFF82046F5F7FCFAB2
:10FFF000002038BD0F2AFBD120460021BDE8384043
:020000040001F9
:10000000FFF7D4BA1D2AF3D12046FFF7ADF8002D33
:10001000EED0626892F8D83023F0200382F8D8300E
:10002000E6E793F88720232AE2D1002583F887505A
:100030002046FFF7ACF8636893F82431012B03D115
:1000400029462046F3F756FF6368002283F82421EF
:10005000CEE740F256213120F1F79CFF08B590F829
:100060000E31FE2B04D040F6CB013120F1F792FF88
:10007000002380F80E1180F80F3112B9A0F8C420C7
:1000800008BDA0F8BE30012380F8C230F8E708B5FB
:10009000436893F88720162A04D040F26251312039
:1000A000F1F778FF1A2283F8872008BD08B5436866
:1000B00093F88720312A06D1002283F88720BDE8F3
:1000C0000840FFF764B8162A03D11A2283F8872064
:1000D00008BD40F277513120F1F75CFF037D63B931
:1000E000C37BA3F11002032A07D990F8500028B16E
:1000F0001C2B8CBF00200120704701207047024656
:100100004068097990F886301D2B14D00BD8042B49
:1001100013D00F2B13D090F88730232B0CBF172050
:10012000FE20F7F7B1B8282B0BD02E2B01D0212BB6
:10013000F1D11620F5E71420F3E70E20F1E71220A5
:10014000EFE72320EDE7024640680B4690F8D81011
:1001500041F0040180F8D81059791879F7F794B86C
:1001600038B50C460546D1E90401F2F781FB94F855
:10017000F70120280FD0FAF7B9FC94F8F701FAF745
:10018000EFFD94F8F701FAF771FB20B940F635114D
:100190003120F1F7FFFE28460221BDE83840F2F792
:1001A000CDBA0020704708B5F4F762FFBDE80840FB
:1001B000F5F722B9F2F724BF0022A0F8862080F8D4
:1001C0008A2090F8AB3113B10221F5F7D5BF032196
:1001D000FBE738B50446084694F8303213B10C25D5
:1001E000284638BD94F88730153B012BF7D894F892
:1001F000543203F0FF05002BF1D191B194F8C631D0
:1002000023B940F6AC213120F1F7C4FE052304F1F7
:10021000F00204F5DB71FCF79DFC012384F8303219
:10022000DEE70223FAE7F4F797BF08B5F8F712FA0A
:10023000F7F7C4FFF7F712FEBDE80840F7F79ABEDC
:1002400008B5C821F7F76AFE022807D1013911F075
:10025000FF01F7D1EB213B20F1F79CFE431E5842F2
:10026000584108BD4FF08053D3F8A00000F00100C2
:1002700070474FF08053D3F8A420D3F8A830511C16
:100280009BB203D14FF6FF718B4203D00260838093
:1002900001207047002070474FF0805330B5D3F8ED
:1002A0009050D3F89440D3F89810D3F89C2005EAE6
:1002B00004030B40134001331FBF0560446081609D
:1002C000C2600CBF0020012030BD4FF0805330B51C
:1002D000D3F88050D3F88440D3F88810D3F88C201A
:1002E00005EA04030B40134001331FBF056044605F
:1002F0008160C2600CBF0020012030BD10B5F8F74E
:10030000EBF90446FAF74AFD201841F1000110BD4F
:1003100010B504460846F8F743FE4FF47A73B0FB75
:10032000F3F0201A10BD10B504460846F8F738FE61
:10033000023C00F2E7334FF47A72B3FBF2F3E01AB7
:1003400010BD08B5FCF7B8FCBDE80840FBF7DEBA05
:10035000801A00F3070038B540B20D4659B2144672
:10036000FBF7C4FA002328706B70204440B238BDFC
:100370000023036070477047002070474FF0FF3044
:1003800070474FF0FF30704770474FF0FF307047B5
:1003900000207047002070470023037070479DF8CD
:1003A00000300022FFF7D4BF4FF0FF30704700202D
:1003B00070474FF0FF3070474FF0FF307047704785
:1003C000C0B208B520B94FF0804301221A6008BDC1
:1003D0005121B520FCF770FA0020FBF7EFBA4FF07F
:1003E0008043D3F8080400F0010070474FF08043C9
:1003F000D3F8140400F0010070474FF08043D3F8A5
:100400001C0400F0030070474FF08042D2F818340B
:10041000D2F81824C3F3004302F00302824214BF4F
:10042000002003F0010070470020FBF741BB0020D3
:10043000FBF76CBB0020FBF7C1BA38B5054691F855
:100440002B000C46FAF712FA18B9F6216A20FCF7CD
:1004500033FA0023238584F82A300921236A2846A9
:10046000984718B103780BB1FA21EFE738BD08B50A
:10047000426A034611441A785962012AA1F15000D8
:1004800006D1FAF787FB40B9DA216A20FCF714FAA3
:10049000FAF780FB08B9DF21F7E708BD70B5FCF774
:1004A00081F9002405462646E0B2854200D870BD99
:1004B000FCF77EF90134068580F82A60F4E7F8B588
:1004C00004460D46FCF76EF900270646F8B2864250
:1004D00004D8082D0CD96FF0150008E0FCF768F976
:1004E00090F82A300137002BF0D04FF0FF30F8BDE4
:1004F0002CB129462046BDE8F840FCF765B92146F5
:100500002046F8E710B50446FCF752F9014688B1D9
:1005100090F828308BB990F82A3073B1013B012B49
:1005200004D82046FFF789FF002010BD012380F882
:100530002830F9E76FF00100F7E76FF02200F4E7E9
:1005400070B50D46FCF734F90446002848D090F801
:100550002A60731E012B49D8002D44D02846FBF792
:10056000F7FE00283FD02B78FBB9012323702B79AD
:10057000003B18BF012363726B79002B14BF042367
:1005800002232372AB686F336360EB68236103233C
:1005900094F82B0084F82A302146FAF713FA40BB6E
:1005A00040F2E2216A20FCF787F9022E1ED10023D7
:1005B00023702B79003B18BF012363726B79002BEA
:1005C00018BF04262672EB68A9686F336360D4E90C
:1005D00006325B1842EBE172C4E904320423D7E728
:1005E0006FF0010070BD6FF01500FBE76FF02200A7
:1005F000F8E70020F6E7F8B5037904461BB11B21A4
:100600009D20FCF759F94679017126B90123437100
:10061000217909B96171F8BD276826712046B8476C
:1006200002280546F4D103212046B84708B12F21FE
:10063000E6E723682946204698470028E8D030217D
:10064000DEE703460068884204D109B10A681A60EF
:100650000846704728B97047884202D10A681A6074
:10066000F6E7034600680028F6D1704703460020ED
:1006700018707047EFF3108272B603780121DBB275
:10068000017002B962B6012B0CBF6FF0220000208E
:100690007047EFF3108372B60022027003B962B69E
:1006A00000207047FCF7E2BAFCF72ABBFCF728BB36
:1006B00000280CBF6FF01500002070470020704725
:1006C0000723037000207047002070470020704708
:1006D00010F8012B11F8013B012A28BF9A42F7D0EC
:1006E000D01A7047034611F8012B03F8012B002A9A
:1006F000F9D17047034613F8012B002AFBD1181AD1
:10070000013870472DE9F04786468C460846089E1A
:10071000154674461946002B40F0C2808542B2FA55
:1007200082F245D94AB1C2F1200300FA02FC2EFA46
:1007300003F3954043EA0C0C94404FEA154EA8B2DF
:10074000BCFBFEF8230C0EFB18CC08FB00F943EAB7
:100750000C43994528D9EB1808F1FF3704D2994585
:1007600002D9A8F102072B44A3EB0903A4B2B3FBFF
:10077000FEFC0EFB1C330CFB00F044EA0344A042D9
:1007800014D92C190CF1FF3304D2A04202D9ACF1D8
:1007900002032C44241A43EA07401EB1D44000232C
:1007A00034607360BDE8F0874746DDE76346F1E7F4
:1007B00092BB431B01214FEA154EAFB2B3FBFEFCC7
:1007C000200C0EFB1C330CFB07F840EA0343984552
:1007D00062D9EB180CF1FF3004D2984502D9ACF184
:1007E00002002B44A3EB0803A4B2B3FBFEFC0EFBF8
:1007F0001C330CFB07F744EA0344A7424ED92C19DB
:100800000CF1FF3304D2A74202D9ACF102032C440D
:10081000E41B43EA0040C0E7C2F1200320FA03F1E1
:10082000954090402EFA03F303434FEA154EAFB2C2
:10083000B1FBFEFC0EFB1C10190C0CFB07F841EA87
:100840000041884504FA02F422D969180CF1FF30FE
:1008500004D2884502D9ACF102002944A1EB080179
:100860009BB2B1FBFEFC0EFB1C110CFB07F743EA2D
:1008700001439F420ED9EB180CF1FF3104D29F4285
:1008800002D9ACF102012B44DB1B41EA004192E7A3
:100890006046E3E76146F7E76046A3E76346B7E7EC
:1008A000834206D916B9002108467BE7C6E900E075
:1008B000F9E7B3FA83F78FB9834201D3724508D8B9
:1008C000BEEB020460EB030301209C461EB900212D
:1008D00068E73846FAE7C6E9004CF8E7C7F1200CAC
:1008E000BB4022FA0CF41C432EFA0CF120FA0CF354
:1008F000B84001434FEA14490EFA07F5B3FBF9F883
:100900001FFA84FE09FB18300B0C08FB0EFA43EAB1
:1009100000439A4502FA07F240D9E31808F1FF3084
:1009200004D29A4502D9A8F102002344A3EB0A039A
:1009300089B2B3FBF9F809FB183308FB0EFE41EA54
:1009400003418E452CD9611808F1FF3304D28E453E
:1009500002D9A8F10203214443EA0040A0FB029817
:10096000A1EB0E014145CE46434602D306D14D458B
:1009700004D2B9EB020E68EB04030138002EA6D0B6
:10098000B5EB0E0261EB030101FA0CFC22FA07F34E
:100990004CEA0303F940C6E9003198E74046C5E751
:1009A0004346D9E700000000F7B50022114640F6A3
:1009B000034004F07FFF0446002853D104F04AFEB0
:1009C000214601AA41F2030004F074FF0446002806
:1009D00048D1019AAD4DD168D1F80100D1F8051088
:1009E00005F1780303C3104604F012F9214601AA69
:1009F00041F2010004F05EFF044698BB0198C36811
:100A00005A7885F870205A88A5F872201A7985F8E6
:100A10007120B3F80720A5F87420B3F80530A5F8C5
:100A2000763004F0F5F8214601AA41F2020004F004
:100A300041FF0446B0B9019FFA6805F18006531CD6
:100A4000413218685968344603C408339342264635
:100A5000F7D1384604F0DCF895F87C305B0604D416
:100A60006FF01204204603B0F0BD01AA002142F24B
:100A7000030004F01FFF04460028F3D1019B844EBD
:100A8000DA68D2F80100D2F8051003C6184604F05F
:100A9000BFF8214601AA42F2020004F00BFF04460F
:100AA0000028DFD1019CE368B3F8012091B249B17D
:100AB000D97839B1A5F80421DA78114606F1280071
:100AC0001AF05CFA204604F0A3F895F87C601F2326
:100AD00016F02006A5F8203119D14FF0FF304FF065
:100AE000FF3104F0DFFD0446002800F0C78002213A
:100AF0000C3015F069FE0123037046702146324622
:100B000040F66D4004F0D6FE04460028AAD195F8C0
:100B10009C301F0712D501AA002142F21C0004F0EC
:100B2000C9FE044600289DD10198C368D3F801206E
:100B3000D3F80530C5E9382304F06AF895F8D830C1
:100B40009E0625D50DF10201684616F0AFFA04465F
:100B5000002887D14FF0FF304FF0FF3104F0A2FDA5
:100B60000646002800F08A8004210C3015F02CFE87
:100B7000BDF800300380BDF8023043802246314684
:100B800042F2240004F096FE044600287FF46AAF87
:100B900095F8D8305C0610D501AA002142F22A004F
:100BA00004F088FE044600287FF45CAF0198C36817
:100BB0005B7885F8223104F02BF84FF0FF304FF0CE
:100BC000FF3104F06FFD0446002857D008210C3097
:100BD00015F0FAFD95F8D81011F0400F024640F2DA
:100BE000022308BF032388074CBF43F02C0043F0C7
:100BF0000C0095F8D9308F0648BF40F0400013F044
:100C0000090F18BF40F40060CE0748BF40F0100045
:100C1000002116F016F82146002242F2010004F0ED
:100C200049FE044600287FF41DAF95F87C30B5F8E6
:100C30000411980625D4C9B901AA41F2050004F0AF
:100C400039FE044600287FF40DAFB5F80431019C4D
:100C50004BB9E368B3F80120A5F804219A880D4840
:100C600011461AF08BF9204603F0D2FF4FF0FF3007
:100C70004FF0FF3104F016FD044668B96FF06804C8
:100C8000F0E60029F2D16FF00404EBE6E80300205F
:100C9000C0040020F004002008210C3015F094FD61
:100CA00095F8D830D907024652D42D484FF000515C
:100CB00015F0C7FF2146002240F6014004F0FAFD7E
:100CC000044600287FF4CEAE014601AA4FF601404B
:100CD00004F0F0FD044620BB019803F099FF214683
:100CE00001AA4FF6024004F0E5FD0446C8B9019898
:100CF000C368B3F80130A5F8C13003F089FF95F857
:100D0000C1305B070DD501AA21464FF6034004F020
:100D1000D1FD30B90198C3685B7885F8C03003F025
:100D200077FF16F05CFB044600287FF49BAE06F0CC
:100D30007FFD044600287FF495AEEB79002B3FF44D
:100D400091AE0821074815F0DEFE04F007FD89E6A4
:100D500001A1D1E90001ABE79088000200800020EA
:100D600010880002BC0400200C4B1B788BB90C4B84
:100D700018780C4B1B6873B10B4B1B78012B0AD9ED
:100D80000A4B1B783BB908B1094B187800F00100F9
:100D900070470120EDE70020F8E700BF84550020F0
:100DA00081550020E42E002080550020825500202F
:100DB00083550020084B187860B1084B1B88093B0D
:100DC0009BB2032B05D8064B1888B0FA80F0400977
:100DD00070470020704700BF7E5500204855002016
:100DE00046550020094BBFF35B8F1B68BFF35B8F39
:100DF0005BB1074B186840B1064BDA885B899A42B1
:100E000003D083685B6903B118477047DC2E00206C
:100E1000E02E0020380600201FB508240294044C60
:100E20000194BDF81840009417F096FE04B010BD70
:100E30006B5500201FB502240294044C0194BDF8A8
:100E40001840009417F088FE04B010BD73550020C0
:100E50001FB508240294044C0194BDF81840009476
:100E600017F07AFE04B010BD755500201FB501249F
:100E70000294044C0194BDF81840009417F06CFEE5
:100E800004B010BDEF0900201FB546240294044CA5
:100E90000194BDF81840009417F05EFE04B010BD38
:100EA00033DD02001FB504240294044C0194BDF804
:100EB0001840009417F050FE04B010BD79DD020018
:100EC0000248002200230EF091BB00BFE01D00206D
:100ED000024B1B680BB9FFF7F3BF7047E42E0020ED
:100EE00010B50E4B1A68C2B10D4B1B78012B14D9EB
:100EF000FFF760FF88B90B490B78022B0DD801333F
:100F00000B701046084916F0CAFCBDE810400748AF
:100F10004FF4802200230EF069BB10BDE42E0020A8
:100F2000805500206A55002028D90200D01C0020DE
:100F300008B5074B1B6833B113F0ABFFBDE80840A1
:100F4000022019F0D4B9BDE8084013F0A2BF00BFD9
:100F5000E42E0020054B186830B1054B1B78012B9F
:100F600002D8052116F0C5BB704700BFE42E002053
:100F700080550020134A03461068E8B1124A1278DF
:100F8000012A1CD9114A12785AB9114A1278B2B101
:100F9000104A19681160596851600F49082313F00D
:100FA00087BF0E4A127852B10D4A1968116059680C
:100FB000516008230B49F2E76FF07F0070476FF034
:100FC0000C007047E42E002080550020EF0900201F
:100FD000815500206B550020ACCF020084550020C5
:100FE000755500200CCF02000C4A0346106878B1FA
:100FF0000B4A1278012A0ED90A4A12785AB10A4AC3
:1010000019785B78117053700849022313F050BFB0
:101010006FF07F0070476FF00C007047E42E0020E7
:101020008055002083550020735500205CCF0200BE
:1010300010B5084B1C78002084F001041C7019F0D6
:1010400059F9022019F056F921460320BDE8104055
:101050000CF07ABB7D550020F7B5114F04461546BC
:101060001E4610480122214614F072FC08B10120EE
:1010700013E02A46334668461AF015FADDE90023E4
:1010800038460EF037F80028EBD0064801222146FA
:1010900014F05EFC431E5842584103B0F0BD00BF3F
:1010A000540B00202406002070B5044690B08368DD
:1010B000DB6B53B9A368DB6A63B9274DA3681B696F
:1010C00043BB26480DF0DCFF08E098470028F1D12B
:1010D00010B070BD204698470028EED1204D05F194
:1010E0000A06A368DB691BB1204698470028EFD0A9
:1010F0006A89EB881A489B1A9BB2402B6A4628BF24
:101100004023314614F0B5FB024670B9204613F077
:1011100086FEDDE74022694620469847021ED0DD64
:101120006946284614F0F4FBC8E7A3680099DB6819
:101130004BB9204613F073FE4FF4A4720023094804
:101140000EF020FAC4E720469847021EF1DD314632
:10115000034814F0C4FBC4E724060020540B00200D
:1011600038060020B01D002013B5284804698368A4
:1011700001A95B68984720B9236801985840C0F3DB
:1011800080100028224820DDBFF35B8F012150E84A
:10119000003F002B03D140E80012002AF7D1BFF333
:1011A0005B8F30D113F0CDFE1A4B1B4800221A7012
:1011B0004FF4203200230EF0E5F9184800220023F6
:1011C00002B0BDE810400EF0DDB90024BFF35B8F24
:1011D00050E8003F012B03D140E80042002AF7D13C
:1011E000BFF35B8F0FD1214613F0ABFE0A4819F015
:1011F000A1FF0A4819F09EFF064B1C7002B0BDE823
:101200001040FFF795BE02B010BD00BF1CC6020023
:10121000E82E002087550020481E0020781E002060
:10122000014813F099BE00BFD42E002030B5244CE5
:10123000244885B014F04AF923680BB113F09EFEE0
:10124000206810B1132116F054FA1F49002004F051
:1012500051FA002303A90220039301F037FA044650
:1012600050B9039D0146AA68284614F003FF0446BE
:10127000284614F0FEFEC4B11448214614F026F9A5
:1012800013F007FE4FF480420023CDE900231048FD
:10129000002200230FF014F80E4840F6CD42002340
:1012A00005B0BDE830400EF06DB90B4814F00EF9F2
:1012B00041F2343000211AF043F8012000F018FF09
:1012C000E42E0020ACD90200B2E20200D9D902001B
:1012D000101E0020E01D002004DA020010B5114BA2
:1012E000BFF35B8F1B68104ABFF35B8F23B913708A
:1012F000BDE81040FFF71CBE137883F001031370A4
:1013000063B113F0C6FD002018F0F1FFBDE81040F6
:10131000064841F69A1200230EF034B9FFF708FE92
:10132000F4E700BFE82E002087550020781E00203B
:10133000F0B51A4BBFF35B8F1B68BFF35B8F89B0AF
:10134000064643B3164B1B682BB3FFF7D3F905468C
:1013500008B3144FBA89BC883B69A41AA4B21A1BFB
:10136000904209D82A4631460E4814F0D1FA09B005
:10137000BDE8F040FFF736BDE41A0444202C2246B5
:10138000694628BF2022384614F0E2FA0028E9D046
:10139000241AF3D1E6E709B0F0BD00BFDC2E00202F
:1013A000E02E00203806002008B5FFF7C1FFBDE899
:1013B00008400148FFF7BCBF56E202007FB5031E9C
:1013C000064A18BF01231821684613F023FA68461D
:1013D000FFF7EAFF07B05DF804FB00BF30DA020058
:1013E0000E4B10B501241C700D4B18800D4B19804D
:1013F0000D4B1A807D2358430A239AB05A43CDE9F6
:1014000000126423094AB0FBF3F3602102A813F031
:1014100001FA02A8FFF7C8FF1AB010BD7E550020E0
:101420004855002046550020445500203DDA020072
:1014300010B5084611461A46FFF7D2FFFFF7BAFC6F
:1014400018B1064B00221A7010BDBDE810400448C8
:101450004FF4802200230EF0C9B800BF6A55002067
:10146000D01C00207FB5074A034610701821064A99
:10147000684613F0CFF96846FFF796FF07B05DF8AE
:1014800004FB00BF8655002075DA020013B50F4B30
:101490001B68CBB9012405F03BF90D4B0D490E48F3
:1014A0000094032205F00EF840B10C4840F6CD42FE
:1014B000002302B0BDE810400EF064B8204602B030
:1014C000BDE81040FFF7CEBF02B010BDE42E0020F3
:1014D00048CD020050CD02004CD00200E01D00209B
:1014E00010B51B4B88B00446187090B119481AF01B
:1014F00007F813F0CEFC002018F0F9FE164A234638
:10150000182102A813F086F902A8FFF74DFF08B0D2
:1015100010BD124BBFF35B8F1B68BFF35B8F002BBB
:10152000ECD10F4B1B681BB113F0B3FC0220E3E7B7
:101530000C4B187013F0ADFC4FF480420023CDE942
:1015400000230448002200230EF0BAFED6E700BFB5
:1015500085550020101E002080DA0200E82E0020B1
:10156000E42E00207D5500202DE9F0419A4C23689F
:10157000ADF50A7D002B00F053820023974D1193A7
:10158000206883689B6C13B111AA04219847119BB2
:1015900043B9284613F0E0FC002140F2676019F0DF
:1015A000CFFEEDE78E48012113F0CBFC2068836865
:1015B0001B6A03B198478B48884D8B4EFFF7F4FEAA
:1015C0008A48FFF7F1FE8A48FFF7EEFE002428461E
:1015D00013F0C2FC4FF4004200230EA819F03EFFA6
:1015E000DDE90E230DF14300FFF736FD0028EED0B4
:1015F0009DF84370012F2CD1082115A813F084FC0D
:1016000048B93846FFF76CFF7A48FFF7CDFE13F074
:1016100064FC0024DBE715A8FFF7ACFC764B1B78D5
:10162000074613B10020FFF75BFF002FCFD017F163
:10163000100FCCD003DB07F10C03012BC7D96F4A85
:101640003B46202135A813F0E5F835A8FFF7ACFE9E
:10165000BDE7022F20D1394615A813F055FC20B95B
:101660000120FFF73DFF6648CFE715A8FFF7BCFC58
:10167000614B1B78074613B10020FFF731FF002FA5
:10168000A5D017F1100FA2D003DB07F10C03012B3B
:101690009DD95C4A3B46D4E70D2F98D00A2F40F0E5
:1016A000B1811DAB00221A55002CB2D01A78202A25
:1016B0001C46984603F10103F8D0092AF6D02046CB
:1016C000FFF718F822180028A3D012F8013C093BB4
:1016D000DBB2172B00F1FF3004D846FA03F313F006
:1016E000010311D0424618F8013B83B90027621E5E
:1016F00012F8013FEBB944492046FEF7E9FFF8B97B
:101700004248FFF751FE84E702F8013DDBE7202B5A
:1017100001D0092BE6D10023137098F80030202B5C
:10172000474608F10108F8D0092BF6D0002BDDD090
:10173000DDE7A3F1610119299CBF203B1370D7E7B6
:1017400033492046FEF7C4FF28B132492046FEF750
:10175000BFFF00287ED1304B1A78002A3AD02F4B99
:1017600019887D2359436423B1FBF3F12C4B1A886C
:101770000A235A432B4B20481B7800780C922A4AA4
:101780001288CDE90A12294A12780992284A127859
:101790000892284A12780792274A12780692274A16
:1017A0001278CDE90402264A12780392254A12786B
:1017B0000292254A12780192244A1268003A18BF10
:1017C000012200924FF4AA71214A35A813F022F8A1
:1017D00035A896E71146CDE7E02E0020D82E002050
:1017E000DC2E00208EDA0200ECFF7FFF9BDA020085
:1017F000A5DA0200B8DA020085550020CEDA020030
:10180000DFDA0200F5DA020006DB02000BDB020081
:1018100010DB020017DB02007E5500204855002037
:101820004455002086550020465500208255002052
:1018300088550020835500208155002084550020C4
:10184000EF0900207F55002080550020E42E002065
:101850001CDB020074492046FEF73AFF28B17349A9
:101860002046FEF735FF002839D1FFF77DFA704A90
:101870000346202110706F4A35A812F0CBFF35A81F
:10188000FFF792FD6C4B1878FFF7ECFD6B4B6C4A41
:101890001B68003B18BF0123182135A812F0BAFFBE
:1018A00035A8FFF781FD674B1878FFF787FD664B7A
:1018B000664A1B78182135A812F0ACFF35A8FFF74F
:1018C00073FD634B1B78002B3FF4A3AE614B1A886A
:1018D000614B1988614B1888FFF782FD99E66049D2
:1018E0002046FEF7F5FE00284CD1012312A913A8CB
:1018F000129304F0E1FB129B5A4F35AC43B95A4B9B
:101900005A4A0097DC21204612F084FF2046F8E670
:101910009DF84C30032B2FD8DFE803F002282A2C47
:1019200053492046FEF7DEFE9DF84D3004939DF8A6
:101930004E3003939DF84F3002939DF85030019341
:101940000DF154089DF8513000934A4A9DF85230E9
:1019500005941E21404612F05DFFCDE90078424B10
:10196000454ADC21204612F055FFCFE74349D8E72E
:101970004349D6E74349D4E7434A0A21204612F0B7
:1019800049FFD1E741492046FEF7A2FE58B92B4B4B
:101990001B680BB113F0F2FA3D48002200230DF052
:1019A000F1FD3C48ADE63C492046FEF791FEB0B95A
:1019B0000FB93A48A5E6082215A9384613F0F8FAF7
:1019C0000028F6D00846FFF7D5FA3249344A031EFC
:1019D00008BF0A4635A8202112F01CFFF8E631495D
:1019E0002046FEF775FE0028E3D1002FE1D0022249
:1019F00015A9384613F0DCFA0028DAD00846FFF7BC
:101A0000F3FAE2E75E2C04D81DAA631C17551C46A6
:101A1000DDE52548FFF7C8FC13F05FFA0023F6E781
:101A20000DF50A7DBDE8F081BDDB0200C5DB0200DB
:101A30007F550020D0DB020086550020E42E0020D8
:101A4000DDDB0200EF0900208555002080DA02006E
:101A50007E55002044550020465500204855002062
:101A6000E9DB020019DC0200EEDB0200FFDB020012
:101A70003ADC020063DC020086DC020041DC02008A
:101A800048DC020052DC02005CDC0200A1DC020047
:101A9000481E00208BDA0200A8DC0200ABDC02004A
:101AA00084DA0200B7DC0200BADC020000B50A4AA0
:101AB00089B0FFF759F911788142034608D01070B8
:101AC0002021064A684612F0A5FE6846FFF76CFC26
:101AD00009B05DF804FB00BF7F550020D0DB020099
:101AE00030B504468BB021B10BB0BDE83040FFF7F4
:101AF000E7B9294D286808B105F06CF9204615F0C2
:101B0000DCFD264A286000231370254A1370254AFD
:101B10001370254A01211170244A1370244A01A927
:101B20002046137005F03EFD90BB9DF80430012B5C
:101B30002ED10698BDF82020BDF81E1040F2E243D9
:101B4000B0FBF3F080B2FFF74BFC4FF4F022002320
:101B500018480DF04BFD0020FFF7C2FCFFF7A6FF71
:101B6000154819F0CDFC13F094F9022018F0BFFBD2
:101B700004F0CEFD08B1783002D10020FFF772FCEE
:101B8000FFF794FF0221204615F0F7FD0BB030BDA2
:101B90000A4B00221A70D8E7E42E0020845500205A
:101BA000835500208155002080550020825500205B
:101BB0006A550020001D0020101E00207E550020C8
:101BC00070B505460C461046CAB90D4B1970FFF7A3
:101BD00087FCFFF76BFF012C11D90A4819F0AAFA0C
:101BE0002846094915F05BFE084B094801221A7086
:101BF000BDE870404FF4802200230DF0F7BC70BDAB
:101C000080550020001D002030D902006A550020B8
:101C1000D01C002008B5BDF8081089B9012B0FD1E0
:101C20001078094B00381A7818BF0120824201D180
:101C3000012008BD1870FFF7C1FBFFF737FFF7E77A
:101C40006FF00C00F5E700BFEF0900204B1E594272
:101C50005941024B1970FFF729BF00BF845500207E
:101C60004B1E59425941024B1970FFF71FBF00BF6D
:101C7000835500204B1E59425941024B1970FFF702
:101C800015BF00BF8155002010B51C4653B1137815
:101C90002BB1012B03D0FFF709FF204610BD034AEB
:101CA0001370F8E76FF00C00F8E700BF82550020D2
:101CB0004B1E59425941024B1970FFF7F7BE00BF46
:101CC0008855002010B500208AB00C46FFF7CAFBEB
:101CD00023461D4A1D4C202102A812F09BFD02A89C
:101CE000FFF762FB1A4A0023182102A812F092FDA6
:101CF00002A8FFF759FB206818B105F06BF8002324
:101D00002360144B00201870134B1870134B18707D
:101D1000134B1870134B1870FFF7E2FBFFF7C6FE6A
:101D2000114819F007FA114819F004FA13F0B1F844
:101D30004FF480420023CDE900230D480022002308
:101D40000EF0BEFA0AB010BDC5DC0200E42E002081
:101D5000DDDB0200845500208355002081550020E2
:101D60008055002082550020001D0020D01C00203E
:101D7000101E00202DE9F04799499A488CB019F0BF
:101D800080F9994813F0E8F8984813F0E5F8984E70
:101D9000304618F091FFA8B1964BB5680FCB08AC50
:101DA00084E80F002146AB68934C304698470028E2
:101DB000206007DB02212B683046984710B14FF0B6
:101DC000FF3323600BF0AAFC002404F00101002083
:101DD00001340BF0B9FC04F0010102200BF0B4FC5B
:101DE00040F65D70002119F0ABFA062CEDD1002011
:101DF00018F080FA022018F07DFA082108A818F0DF
:101E00000FF8B0F100083CDC7C4C7D48206018F0F5
:101E100053FF00284DD02068082113F08CF820686B
:101E2000102113F088F87748774919F077F920687E
:101E3000836823B11B6C13B1744900229847206852
:101E400012F0EDFF206883685B6A03B19847704821
:101E5000002113F076F800220023CDE906230523A4
:101E6000CDE90213CDE9001104916A4B6A496B4830
:101E70004FF4C0620DF046FC6949684819F0B0F9AA
:101E800018E00027DFF89C91DFF89CA108AD3C46E4
:101E9000C4F1200109EB040015F8013B524612F091
:101EA000B9FC013747450444AED0A31C1F2BEFD922
:101EB000AAE720605D4815F02FF800225C495D48D4
:101EC00019F012FB5C495D4819F028F95C495D483E
:101ED00019F024F95C495D4819F020F95C495D4826
:101EE00019F01CF95C495D4819F018F95C4D284659
:101EF00018F0E2FE30B32A69AF68136843F040037C
:101F000013603B68574A062128469847D0B9D7F84E
:101F10001880B8F1000F15D04FF0C0634FF0A072D9
:101F200006212846C04768B94F49504B4B604023B3
:101F30008B60FB6913B10122284698474C48002169
:101F400012F0FFFF01F040FE58B112F0A2FF002096
:101F500018F0CDF9022018F0CAF900200CB0BDE845
:101F6000F08703F06DFD054620B10146414813F0AE
:101F7000ADFAEAE714F02FFA3F4805F027FC3F4B93
:101F80001D7012F086FF4FF480420023CDE900233C
:101F90002848144FDFF85080174D002200230EF020
:101FA0008FF9FEF78DFF38460DF07CFA236863B990
:101FB0002B68002B0EDB0D4813F02DF850B129686B
:101FC000B3680B48DB68984704E0404613F023F8F9
:101FD0000028EDD100214FF4004019F0B1F9E2E7FB
:101FE00021120100B82E0020D82E0020D42E00206F
:101FF000DCC60200E0CA020058050020E02E0020E6
:102000005CC60200B01D00202B4E0200A91001008A
:10201000DC2E00206915010040590020301D0020F1
:10202000DDDC0200CF090020D8DC0200EEDB02007C
:1020300031100100101E00208D140100E01D002051
:10204000550F0100001D0020E10E0100D01C0020F2
:102050002D120100481E0020DD120100781E002014
:102060001CC6020011000100C82E002069110100E9
:10207000E82E0020E4DC02005C0500207D550020F5
:10208000014B1B68184700BF6C06002030B585B0B7
:1020900004460D461022002168461AF08FF90223EB
:1020A0008DF802302A46044B01932146684612F00F
:1020B00043FC05B030BD00BF8120010080B505465E
:1020C0000E46174698460DF0FFFD03461AF01CFA1F
:1020D000DFF81890044649F8003042463046394649
:1020E000A84754F8090002F01FFA00BF08000000DA
:1020F00008B50446EFF31183402383F31288BFF33E
:102100006F8F72B60BF06AFA204602F0D3FD0348D7
:1021100013F0DCF914F0C1FAFCE700BF7DDD02002A
:102120002DE9F047058B04462807904611D4022973
:1021300005F0070540F0CC80204613F075FA78B121
:102140000138218B042811D8DFE800F0C2106D851A
:10215000950001290CBF45F0100545F020052583A9
:1021600088F31188BFF36F8FBDE8F08701F0070A8D
:10217000AA4500F0A5800027B9463E46A368002B7B
:1021800000F0BC8041F00801218388F31188BFF37F
:102190006F8FA168002900F0BA800D68002900F057
:1021A000B680D1F80480334652462046C047002D01
:1021B00076D02B6829461D46F0E701F007035A1F29
:1021C000012A1BD8002221F00701062B276889B2BB
:1021D000C4E9002209D13B4603E0628B01326283ED
:1021E0001B68002BF9D141F002012183204613F036
:1021F0001BFA00287AD041F0200176E0042B0AD1A6
:1022000021F0070189B22183204613F00DFA10B1A5
:1022100041F020012183218B01F0070AAA454FD00C
:102220000027B946AAE7236921F0070141F006011A
:10223000062DD3F8009021832DD1B9F1000F3FD0A6
:1022400041F00801218388F31188BFF36F8F3A4969
:102250002046C84729E021F00701236941F0040125
:1022600089B2042DD3F804902183E6D000273E469E
:102270004FF0040A82E721F00701236941F00501CC
:1022800089B2052DD3F808902183D6D000273E4689
:102290004FF0050A72E700273E464FF0060A6DE749
:1022A0002B4687E7B9F1000FD1D1EFF31188402316
:1022B00083F31288BFF36F8F238B23F008032383EC
:1022C000258BEA062ED525F01003238305F007059C
:1022D0006669218B002EBFF670AF00232768C4E922
:1022E000003321F0070141F001012183218B01F02E
:1022F000070AAA454FF000097FF440AF002F9CD099
:1023000041F00801218388F31188BFF36F8F002FFC
:10231000C8D03D68394633465246204613F0B0F9DE
:102320002F46F4E7AB067FF51BAF25F02003238390
:1023300005F0070500E700BFAD5602002DE9F743A1
:102340000F4606460821C06ADFF8509013F08BFB59
:102350003C68241A80463C6004EA0905AC4203D874
:10236000002003B0BDE8F08308236A4621463046CA
:1023700013F011FB0028F4D16946304613F07DFBC1
:1023800040B1BDF80230BDF804203C6005EA090503
:1023900013441D44A4EB0804E0E700BF0000FFFF66
:1023A00073B504460821C06A124E13F05CFB4FF669
:1023B000FF726368ADF800208DF80620E2681918F6
:1023C00033401344181A002560606846ADF80210C7
:1023D000ADF8045013F03EFB6946204613F00DFCA7
:1023E0002046211D13F010FB636828463340A3608C
:1023F00002B070BD0000FFFF2DE9F047044688B031
:1024000000F11407384618F003FDA06A8368DB6802
:102410009847E06228B96FF01505284608B0BDE876
:10242000F087A06A8368DB6898470368013B1F2B2D
:10243000F1D8E368B3F5803FEDD8A06A216805AA1A
:1024400017F039FC0028E6D1E568002DE3D0069BA3
:10245000B5FBF3F203FB1255002DDCD1238A012BCF
:10246000D9D9E36A009593F805904FF0FF334FF008
:10247000FF3238460CF00AFDE06A082113F0F3FA47
:10248000A8460646238A1FFA85FA534508D8238AA8
:10249000434523D138460CF071FD6FF02C05BCE7A5
:1024A000E1682B04891B13FA81F14A460823204670
:1024B000009113F07EFA78B16946204613F0A4FA31
:1024C00008F10108009908234A4620461FFA88F8B7
:1024D00013F06FFA0028DAD00135D3E79A450BD113
:1024E000009908234A46891B204613F062FA18B95E
:1024F0006946204613F088FA69462046FFF71EFF1A
:10250000054618B138460CF039FD86E7009B63603C
:102510004FEA13484FEA0848C4F80880D4E9011389
:1025200099420FD3082301AA204613F034FA054636
:102530000028E7D101AB13F8012B914533D10135C8
:10254000082DF8D163681B0C1B04694620460093D4
:1025500013F05AFAE36800994A46204613F029FA24
:10256000051ECFDB636876D006EB03084FF6FF79D4
:10257000E368CDF800801FFA88F29B1B9A422ED3A5
:1025800000236168002B43D0090C09040091204608
:10259000694613F039FA0099204613F042FA0546CD
:1025A000002D74D0AEE701A9204613F066FA6268E8
:1025B00010B9921B6260B1E7BDF80850BDF8061073
:1025C000E06AC4F80880294413F04DFA4044904270
:1025D000A060EED1002DECD06FF01C0568E0082360
:1025E00003AA4146204613F0D6F90546002889D1B2
:1025F00003A9204613F041FA30B1BDF80C304B4529
:1026000002D1BDF810300BB1B044B1E70123B8E7F7
:10261000204613F006FA054600287FF473AF63687E
:10262000264AE16813400B44A3EB46036360134062
:10263000A360204613F009FBB1E75B1A4A46204627
:1026400013F0B7F9051EFFF65DAF08D0E26AA36884
:1026500012681344A360D4E901318B42EDD861685C
:10266000E36801EB46029A429AD1DFF85080A268F3
:1026700001EA08039A4293D0204613F0D2F90546A6
:1026800000287FF43FAF636803EA0803A360E368B0
:10269000A288A3EB46039A4206D038460CF06EFCA3
:1026A0000123A3740025B8E6204613F0B7FA0546C7
:1026B00038460CF063FC002DF2D0AEE60000FFFFC0
:1026C000014B03600020704760D0020070B5104BD2
:1026D0001C680D46B4B10F4B196800238B4202DB16
:1026E0006FF0010070BD224612F8106B864202D0D6
:1026F00001331446F2E7E06818F0DEFA28B12C60E6
:102700000020EFE76FF00C00ECE76FF01200E9E754
:10271000040700208CD0020010B588B043680293F3
:102720008368C068CDE903320A680023CDE9062337
:102730000C4601AA0449059317F0C1FA079808B995
:10274000059B236008B010BD9F600200F0B40D4BE4
:102750000D4E5F6A0D4BB34203D36FF08500F0BCA2
:1027600070475C68BC420AD31D6945B194F802C049
:102770008488E4B2A44502D12B46F0BC1847243328
:10278000E9E700BFEC2E0020C80D0020A40D0020BA
:102790002DE9F047144CDFF85480DFF854900546DB
:1027A0000E461746444503D36FF08500BDE8F08719
:1027B0006268D9F824309A4213D3A3698BB1A988EF
:1027C0009078C9B2884205D13A4631462846BDE8DC
:1027D000F04718475279012A03D13A463146284634
:1027E00098472434DEE700BFA40D0020C80D002068
:1027F000EC2E00202DE9F0410B4CDFF8308005462F
:102800000E461746444502D36FF0850009E0636920
:102810000BB92434F6E73A46314628469847002853
:10282000F7D1BDE8F08100BFA40D0020C80D002045
:1028300010B5044617F019F910F1780F00D050B90F
:10284000054A204613F066FCD2F8C43023EA0003A0
:10285000C2F8C430002010BDEC2E0020024B002234
:102860001A605A60704700BFA72F002070B50B4B4D
:102870000B4CA34201D3002070BD196A1E7F0022B9
:102880000439D5B2AE4201D82433F2E7013211F84F
:1028900032508542F5D10120EEE700BFA40D0020A3
:1028A000C80D002073B58488E4B263060D468DF828
:1028B000074007D02046FFF7D9FF78B10D4B93F8BA
:1028C000BA0058B10B4E204655B108F04FFDF369E0
:1028D0001BB10DF1070108209847012002B070BD1F
:1028E00008F06CFDF369002BF7D00DF1070109200A
:1028F000F2E700BFEC2E002008B509480378C3F3C7
:1029000041130A3350F823303BB100F1080200F1C3
:1029100010019847C043C00F08BD1846FCE700BF30
:10292000EC2E002004282DE9F14FDFF898900446A2
:102930000F4616D001282DD1DFF88C8098F8B930D9
:1029400043B300F0B3FD214D4D4520D2D5F820B062
:102950004FF0000A2B7F5FFA8AF6B34204D8243581
:10296000F2E7FFF77BFFE7E70BEBC6060AF1010A88
:10297000307917F07AF80246307913F0CBFBD8F8AB
:10298000C430002A23EA0003C8F8C430E2DA002386
:1029900088F8B9300D4D4D4508D30B4B1B6A6BB110
:1029A0003946204601B0BDE8F04F1847EB681BB12F
:1029B0003A462146284698472435ECE701B0BDE861
:1029C000F08F00BFC80D0020EC2E0020A40D0020C9
:1029D00073B586788DF80060037942791C4C43EA20
:1029E0000223ADF80230C378304603F003038DF8BC
:1029F000043013F08FFBD4F8C430184205460BD0D6
:102A0000304600F035FD3046FFF712FF18F0E2FBCC
:102A100010B996200DF016F9684608F083FC10F105
:102A2000780F03D010B1002002B070BD9DF80000F7
:102A300008F000FD10F1780F01D00028F3D1D4F890
:102A4000C43001202B4384F8B900C4F8C430EBE74C
:102A5000EC2E00202DE9F047A44DAB6904460E464C
:102A60001746C3B9207800F01F00012877D002284C
:102A700000F0DE8000BB94F900103A68637800290A
:102A80002EDA062B0CD0082B25D0ABB953700123BE
:102A90001370022306E198470028E3D100200DE0DF
:102AA0006388190A0A1F012A8C4605D9072903D809
:102AB000DAB26B6A1C781CB96FF01500BDE8F087BC
:102AC0005D78654503D1824200F0E7800130234400
:102AD000F0E71B78E6E095F8BA3013700123E1E0E7
:102AE000052B11D0092BE7D163886E6A002B33D1F7
:102AF000FFF7B4FE638885F8BA30EB69002BCDD0C0
:102B00007B4903209847C9E76088C0B208F0F8FB0A
:102B10000028C3D0D0E77378042B10D0052B11D038
:102B2000022B04D177796388BB4208BF0120337838
:102B30001E443378002BEED10028BDD0D8E796F89C
:102B40000380F4E76388BB42F1D1B8F1000FEED106
:102B50003046FFF73DFFEAE7FF27B846E9E795F87B
:102B6000BA30D7F800C0002BA6D0A2886F6A5FFAEF
:102B700082FE3B46187800289ED05978022904D15D
:102B800093F80480F04500F28F800344F2E78CF85C
:102B900000308CF80130316080E71F4490E00B2B4F
:102BA0008AD100264FF0FF08C146B24606E07B7886
:102BB000042B0FD0052B21D03B781F443B78002BF2
:102BC000F5D1EB6913B1514607209847002E7FF4E9
:102BD00065AF71E797F80280A38897F8039098454E
:102BE000EAD163889945E7D1B8F1070F1DD805EB05
:102BF0000803BA4683F8BB900126DDE7A388434566
:102C0000DAD16388DBB24B450AD0BE78304600F09B
:102C10002FFC3046FFF70CFEB0FA80F67609CBE7C2
:102C20003846FFF7D5FE0646C6E7BA460026C3E794
:102C300094F900206378002A19DA002B7FF43CAF66
:102C4000A3883F68DCB25B060AD02046FFF70EFE81
:102C500000283FF431AF95F8BA30002B3FF42CAF89
:102C60003946204608F0CAFB00237B7011E7012B90
:102C700008D0032B7FF420AF6388002B7FF41CAFB8
:102C8000012103E0618800297FF416AF2046FFF799
:102C900009FE00287FF402AF0EE702293B607FF4B3
:102CA00018AF5B883360F9E694F900006378002878
:102CB000BFF675AF002B3FF46AAF0A2B7FF4FCAE72
:102CC0003B78002B3FF4F8AE797804297FF465AFA8
:102CD000B9788A427FF461AF072A96BF5219002360
:102CE00092F8BB308CF80030F8E600BFEC2E0020E4
:102CF000A62F002013B5164C237DF3B9E268A16816
:102D0000019201AB802013F013FA019AA3681344D7
:102D1000A360E3689B1AE3606BB962B12369E28840
:102D20009A4208DD94F8C82093FBF2F102FB1133BC
:102D30000BB90123237502B010BD00231A461946B2
:102D40008020237502B0BDE8104008F09DBB00BF95
:102D5000EC2E002030B585B0002302460D460193CD
:102D6000002858D1002935D108220B460DEB02016D
:102D700016F094FE002804DA802008F0F7FA05B077
:102D800030BD2A4C029A2260039A626004F1380234
:102D9000A2609DF90820BDF80E302575002AC4E90F
:102DA00003550ADB802B04D9802008F0DFFA0020CD
:102DB000E3E713B1C4E90333E1E7FFF79DFD002822
:102DC000DAD0E28823699A42D4BFE260E360FFF779
:102DD00091FFD4E7154CD4E90215002D01AB04DCBA
:102DE00016F05CFE0028CADAC6E72A4616F056FE40
:102DF0000028D9DB019AA3681344A360E3689B1AF7
:102E0000E360002BBBD104F13803A360FFF774FD2E
:102E10000028DCD1B0E78028B1D1044BDA68002A61
:102E2000D5D11B7D002BD2D1A9E700BFEC2E00200D
:102E3000054B064A9A62064ADA62064A1A63064A4D
:102E400058629A6100207047EC2E0020552A01003C
:102E50004D270100F5270100912701002DE9F341DD
:102E60000446474D47484FF0FF334FF0FF320CF018
:102E70000DF895F8B830002B7BD16B6A83B14248CE
:102E80002C62E8616E6A08F019FC08F007FA041E6B
:102E900010DA3C480CF072F8204602B0BDE8F08130
:102EA00000F0BEF8FFF7C4FF6B6A002BE7D14FF0CC
:102EB000FF34EEE700F01CFB041EEADB7378012B05
:102EC0005AD1F379002B57D00026684685F8C830D0
:102ED000ADF802308DF804608DF8006008F022FA39
:102EE000041ED6DB802768468DF8007008F01AFAB9
:102EF000041ECEDB2549304608F0CCFB041EC8DB9F
:102F00002249384608F0C6FB041EC2DB204CDFF81D
:102F1000848044451AD3002008F08CFA041EB8DBE4
:102F2000D5F8C430802043F00103C5F8C43008F060
:102F300081FA041EADDBD5F8C43043F48033C5F804
:102F4000C430012385F8B8300024A2E7276A0026A0
:102F5000227FF3B29A4201D82434DAE707EBC302A6
:102F600057F83310107908F095FB01360028EFD0A0
:102F70009DE76FF077048CE76FF0150489E700BFD9
:102F8000EC2E0020400B002025290100552D0100CA
:102F9000A40D0020C80D002030B51F4B8BB005AA32
:102FA00003F1100518685968144603C40833AB428E
:102FB0002246F7D11B7823701022002101A819F0B6
:102FC000FDF912220021154819F0F8F9102101A885
:102FD00016F026FF00281BDD0828B8BF0820093896
:102FE00001AB0E491A18002012F8013F0AAC04EB9D
:102FF000131403F00F0328336B44013014F8144CFE
:1030000013F8143C0C7008284B7001F10201EBD14D
:1030100002480BB030BD00BFA6DD02008A5500207B
:103020002DE9F04F724B93F800B087B0BBF1000F61
:1030300003D0704807B0BDE8F08F6E4C00264FF00B
:10304000011AB0463546B14623783BB96A4B023483
:103050009C42F3D1664A01231370EAE76378052B9B
:103060001BD8DFE803F08E03C38E1D39402304A86C
:103070008DF810B0ADF812308DF814B016F0E0FCF9
:1030800040B1082304A8ADF8123016F0D9FC08B1FD
:10309000ADF812B0BDF81230E37123781C44D3E7C9
:1030A000E378002BF9D1A3786BB108F101085FFA3E
:1030B00088F8F2E76B689C4207D024354F4B9D425D
:1030C000F8D30020B6E74E4DF8E7AB68002BECD004
:1030D000414620469847E8E7002DF2D000222B7F9A
:1030E0009A42EED2296AA07801EBC2010B7998428C
:1030F00001D00132F3E70127E07800F003008DF8FA
:103100001400207994F805C040EA0C20ADF81200B4
:1031100094F902000028FBB228DA07F110004FF002
:10312000010C0CFA00F010EA0A0F26D143F08000DF
:103130008DF8100004A8CDE90213019216F080FC6E
:10314000DDE90121039BC0B99DF81020A27012F0A7
:10315000800F18BF10330A7118BFDBB24FF00102A5
:1031600014BF9A40BA404AEA020A96E70120B840E2
:1031700010EA0A0F01D11846DAE70137102FBBD148
:10318000B7E7032E1AD1FFF707FF074650B1FDF747
:10319000B1FA024630B11028A8BF10223946A01C4F
:1031A00019F0E4F823786FF00201E218091B04EB30
:1031B0005303D14213D50136F6B26EE7002EF1D19A
:1031C000B9F1000F3FF47DAFA4EB090389F8023099
:1031D000C3F3072389F8033089F80480EBE702F88A
:1031E00001BC13F8010902F8020DE2E7A14654E719
:1031F00089550020000D0020A30D0020C80D0020DF
:10320000A40D002010B5094B00211A461C788442F9
:1032100005D15C681CB1482303FB012010BD0131BE
:10322000042903F14803F1D10020F7E7B82F00206B
:103230002DE9F34150F8303C10F8346C103304465B
:103240000AD1036950F8282C980736D5D2B9590706
:1032500015D5002344F8303C54F8303C10330BD0E3
:1032600054E9097554F81C8C17F0B4FF00284FD0AE
:103270002E48214617F021FF02B0BDE8F08143F04F
:103280000403236154F82C1C01AB304612F050FFAC
:1032900010B16FF01503DDE7019A54F82C3C13448C
:1032A00044F82C3C54F8283C9B1A44F8283C54F829
:1032B000243C134444F8243CCEE754F82C1C01ABC6
:1032C000304608F05DF90028E3D1019D54F82C3C0C
:1032D0002B4444F82C3C54F8283C5B1B44F8283C15
:1032E00054F8243C2B4444F8243C002DB1D0304603
:1032F00008F0EAF9B5FBF0F303FB1055002DA8D157
:1033000054F8283C002BA4D0304608F081F9A3E7FC
:1033100044F8200CA4F118000BF0B2FE002DABD045
:10332000424639463046A847A6E700BFA81E0020FF
:103330004B1E012B73B506460D460FD8FFF762FFF3
:10334000044668B9012D09D101AB01220DF1030139
:10335000304608F015F9019B002BF5D102B070BD85
:1033600017F038FF04F1340108B1012D05D10846EA
:1033700002B0BDE87040FFF75BBF034802B0BDE894
:10338000704017F09ABE00BFA81E00202DE9F74F2D
:10339000804600911746994612F015FF0446002812
:1033A0005CD1EFF3118B402383F31288BFF36F8F4F
:1033B0002C4900220846002301910BF09BFE019945
:1033C00068B9DFF8A4A0482262430AEB02056E68E0
:1033D00016F1100F12D108460BF052FE06E0013430
:1033E000042C01F14801E4D16FF00B068BF3118836
:1033F000BFF36F8F304603B0BDE8F08F0AF802804C
:103400000C9A009B6A610D9A2861AA6140466FF090
:103410000F02C5E90237C5F844906A6008F054F914
:1034200058B1404608F050F9B7FBF0F202FB1077B4
:103430001FB16A6C42F004026A6419F0020F08D0EE
:10344000482202FB04A10948343117F036FE002659
:10345000CCE7404608F0DCF80646C7E76FF00F06F9
:10346000C8E700BFD42F0020B82F0020A81E0020DE
:1034700010B5EFF31184402383F31288BFF36F8FED
:10348000FFF7C0FE50B14368103307D16FF08B03D4
:10349000436000F13401044817F00FFE84F31188F3
:1034A000BFF36F8F10BD00BFA81E0020F8B50E4CF3
:1034B00004254027EFF3118687F31288BFF36F8F3F
:1034C0006368103307D16FF08B030848636004F121
:1034D000340117F0F2FD86F31188BFF36F8F013DC1
:1034E00004F14804E6D1F8BDB82F0020A81E002042
:1034F00070B50A4C0A4E00253146204617F0C1FD32
:103500000122A4F118001146013517F037FD042DF2
:1035100004F14804F0D1002070BD00BFEC2F002062
:10352000313201000169012381F84B300B6833B15E
:1035300091F849301BB10248083117F0BEBD704701
:10354000A81E00200169012381F84A300B6833B1BD
:1035500091F848301BB10248083117F0AEBD7047F2
:10356000A81E002070B50569EFF31186402383F390
:103570001288BFF36F8FD5F8900012F0C9F9044696
:1035800086F31188BFF36F8F30B104480022002307
:1035900005F118010BF0CCFF204670BDA81E0020DD
:1035A00070B5012382F8483013680D4614463BB1CC
:1035B00092F84A3023B10E4802F1080117F07DFD60
:1035C000D4F890305A89DB889A4205D17DB904F14C
:1035D000180140F6CD4204E004F11801002DF8D0A6
:1035E0000022BDE87040024800230BF0A1BF70BD6F
:1035F000A81E002070B50E4681880446C9B2154841
:10360000154612F0BCFD10B394F900206378002A2F
:1036100016DB202B04D0222B0ED06FF085000AE0A1
:103620002B681A6840F8102C9A8820F80C2C9B798B
:1036300000F80A3C002070BD638800F8093CF9E7F7
:10364000212BEAD11038072328603360F2E76FF0AE
:103650001200F0E7DC30002008B50146034812F004
:103660009CFD10B1012300F8073C08BDDC300020B0
:103670000D4A03460021A0F848101068C3F89400D2
:1036800090889279A3F8980083F89A2083F89C1088
:1036900083F89B10A3F89E1083F8A010402203F13A
:1036A0004C0018F08BBE00BFF8CC020010B50469C6
:1036B0000023C4F8A8300C4BC4F8A400596804F1E6
:1036C000A80269B9C3E9002204F10800074917F00C
:1036D000D8FC04F11800064917F020FD002010BDA9
:1036E0000A605A60F0E700BFDC300020F1610200A0
:1036F000BD37010030B54FF40033426805690D4C09
:1037000085B042F2A100CDE90103002385F89D3088
:10371000106AADF80C1000790A2201A912F008FD18
:1037200095F89D3023B9012017F0AAFA013CF7D192
:1037300005B030BDA186010073B504698DF807108E
:10374000002384F848304025EFF3118685F3128872
:10375000BFF36F8F0122D4F890000DF1070112F032
:10376000D7F886F31188BFF36F8F012813D017F0B5
:1037700031FD10B994F8A130B3B90E4BBFF35B8F94
:10378000012253E8001F002903D143E8002000284C
:10379000F7D1BFF35B8F2122002304F11801064803
:1037A0000BF0C6FE02B070BD0021212017F0C8FD4D
:1037B000CAE700BFD8300020A81E0020F0B5D0F81E
:1037C0008C305B681B6A1F7D85B00546384612F059
:1037D000FAFC064650BB95F886303BB3A86F01460D
:1037E000C38831F80A2F9B1A9BB2B3F5806F28BFAC
:1037F0004FF4806303AA12F03CF80446B0B183068C
:10380000A5F1180308BF00F1FF3485F8306001937B
:10381000074B03990093224602233846FFF7B6FD73
:10382000A86F224600F10A0112F059F805B0F0BD68
:10383000A135010037B514460A1E054621DDD4F82E
:103840008C0004F14C0112F063F8012384F8493034
:1038500023683BB194F84B3023B1114804F10801BF
:1038600017F02BFCD4F88C209388918912695B1A8D
:103870009BB2D31A3F2B04D8012384F8A03003B0A5
:1038800030BD94F89E30002BF9D0064B0093019484
:103890000123402204F14C012846FFF777FDEEE7B3
:1038A000A81E002035380100F7B50D4601461D4819
:1038B00012F059FC044610B30646691E56F8A439A6
:1038C0005F6805291BD8DFE801F01C1A031C2226BB
:1038D00010F8061C99B9012300F8063C3B6A3246F1
:1038E000187BFFF7A7FF14F85C2C42B93B6A187DE0
:1038F0000D4B0093019602231146FFF747FD03B0DD
:10390000F0BD304603B0BDE8F040FFF7B1BE012383
:1039100004F8053CF3E710F8053C002BEFD000233A
:10392000F6E700BFDC300020A135010037B5094DB6
:103930000949002400944FF0FF334FF48062284679
:103940000BF0B6FD0549284617F04AFC204603B0A7
:1039500030BD00BFA81E0020805F0020C5DD020032
:103960002DE9F0410C4B1C6805460E4617467CB10C
:1039700000F01AF963682046D3F8108032463B46BF
:103980002946C047044600F019F92046BDE8F081F9
:103990006FF00104F9E700BFE4300020002303606A
:1039A000044B5A6812B9C3E90000704710605860B0
:1039B000704700BFE8300020014B1860704700BF1F
:1039C000E430002030B585B00023CDE90233054650
:1039D000019000F0E9F8094B1C6844B9284600F052
:1039E00083F8044600F0EAF8204605B030BD63686D
:1039F00020461B6801A998472468EEE7E8300020BC
:103A00001FB5CDE90101039200F0CEF8074B1C6809
:103A100024B900F0D3F8204604B010BD63682046F6
:103A20001B6801A998472468F2E700BFE83000202E
:103A3000024B0022C3E90022704700BFE83000209B
:103A4000024B0022C3E90022FFF7F2BFF030002052
:103A50002DE9F74307460C4609B100230B601F4DC3
:103A6000DFF87C9000264D450FD31E4B1D6885B3B3
:103A700055F8188C01AA41463846183D12F0B2FCA0
:103A800010B3D6B914BB2E461EE0D5F8008001AAAB
:103A90004146384612F0A6FC50B116B954B92E462C
:103AA00006E031680022404612F09CFC0028F5D167
:103AB0001835D8E7019B2360F1E7316800224046C2
:103AC00012F090FC0028DDD1AD69D0E7019B2360A6
:103AD000D9E7304603B0BDE8F08300BF44CA020016
:103AE000D4CA0200F03000202DE9F047DFF8AC9096
:103AF000DFF8ACA080464FF000470026294C3D4639
:103B00004C450DD3DAF80040002C42D0183CB8F1F7
:103B1000000F25D122695ABBA469F5E72F46EDE7CE
:103B2000B8F1000F03D122694AB91834E8E72068D8
:103B30000022414612F056FC0028F4D1F5E76368F4
:103B4000BB4205DDAF4209D09D42A8BF1D46ECE750
:103B5000EBD19047002E08BF0646E6E71D46E4E796
:103B600020680022414612F03DFC0028D2D1D3E764
:103B70006368BB4205DDBD4209D09D42A8BF1D461A
:103B8000CAE7C9D19047002E08BF0646C4E71D46C4
:103B9000C2E7AF42C2D13046BDE8F087D4CA0200C6
:103BA000F030002044CA020003484FF0FF324FF0CB
:103BB000FF330BF06BB900BF180B002001480BF06E
:103BC000DDB900BF180B002038B5094DFFF7ECFF39
:103BD0002B783BB9FFF734FF00F06AF8044610B9C0
:103BE00001232B700024FFF7E9FF204638BD00BFFA
:103BF0009C5500202DE9F047048FDFF8B0A0013478
:103C000098B006468946A4B200F10807651EADB219
:103C1000B5F5004F47D04A2305AA2946384612F089
:103C200014FA04F57F543F34A4B2804621460123A0
:103C30000DF10B02384612F008FAB8F1000F0146F8
:103C400010DC002810DC338FAB4209D132466B1EEA
:103C500022F8383F4FF400410223384612F0C2F8F0
:103C60002C46D3E7002808DC2946384612F089F9AB
:103C70002146384612F085F9E5E708F160030DEBBF
:103C80000308002308F84C3C5246CDF8009003ABE3
:103C900005A80397ADF8104012F0DAFB0028DFD03A
:103CA00018B0BDE8F0870020FAE700BFBF6402004B
:103CB0007FB50123694603200193FEF707FD044603
:103CC00060BB02AA01A9032012F00BFA044610B14E
:103CD00010F10C0F22D10399B1F5803F23D2009A45
:103CE000002394681846084484421AD30133082BF1
:103CF000F9D10E4D69612B835368AB602846D368B8
:103D0000EB6312F074FC044640B9094E6E6028461D
:103D1000FFF744FE28466E60FFF74EFE204604B0D3
:103D200070BD9BB2E5E76FF02004F7E7F8300020A4
:103D3000B006002008B5044811F0C8FBBDE80840F3
:103D4000024811F0C3BB00BFCEDD020003DE02005B
:103D500001480EF041B900BF60D0020038B50446FA
:103D600018B90F4B0F485B6898476168B1F5683F19
:103D700010D0B1F5680F0DD00B4DA9420AD011F447
:103D80006861206807D00146084816F0F7FF002355
:103D90002360656038BD142218F010FBF9E700BFFE
:103DA0006409002031DE02002C5F5CA93836002057
:103DB00008B520B34368B3F5683F10D1012203680A
:103DC000BFF35B8F53E8001F002903D143E80020B5
:103DD0000028F7D1BFF35B8F0DD1002008BD094A41
:103DE00093420AD000684FF0FF324FF0FF330BF0E0
:103DF0004DF80028F1D00448F0E70448EEE76FF4EE
:103E0000E040EBE72C5F5CA9E98FFFFFEA8FFFFF43
:103E100008B5D8B14368B3F5683F10D100220368F4
:103E2000BFF35B8F53E8001F012903D143E8002053
:103E30000028F7D1BFF35B8F0BD1002008BD074AE4
:103E4000934208D000680BF099F8F6E76FF4E04071
:103E5000F4E70348F2E70348F0E700BF2C5F5CA9F2
:103E6000E98FFFFFEA8FFFFF10B5044618B91D4B1D
:103E70001D485B6898476368B3F5683F2FD0B3F57A
:103E8000680F2CD0194A934219D1236803BB1848F4
:103E90004FF0FF324FF0FF3321460AF0C9FF08B957
:103EA00023681BB90F4B13485B689847206814229E
:103EB000002118F083FA4FF46863636008E0B3F5FB
:103EC000683F0DD83A2B03D040F6BA629342DED158
:103ED000206816F09DFF636843F03A03636010BDED
:103EE000054AF3E76409002031DE02002C5F5CA97B
:103EF0003836002057DE02003A00003A08B506497D
:103F000006484023142216F02BFFBDE80840044960
:103F100004480EF025B900BF3831002038360020A3
:103F200068D002007CD0020008B50348034A002193
:103F3000121A12F095FB08BDC80D0020045900208C
:103F40000748084A084908B5121A12F08BFB0748BF
:103F5000074A0849BDE80840121A12F083BB00BFA7
:103F600000000020C80D0020B8E60200000000207C
:103F700000000020B8E6020038B505460C4699B1AD
:103F8000D1E901230F48096811F0A0FAD4E904230C
:103F9000E1680D4811F09AFAE1690C4811F096FABF
:103FA000A1690B4811F092FA012D05D1EFF30581BB
:103FB0000848103911F08AFA21462846BDE83840F1
:103FC0000AF0E0BD84DE0200B4DE0200E4DE02009E
:103FD000F4DE020023DF020030BFFFF7FDBF00BFA9
:103FE0002DE9F0410B4EDFF8308006EB0807CC1BC3
:103FF000054632460949204618F0B8F9A01942464C
:104000000021083C18F0DAF96C6707F10800BDE8F8
:10401000F08100BF0000000008000000D4CA0200C8
:10402000054B5A699B689A421FBF044A536843F084
:1040300080535360704700BFA044002000ED00E0B3
:104040002DE9F843324D804632488946174611F033
:104050003DFAAB6ADE0622D52F4811F037FA11245B
:10406000AB6A1D0703D52D4811F030FA1224284DF4
:10407000AB6A980715D52A4811F028FA6E6BAB6A1F
:10408000190642D52748314611F020FAB9F1000F40
:1040900003D0AB6A23F08003AB62132403E0102447
:1040A000DEE76FF015061A4DAB6ADA0703D51E4836
:1040B00011F00CFA1424AB6A9B0603D51B4811F0CF
:1040C00005FA1524124B9A6AD50602D49A6A90070B
:1040D0000AD55B68190507D54146304600F004FB58
:1040E00010B180F309880224094B9A6A920642BFF4
:1040F0005A6A22F400525A629A6A42F0FF029A62A5
:1041000000233B702046BDE8F8836FF01506C4E736
:1041100000ED00E037DF02004EDF020082DF020028
:1041200096DF0200AFDF0200C6DF0200E6DF02001A
:1041300010B51D4C1D4811F0C9F9A36A990130D57D
:104140001B4811F0C3F91E20A36ADA0103D51948F0
:1041500011F0BCF91F20144CA36A1B0303D51648A9
:1041600011F0B4F92120A36A590303D5134811F0C3
:10417000ADF922200C4CA36A9A0303D5104811F024
:10418000A5F92320A36ADB0303D50E4811F09EF99D
:104190002420054A936A6FEA03436FEA134393624C
:1041A00010BD1D20D0E700BF00ED00E016E00200CA
:1041B0002FE0020043E002005EE002007DE002002A
:1041C000A3E00200BEE0020070B5244C064624487D
:1041D0000D4611F07BF9A36AD90435D5214811F0B9
:1041E00075F91720A36A1A0503D51F4811F06EF957
:1041F00018201A4CA36A9B050FD51C4811F066F9CC
:10420000A16BA36A180407D5194811F05FF91EB114
:10421000A36A23F40043A3621920104CA36A590532
:1042200003D5144811F052F91A20A36ADA050DD506
:10423000114811F04BF91B20084A936A43F47F435D
:10424000936200232B7070BD1620CBE7A36A9B04FA
:10425000F2D50A4811F03AF91C20EDE700ED00E034
:10426000EAE0020001E1020082DF020013E1020045
:104270002DE1020043E102005FE10200E6DF0200FF
:104280002DE9F0415B4B5F688AB00446C7F308062E
:10429000002585F31188BFF36F8F02F07F43B3F1E0
:1042A0007F4F06D102F00C03082B13D1524811F0B6
:1042B0000DF900252C464FF00008F31E8DF80780FD
:1042C000092B00F28680DFE803F00A7A7E76848488
:1042D0008484848210074CBF0C460125EBE74748D5
:1042E000444E11F0F3F88DF80780F36A9A0704D56D
:1042F000434811F0EBF8002330E0F36A002B01DAB9
:104300004048F6E7F36A5B00F5D53F4811F0DEF868
:104310007369A26943F480737361BFF34F8FBFF376
:104320006F8F736932F8022C23F480737361BFF3CB
:104330004F8FBFF36F8F4DF602739A4209D0B36A65
:10434000DBB253B30DF1070201212046FFF778FEDF
:1043500033E021682D4811F0B9F823689DF8072053
:10436000C2B902AE04F1200720686168324603C278
:104370000834BC421646F7D1099AB5B3C2F3080116
:1043800021B96FEA52226FEA4222099202A9184625
:10439000FFF7F2FD0AB0BDE8F081B36A13F47F4F76
:1043A00005D00DF107010120FFF70EFF05E0B36A0C
:1043B000B3F5803F9FD3FFF7BBFE0346CEE70DF179
:1043C00007020021C1E70DF107010020ECE71048CA
:1043D0008FE7104B1049114817F4F87FA6F110022F
:1043E00018BF194611F072F885E722F4FF7222F027
:1043F0000102CAE700ED00E0A6E10200D2E10200FE
:10440000EAE102000CE202001BE202003BE20200D1
:1044100058E202008DE1020078E102007DE2020034
:10442000044B5A6942F010025A615A6922F008029C
:104430005A61704700ED00E0EFF30880EFF3098167
:1044400001B57246FFF71CFF01BD00BF002080F3DD
:104450001488BFF36F8F0F4880F308880AF032F892
:1044600000200D490860BFF34F8F00F02BF840206B
:1044700080F3118809484FF40461401880F30988DB
:10448000EFF314800221084380F31488BFF36F8F89
:1044900000F0FAF8808E002094ED00E0C07C00204F
:1044A0000749D1F890200023C2F30722184693420F
:1044B00000DB7047C1F89830C1F8A0000133F6E77F
:1044C00000ED00E008B572B6002383F31388FFF710
:1044D000E7FF144B4FF0FF32C3F88020C3F884206D
:1044E000C3F88820C3F88C20C3F89020C3F8942028
:1044F000C3F89820C3F89C20C3F88021C3F8842116
:10450000C3F88821C3F88C21C3F89021C3F8942103
:10451000C3F89821C3F89C2162B6BFF34F8FBFF355
:104520006F8F08BD00E100E0084B9B6883420BD110
:10453000EFF3058343B1064B5A6842F080525A604C
:104540005A6A22F400425A620BF0C4BBA044002015
:1045500000ED00E014498A684FF030001044EFF39A
:10456000098C80E8F01F402080F31288BFF36F8F22
:104570000E4F4FF000664A698A603E60506F0C4CE7
:104580002060906F0023936780F3118804B5104674
:1045900000F00EF9BDE8044002F1300090E8F01F91
:1045A0008CF3098870470000A044002004ED00E06F
:1045B000543600201EF0040F0CBFEFF30880EFF319
:1045C0000980816911F8021C0229FFD001B57246E9
:1045D00012F04AF801BD00BF40B2002807DB044AD0
:1045E0004109012300F01F00834042F82130704749
:1045F00000E100E040B200280CDB4309064900F06E
:104600001F0020330122824041F82320BFF34F8F47
:10461000BFF36F8F704700BF00E100E0054B420918
:1046200000F01F0053F82220012303FA00F010408D
:10463000704700BF00E100E040B2D30754BF023131
:1046400000210028ACBF00F16040074A4FEA411347
:10465000ACBF00F5614000F00F00DBB2B4BF1354F3
:1046600080F80033704700BF14ED00E0044B054AAA
:1046700023F07F039360BFF34F8FBFF36F8F7047BB
:104680000010000000ED00E008B5FFF7EFFF074A5B
:10469000D2F8883023F47003C2F88830FFF744FC66
:1046A000FFF74EFC00F05AF80AF034FB00ED00E092
:1046B00042F8203C009B42F81C3C0A49019B42F80E
:1046C000183C029B42F8143C21F001014FF080732A
:1046D00042F8043C42F8081C0023203A0265836734
:1046E000704700BFBD200100094A0346906870B1C1
:1046F00013F1160F406E05D0A0F140029A4205D882
:10470000834203D2814228BF0020704700207047B7
:10471000A044002008B515460B4A0C4B9060426F30
:104720001A600E4600F044F82C4686F309880020F3
:10473000034B98472046002100220023014C2047CC
:104740008D660200BD200100A044002054360020E8
:10475000014B10221A61704700ED00E0044800236D
:104760004021C2180133302B82F80013F9D1704771
:1047700000E100E008B5EFF30583064A103B02EBC9
:10478000C30152F8330049688847BDE80840FFF785
:1047900047BC00BF3CC70200024B034A034801214B
:1047A00000F076B80000042000000020E0D00200F5
:1047B000426E054B403A1A60044A4021C3E9011297
:1047C0001846012100F06EB85836002000000B1585
:1047D000084AC2F898000B6823F01F03034343F014
:1047E0001003C2F89C308B6843F00103C2F8A0307C
:1047F000704700BF00ED00E02DE9F043DFF8608076
:1048000085B00E461F4604464FF00009B14523DA35
:104810006068D8B13FB1411E08421BD11F2819D989
:104820002368194216D12368019311F052FFA3683F
:1048300003430393D8F89050C5F30725D0B2013D48
:10484000A84207D801A9FFF7C3FF421C09F10109DB
:104850000C34DBE76FF01502104605B0BDE8F083BD
:1048600000ED00E0044B0522C3F89420BFF34F8F06
:10487000BFF36F8F704700BF00ED00E0BFF35F8FA5
:10488000024B0022C3F89420704700BF00ED00E007
:1048900010B5034C01232278FFF7AEFF207010BD46
:1048A0009D55002008B50B4A00231278FFF7A4FF9E
:1048B00010F1160F07D0084A0021D2F89030C3F348
:1048C0000723984200DB08BDC2F89800C2F8A01088
:1048D0000130F2E79D55002000ED00E02DE9F043A6
:1048E000534B544CD3F890302568C3F307239D42B3
:1048F00085B000F29A80FFF7C1FF00200C268542A8
:104900001AD14D4C4D4F25706846FDF7D9FEDFF8A2
:104910002081DFF82C9106460025AE4213D1237882
:1049200043490020D1F89020C2F30722934276DB5E
:10493000FFF798FF002042E0616806FB0011FFF7D7
:1049400047FF0130DBE7009800EB05114FEA051C3B
:10495000CB683B40B3F5000F48D00AD8B3F5001F31
:1049600030D0B3F5800F36D0B3F5801F10D00135AD
:10497000D3E7B3F1807F42D0B3F1007FF7D150F895
:104980000C3088684A6811F0A4FE40F4802009E0E9
:1049900050F80C3088684A6811F09BFE40F088504F
:1049A00040F43020CDE901230390D8F890302078EE
:1049B000C3F30723013B98422AD96FF0150005B0D5
:1049C000BDE8F08350F80C3088684A6811F081FE29
:1049D00040EA0900E6E750F80C3088684A6811F0B0
:1049E00078FE40F0007040F40030DBE750F80C3007
:1049F00088684A6811F06DFE40F08270D2E750F886
:104A00000C3088684A6811F064FE40F08870C9E78D
:104A100001A9FFF7DDFE237801332370A7E7C1F872
:104A20009830C1F8A00001337CE74FF0FF30C6E7B3
:104A300000ED00E0ECD002009D5500200000F0FFEA
:104A40000000081108B502480FF0C4FEFEE700BFE1
:104A5000A0E2020008B5024B1B689847002008BD81
:104A60006436002008B50649064821F00701C1F167
:104A7000005202F5802210F0CFFC002008BD00BFDC
:104A80002BB500206836002070B54169867A0B4D41
:104A9000044659B1437ADB0706D42C2303FB0653A3
:104AA0005B6A1B689B689847002363612C20214642
:104AB00006FB0050BDE8704016F052BACC0B002047
:104AC000024B2C2202FB0030704700BFCC0B0020B1
:104AD000827A064B2C2101FB02339A6A1B7F1B331F
:104AE000801A23F00303B0FBF3F07047CC0B0020D7
:104AF00038B5074B827A2C2404FB02335B6AD3E976
:104B000001240C601568FFF7E3FF04FB005038BD7B
:104B1000CC0B00202DE9F04385B005466846039193
:104B200090461C4616F09AFCDDE90067EFF3118908
:104B3000402383F31288BFF36F8F6B8B002B41D020
:104B40002A8B9A4225D90022002328460AF066FAC9
:104B50000446F0B189F31188BFF36F8F039B002BDC
:104B600041D032463B46684616F09DFCA27A264B61
:104B70002C2101FB023320465B6A1B6803A91D68D8
:104B8000DDE90023A847606170BB2046FFF77CFF8A
:104B900024E0698B4B1E6B8389F31188BFF36F8F01
:104BA0002B7F2A8BAC6A1B3323F00303521A02FBC0
:104BB0000344154B154AEB1A9B105343A3722B7FEA
:104BC000E372CBE789F31188BFF36F8F2346424628
:104BD00028460AF023FA04460028BFD100242046C4
:104BE00005B0BDE8F0836361012300252381039BA9
:104BF0006382E27A6560294604F1180017F0DEFB53
:104C000063692582E360EAE7CC0B0020A38B2EBA10
:104C100070B50D4C2C2500B970BD037A4668002B89
:104C2000FAD0013BDBB20372002BF5D1C3604360C5
:104C3000837A05FB03431B6A13B198473046EAE7C2
:104C4000FFF722FFFAE700BFCC0B00200E4A01233A
:104C5000C2F840354FF080424FF08051C2F87835AD
:104C6000D1F83001082808D1D1F83411052904D829
:104C70000648415C09B1C2F838364FF08043012242
:104C8000C3F880250020704700E00140A5E2020043
:104C900048B1054B054A1B68B3FBF2F35843044B7C
:104CA00043F00103184770473809002040420F00C5
:104CB00040CD0200BFF34F8F0549064BCA6802F48E
:104CC000E0621343CB60BFF34F8F00BFFDE700BF2F
:104CD00000ED00E00400FA0508B50448044A3F234B
:104CE000C0E9002309F0D2FC002008BD7436002082
:104CF000FFFF01004FF08043D3F84036DB072ED58D
:104D00004FF01023D3F8043303F00703072B26D109
:104D1000134A0123C2F80435D2F80034002BFBD02B
:104D20004FF01021D1F8043323F0070343F00403BC
:104D3000C1F804330023C2F80435094AD2F800341C
:104D4000002BFBD0BFF34F8F0649074BCA6802F414
:104D5000E0621343CB60BFF34F8F00BFFDE77047A6
:104D600000E0014000ED00E00400FA052DE9F34108
:104D70001B4DBFF35B8F98462B68BFF35B8F1746C5
:104D8000DA0704462AD520B96FF0010002B0BDE869
:104D9000F08101A911F04AFB12490246204617F0A2
:104DA00025FB0028F0D1BFF35B8F2B68BFF35B8F2F
:104DB000C3F3C0061B0711D4A5F1D4040722214672
:104DC0004046B847062895BF45F8D46C0723C4F879
:104DD0000360B0FBF3F094BFE671E0710020D5E70B
:104DE000BC0400204FDC02002DE9F04188B09C7922
:104DF000DDF838805D791E79DF7893F802C093F88A
:104E000001E01B78B8F1000F0ED0CDE90638CDE9EE
:104E100004CE1346CDE90267CDE90045084A0FF0FC
:104E2000F9FC08B0BDE8F081CDE905E3CDE9037CEC
:104E30001346CDE90156034A00940FF0EBFCF0E76E
:104E4000C5E20200E9E2020070B504468CB01E46DD
:104E50001546A2B129B10A4602A8042110F050FB60
:104E600002A900912B462246242103A8FFF7BCFF8C
:104E7000109A314603A8FEF773FD0CB070BD0346CF
:104E8000044A242103A80FF0C5FC0028F0DA6FF0D3
:104E90001500F2E70AE3020007B5064B0648DA7987
:104EA000C2EBC202009200221146FFF7CDFF03B011
:104EB0005DF804FBE80300204FDC020030B5044637
:104EC0008DB0154692B129B10A4602A8042110F00E
:104ED00017FB02A900912B462246242103A8FFF7C5
:104EE00083FF03A811F07AFA0DB030BD0346054ADE
:104EF000242103A80FF08EFC0028F2DA6FF01500D1
:104F0000F2E700BF0AE3020007B5009313460A4622
:104F100001460348FFF798FF03B05DF804FB00BFAC
:104F2000F1E402000A4601460148FFF7C7BF00BF8F
:104F3000F1E4020007B5009313460A460146034810
:104F4000FFF782FF03B05DF804FB00BFEBE4020053
:104F50000A4601460148FFF7B1BF00BFEBE402007B
:104F600007B5009313460A4601460348FFF76CFF56
:104F700003B05DF804FB00BFDCE402000A46014612
:104F80000148FFF79BBF00BFDCE4020007B5002229
:104F90000346009103481146FFF756FF03B05DF842
:104FA00004FB00BFE3E4020008B502480AF07AFA05
:104FB000002008BDA807002070B51A4CBFF35B8F16
:104FC0002368BFF35B8F13F0010F25461DD014F843
:104FD000CD3CA4F1D406D3B1BFF35B8F2368BFF3FC
:104FE0005B8F5A0701D400F0B9FBBFF35B8F55E824
:104FF000003F23F4006245E800210029F7D1BFF308
:105000005B8F1B0501D5FFF7CFFF002009E001F002
:10501000DDF830B9F379002BDED101F0E7F8002894
:10502000DAD070BDBC04002007B5009313460A46D1
:1050300001460348FFF708FF03B05DF804FB00BF1B
:1050400030E502000A4601460148FFF737BF00BFBE
:1050500030E5020030B50B4D0B4B87B000242846DD
:105060000393CDE9044416F053F803AB00932846AC
:1050700006490A234FF4E8620AF01AFA204607B0FC
:1050800030BD00BF481F002013E30200C0630020B2
:10509000014601480AF04CBA481F00200146014869
:1050A00016F00BB8481F00200378012B30B513D041
:1050B000022B27D07BB9194B0A4603F1100453F891
:1050C000045B42F8045BA342F9D11B781370438858
:1050D0004B731B0A8B7330BD104B0A4603F110044F
:1050E00053F8045B42F8045BA342F9D11B781370B8
:1050F00043684B73C3F307221B0CCB731B0A8A73E1
:105100000B74E8E700F1100350F8042B41F8042B6E
:105110009842F9D103780B70DDE700BF1CE3020071
:1051200010B511F069FC16F055F80E4C30B1BFF314
:105130005B8F2368BFF35B8F7BB910BD0AF0B2FCB5
:10514000BFF35B8F2368BFF35B8F1BB9BDE81040D3
:105150000AF0BCBC0A209847F8E7BDE810400A20D6
:10516000184700BF7C36002038B50446084811F0C7
:10517000CBFA054648B1631EDBB21F2B96BF054A2A
:105180000021D15C0C3011F02EFB284638BD00BF49
:10519000A80C00202DE30200054BBFF35B8F53E802
:1051A000002F43E800010029F9D1BFF35B8F70475E
:1051B0007C3600200F2810B50CD80D280CD90A48D1
:1051C00011F0A2FA044618B104210C3011F00BFBC7
:1051D000204610BD1328F2D009B10448F0E7BDE81D
:1051E00010400220FFF7C0BFD40C0020240C002088
:1051F000F8B506460F4602F099F9044640B18378A7
:10520000012B24D0132112F074FA204601F0E2FDA4
:105210003946304605F0DCFB054628BB39463046AA
:1052200004F0FAFB144B1B6823B31C6804B10C3C5C
:1052300053F8043C13B1394630469847D4B123465D
:10524000E4689B68A4B10C3C002BF4D1F7E7002381
:10525000D0F8A450C0F8A430132112F04AFA204626
:1052600001F0B8FD002DD3D0284614F0D5FAD5E7CB
:10527000002BE0D1F8BD00BFE836002070B5C6684D
:105280003378B6F8014083B90F21204601F076FE4D
:10529000F378054650B90A4A118831B96FEA0450CB
:1052A0006FEA10501080074A137070BD037301211C
:1052B00001F0D0FD2846BDE8704001F08BBD00BF75
:1052C0004A5500209E55002010B5084C0146062284
:1052D00094F86F0002F044F938B994F86F0004496B
:1052E000BDE81040052202F03BB910BDE8030020E4
:1052F000ABE2020010B5012104460C3011F094FA23
:105300002146034A0078BDE81040002311F05EBC3E
:1053100008D2020010B5012104460C3011F084FAC5
:105320002146034A0078BDE81040082311F04EBC26
:10533000C8D1020010B5012104460C3011F074FAF6
:105340002146034A0078BDE81040022311F03EBC1C
:1053500088D102002DE9F04788461646824600288B
:1053600072D0BFF35B8FDFF8E490002359E8004F61
:1053700049E80032002AF9D1BFF35B8F002C63D0DB
:105380002046FFF7A5FB324D0C2303FB00502746B8
:105390004388534511D0BFF35B8F59E8003F49E87C
:1053A0000072002AF9D1BFF35B8F002B4CD01F464F
:1053B0003846BDE8F047FFF72BBCA64208D0204690
:1053C00011F09DF9328AF16804F10C0011F002FA33
:1053D0002046FFF77DFB0C2606FB00504368ABB16F
:1053E000B8F1000F12D12046FFF772FB06FB005008
:1053F00001214268D2E90003127A03F01F06B1408E
:105400005B09DAB100EB830011F07DFB2046FFF76A
:105410005FFB0C2606FB00508368002BC8D020469B
:10542000FFF756FB704305F800802046FFF750FB5E
:1054300006FB0055A86809F023FEB9E7C94300EB55
:10544000830011F0DAFBE1E7BDE8F08730050020CA
:10545000803600202DE9F8430C460AF023FBE36870
:10546000228A1978022964D0042905D02046FFF742
:10547000CFFB6FF0150405E0022A08D82046FFF79D
:10548000C7FB00240AF022FB2046BDE8F8835878C9
:105490003E2808D1032AF1D0DB78012B01D00A2B5A
:1054A00047D1032604E011F01CFB0646F0073ED569
:1054B00004F10C05284611F0CFF9012107462846D2
:1054C000B4F8109011F0A8F90221284611F0ACF9B7
:1054D000804600783E2816D1E3681B78012B31D036
:1054E0000A2B2FD002251A4A1A491B4841F24513AC
:1054F0000FF0F9FF002383F31188BFF36F8F0323AD
:10550000184602DF04E011F0ECFAC1070546EAD5BF
:10551000124A98F800000623214611F057FBAA070B
:1055200012D56369A4F8109013FA87F7E760B30700
:10553000A7D521460A4811F0EBF80A490A4815F0A8
:10554000BCFD9EE70325E3E72046FFF761FBEEE79E
:105550004DE3020081E302009AE3020058D1020009
:1055600034050020C8070020E81F002070B531482E
:1055700011F0E3F8044600285AD000F10C05284643
:1055800011F05AF9022805D004282FD02046FFF741
:105590003FFB21E0238A032BF8D90421284611F090
:1055A00043F9FF22438806882276228AC6F30B003D
:1055B0009A426083EAD10F2101F0E0FC0546002801
:1055C000E4D001F0F7FC320B20762146284612F099
:1055D00026F8284601F0FEFB174BD3F84C313BB3BD
:1055E000BDE870401549164815F067BD28460221F0
:1055F00011F01AF9054600783E2812D011F071FA20
:1056000010F002060DD10F4A0F49104840F6A8438A
:105610000FF069FF86F31188BFF36F8F03231846DD
:1056200002DF0B4A28780623214611F0CFFAADE7B6
:1056300070BD00BF34050020E8030020C80700202B
:10564000E81F00204DE30200B7E302009AE30200E6
:1056500098D10200094BBFF35B8F1A68BFF35B8FD1
:1056600002F00B02BFF35B8F53E8001F43E80020FA
:105670000028F9D1BFF35B8F704700BFBC04002046
:1056800010B5C1E900239DF808300B720C46FFF7F6
:105690001FFA034B0C2202FB00335C6010BD00BFFD
:1056A00080360020F8B502460B46104811F02CF861
:1056B0000446C0B104210C3011F07BF82046FFF7FE
:1056C00007FA0B4D0C2707FB0050002646802046AA
:1056D000FFF7FEF907FB005086602046FFF7F8F958
:1056E00007FB00556E602046F8BD00BF7C0C002013
:1056F0008036002037B504460D468DF80700A0B966
:1057000029B10B490722284616F060FE40B9094925
:105710000DF10702002005F0C3F8002003B030BDF2
:1057200029462046FFF764FDF7E76FF01500F5E71F
:10573000B2E20200256B020029289ABF014B185CD7
:105740000920704768E40200034B0146D3F86C015E
:1057500082689268104700BFE803002001480421D6
:1057600011F0D1B9BC04002000487047EEDB020004
:10577000014809F097BE00BFB807002070B5054684
:105780000C4659B94FF0FF304FF0FF31FFF78AFF59
:10579000044618B96FF06805284670BD2046FFF72B
:1057A00097F9164B0C2202FB0033A61830465D8099
:1057B00011F052F803280BD90321304611F01BF8E1
:1057C0000580238A033B83700121304611F01BF8CA
:1057D00040F635439D4208D12046FFF7B5FF054608
:1057E00048B12046FFF714FAD6E70548214615F0E0
:1057F000ACFBFFF7BDFF0025CEE700BF80360020E1
:105800003C05002038B502460B46244DD5F854110E
:1058100009B9002038BD05F5987009F06BFC002827
:10582000F7D10022002305F5AA7009F0F7FB044622
:1058300068B91B4A1B491C4840F6B8430FF053FE99
:1058400084F31188BFF36F8F0323184602DFD5F866
:10585000480120B1FFF7DCF90023C5F848312046A4
:1058600010F081FFC5F848012046FFF76DFF98B1A1
:105870000E4809F005FC2046FFF72AF90C4B0C22D4
:1058800002FB00301F2140882246FFF763FD2046BF
:10589000FFF7BEF9FFF76CFF0120BBE7E80300202C
:1058A0004DE30200E5E302009AE302001805002040
:1058B000803600202DE9F04F064687B017460C468B
:1058C00069B94FF0FF304FF0FF31FFF7EBFE0446B0
:1058D00060B96FF06805284607B0BDE8F08F887A98
:1058E000FFF7EEF8454B834240F082800122002111
:1058F000684615F043FB2046FFF7EAF8DFF800A101
:105900000C2303FB00A0C0F808D0204610F02BFFAA
:1059100001463046FFF732FF054618B12046FFF733
:1059200077F9D8E716F0F0FD364B1A58364B9A4205
:1059300020D1DFF8D8B0364815F01CFB0021814695
:105940004FF4A020FFF75EFF804688B9314A324805
:105950004FF4F97359460FF0C6FD304831460FF049
:10596000C2FD88F31188BFF36F8F0323184602DF4F
:105970004C45E0D14FF4A0220023684609F0BAFB61
:10598000804698B14FF4FC73224A254922480FF013
:10599000AAFD2448424631460FF0A5FD002383F3BB
:1059A0001188BFF36F8F0323184602DF2046FFF7ED
:1059B0008FF80C2358431AF80060AEB12046093E18
:1059C000FFF726F9092E0CD8DFE806F0150B0B08B7
:1059D000050B0B0B0B126FF00B057CE76FF00C0542
:1059E00079E76FF0040576E7002F97D03C6072E707
:1059F0006FF015056FE76FF06E056CE77C0C00200B
:105A00008036002008000000782D0020E9E3020025
:105A10003C0500204DE302009AE30200F1E302009E
:105A200011E402001AE4020010B5FAF7BDFF034BBF
:105A30001B6813B1BDE81040184710BD9836002010
:105A400073B5274D0646D5F86C0115F035F90028D9
:105A50003FD06FF0020105F1D40011F0CEF8012122
:105A600011F051F8C30737D410F057FF044668BB54
:105A70001C4B1E600122114605F5987015F07EFA48
:105A800005F5AA7015F055FA174815F041FB1749AE
:105A9000154800946FF0070340F6980209F008FDDE
:105AA0001349114815F09CFBD5F86C011149836826
:105AB0001B689847044648B926B902B0BDE8704053
:105AC000FAF772BF05F1C40009F0ECFC204602B001
:105AD00070BD6FF01204F9E76FF07704F6E700BFCE
:105AE000E803002098360020E81F0020406B0020CB
:105AF0005FE40200555401002DE9FF41504BB0F81E
:105B00000180198848F4704291424FF0000608BFA6
:105B10001E80054604BF4B4B1E7800F09DF9EB78C4
:105B2000012B08BF484B05F1040420460CBF93F835
:105B30006F70002710F05CFF2146A8B102A810F09A
:105B40004CFFD5F81130CDF80130B5F81530ADF86F
:105B500005300127EB78012B1CD01321404611F0B2
:105B6000BDFA04B0BDE8F081384611F0F9FB0346F8
:105B7000006802909A889B796868ADF80C208DF8CF
:105B80000E30A288A3792F790090ADF804208DF80B
:105B90000630DFE702A8FFF797FB04460028DCD0B9
:105BA0000346B5F8012023F8702B02989DF80E20CB
:105BB000BDF80C1020679A719980B5F8173040F243
:105BC000E2425343C4F88830B5F81930A4F8903055
:105BD000B5F81B30A4F89230EB78E3700022012B6B
:105BE00022731CD18DF80070BDF804209DF806309A
:105BF0000098A4F87B2084F87D30C4F8770000F08A
:105C00005DFC237A1049C3EBC3035A18CB58C4F880
:105C10007E309388A4F88230937984F88430072109
:105C2000204601F017F926B126730121204601F024
:105C300011F9204601F0F0F9204601F0CBF890E789
:105C40004A5500209E550020E803002000B5C36897
:105C50001A7889B032B13C2A32D109B05DF804EB30
:105C600010F0D7BF8DF80020B3F80120ADF8012067
:105C7000DA788DF80320B3F80B20ADF81720B3F8CD
:105C80000D20ADF81920B3F80F20ADF81B205A7C79
:105C90008DF81D20586801901A899B7A8DF80A307A
:105CA000094BADF8082068461A689B88CDF80B2090
:105CB000ADF80F30CDF81120ADF81530FFF71CFF0F
:105CC00009B05DF804FB00BFBFE2020038B5032154
:105CD00004460C3010F0A8FDE3680578B0F8010028
:105CE000197840F6354398420AD02246FFF732FB36
:105CF00035B1044809F0C4F9BDE83840FFF738BDB4
:105D000038BD00BF1805002038B5042104460C300A
:105D100010F08AFD4578017840882246FFF71AFB8B
:105D200035B1044809F0ACF9BDE83840FFF720BDB3
:105D300038BD00BF18050020F8B50A4DEF790646BA
:105D40000024E3B29F4202D86FF0010007E0294629
:105D5000304611F031FA0735631C08B12046F8BD12
:105D60001C46EEE7E803002037B504460D46B9B1FE
:105D70001649284611F020FA90B91548C4EBC4041E
:105D80002946204411F020FA124811F024FA430762
:105D900003D5FFF709F910F0C2FD002003B030BDB4
:105DA000684610F00CFE0028F8D16846FFF7C4FFE3
:105DB0000028F5DA064BC4EBC4001844694611F01C
:105DC00003FA002DE0D001462846DBE7B2E20200EC
:105DD000E8030020BC04002070B5144E06223146B2
:105DE000044616F0F3FAE0B14FF0FF304FF0FF3108
:105DF000FFF758FC0546B0B1062221460C3010F0E2
:105E0000E9FC0022294642F20500FFF753FD48B99C
:105E10003346226843F86929A288B280012283F8B8
:105E20006820002070BD6FF06800FBE7510400207F
:105E3000084BBFF35B8F53E800CF4CF4806C43E812
:105E400000C2002AF7D1BFF35B8F037A19430172B6
:105E5000704700BFBC0400200A4BBFF35B8F53E8C0
:105E6000002F22F4806143E800100028F7D1BFF32F
:105E70005B8F530504D504490022022004F032BD93
:105E8000704700BFBC040020BF7302001FB5002391
:105E9000CDE9023301908DF80C1001AA03490220CC
:105EA00004F020FD029805B05DF804FBFF720200CB
:105EB000F7B5044670B1404D95F8222195F823318D
:105EC0000AB19A4208D2013385F82331237A43F08C
:105ED0000403237203B0F0BD00210222084601F042
:105EE0003FFB064648B120460121FFF7A1FF30469F
:105EF00003B0BDE8F04000F06DBF01462F4800F050
:105F0000D7FA95F82331B3B995F8232195F82231C2
:105F10009A421CD10022114642F22900FFF7CAFC26
:105F200070B995F82331013385F82331237A43F092
:105F30000403237204E0304611F090F90028E3D006
:105F40001F48002103B0BDE8F04000F0B1BA22467E
:105F5000671C12F82A0B394611F043F9064630BB8C
:105F600095F82331013385F82331237A43F0040374
:105F7000237295F8A7305B0719D53946684611F0AA
:105F800023F901234FF0FF304FF0FF318DF8073038
:105F9000FFF788FB044650B1082269460C3010F028
:105FA00019FC3246214642F24E00FFF783FC0120E5
:105FB00011F054F9C4E700BFE80300202973020080
:105FC0008F7202002DE9F041044600B3364D95F87A
:105FD000222195F8233192B10132934210DC002145
:105FE0000222084601F0BCFA064690B12046022182
:105FF000FFF71EFF3046BDE8F04100F0EBBE13B1E5
:10600000013B85F82331237A23F004032372BDE892
:10601000F0810146254800F04BFA304611F01EF998
:10602000074688B995F8233195F822219A4217D26C
:10603000013B85F82331237A1D4923F004030246EE
:106040002372022004F04EFC95F8233113B1012095
:1060500011F004F9BDE8F0411648002100F028BA1B
:106060004FF0FF304FF0FF31FFF71CFB04F1010848
:1060700006460028E8D007210C3010F0A5FB414669
:1060800011F0A2F83A46314642F22800FFF712FC1E
:106090000028D9D195F82331013B85F82331237AA3
:1060A00023F004032372CFE7E803002029730200E2
:1060B000477202008F72020038B50D460649CC794E
:1060C00038B12B689C4228BF1C46C4EBC40216F0B2
:1060D0004DF92C6038BD00BFE803002070B50446C0
:1060E00011B16FF0150070BD80B11B4911F064F85B
:1060F00060B92046FFF720FE002827DA2378012B1D
:10610000EFD1A37903F0C003C02BEAD1134DEB7993
:10611000012B1ED005F1D40011F05DF8C30707D4A0
:10612000002CDED00C49204611F046F80028D8D1CA
:10613000EE792146731C3046EB71FFF715FE08B966
:106140003046D0E7EB79013BEB71CCE76FF077009D
:10615000C9E76FF00B00C6E7B2E20200E8030020D7
:106160002DE9F3410446D8B101AA002141F209000A
:10617000FFF7A0FB054698B9019E1249D6F80C809E
:1061800008F101070622384616F020F928B10E4919
:106190000622384616F01AF930B93046FEF738FDB7
:1061A000002002B0BDE8F081D8F80130C4F8013019
:1061B000BB88A4F8053030462570FEF729FD012084
:1061C000EFE700BFBFE20200B9E2020007B5684690
:1061D000FFF7C6FF044BD87118B169460020FFF7DE
:1061E000C3FD03B05DF804FBE8030020F0B5294DC2
:1061F000EE7989B0002E46D195F8C230DB0722D562
:106200006A4631464FF60940FFF754FBD8B9DDF82E
:1062100000C0DCF80C406378012B1E4628BF012625
:1062200073B1A31C02AA123418685968174603C731
:106230000833A3423A46F7D1186838609B88BB8080
:106240006046FEF7E5FCEE71002416260127EB7987
:10625000E0B2834202D8B3B1002012E008AB06FBE3
:106260000033694653F8182C33F8143CCDF801205C
:10627000ADF805308DF80070FFF776FD0134002889
:10628000E5D009B0F0BD0021084609B0BDE8F040F6
:10629000FFF724BFE80300202DE9F0410D46174623
:1062A0001C460646002856D0002B54D00A0303781B
:1062B00008D56D074FD411F067F8002849D10123A4
:1062C00023700CE0A9072CD026480FB1AA0608D4E9
:1062D000C3EBC302825C012A12D002B922700020F3
:1062E00037E090F8D820510638D5C3EBC302825C62
:1062F000012A05D002B92270237843F00203DFE7B8
:106300004FF00108072111FB03810144304611F0D1
:1063100033F8F0B984F80080002FE0D0AB06DED56A
:10632000EAE76A0711D50F49C3EBC3028E5C012E61
:1063300008D1072212FB0363194411F01DF840B97C
:106340002670EBE7002EE9D1FAE711F01DF80123E2
:106350002370BDE8F0816FF01500FAE76FF085005B
:10636000F7E700BFE8030020F8B545686905064671
:1063700035D4046914B115F0030330D0194F3078C7
:10638000FB7983422BD9C0EBC00017490722384460
:1063900016F01CF8A8B115F0030306D197F8702089
:1063A000082A02D8B2689F2A19D915F0300F09D0EF
:1063B000ACB1EA060AD405F46035B5F5603018BF13
:1063C0000120F8BDEB0601D4002CF4D1D6E902235C
:1063D0009A4204D81F2A02D9B3F5804FEBD9002086
:1063E000EFE700BFE8030020B2E20200F7B5CDE915
:1063F0000001694642F208009DF8207016461D46CD
:1064000011F004F8044668B97FB9BFF35B8F0C4BF9
:1064100053E8001F41F0040143E80012002AF7D1BD
:10642000BFF35B8F204603B0F0BD694642F209001E
:10643000CDE9006510F0EAFF0028E6D00446F1E758
:1064400010040020F8B50446164B14F8097B83F8B5
:106450006F7005460E4607221349204615F0B6FF19
:1064600070B91249384601F035F8044610B96FF09A
:106470000B00F8BD052100F0EDFC34600020F8E7CA
:106480002146384611F0D4F940B92146287801F068
:1064900021F804460028EAD00621ECE76FF0150049
:1064A000E7E700BFE8030020B2E20200ABE202002F
:1064B00003460148184700BF000400200048704709
:1064C000000400202DE9F04F8B4ED0F810B089B0B9
:1064D0009A460023BBEB03040546304618BF01244F
:1064E000039310F08DFF0F464107914640F1E58080
:1064F0002846FFF739FF60B96FF0150438460023CE
:1065000040F20111994540F0E180204609B0BDE814
:10651000F08F284610F04FFF80460028ECD0A6F1FF
:10652000AC0010F06DFFC205C0F3002300F1C8807D
:10653000CDE90533CDF81B30AB686868ADF8103095
:10654000EB68ADF8123010F04CFF8DF81D00BFF372
:106550005B8F56E8003F23F4807346E80032002A40
:10656000F7D1BFF35B8F2A7806F8BC2C06F8652CB0
:10657000696822460DF11503A6F1BC00FFF78CFEF9
:1065800004460028BAD1A6F1B303BBF1000F11D025
:106590002A69116846F8B31C9188998092799A719A
:1065A0006B689E0745D1980502D4BAF1000F54D00C
:1065B00002230BE0514A116846F8B31C9188927986
:1065C00099809A716B689C07EDD05B468DF814300A
:1065D0004FF0FF304FF0FF31FFF764F8044600281A
:1065E00071D00F2204A90C3010F0F4F821460022DB
:1065F00042F20600FFF75EF9044600287FF47EAF02
:10660000BBF1000F2DD06B68990736D13C480121B2
:1066100010F071FF039E0446002836D0002E3FF490
:106620006DAF3046002100F015FC304600F0D2FB83
:1066300064E713F0100F0CBF012304238DF814300E
:106640002B691A68CDF816209A88ADF81A209B7924
:106650008DF81C304FF00008BAE703238DF8143092
:10666000F8E7129BCDF80080524649463846FFF7BE
:10667000BDFE04460028C6D040E7214803A9FFF725
:10668000E1FE04460028C1D038E716B1304600F0DC
:10669000A1FB6A681B4812F0030218BF01220921FE
:1066A00010F00EFF42460A2110F00AFF6A680C2122
:1066B000C2F3800210F004FF20E76FF00A041DE728
:1066C0006FF077041AE76FF0680417E702888A42D0
:1066D00004D1426812B11278D20702D401330830D3
:1066E00010E70949094814F019FD4FF470220023FE
:1066F000064808F07BFF08E7BC040020B2E2020075
:1067000000040020100400204D7502001804002031
:1067100010B5184810F017FF174810F071FE034627
:10672000DA05C0F3002023D5134810F069FE830575
:1067300015D512491248072215F048FE11490346A3
:10674000087E93B91049052200F00AFF044630B1D3
:106750000021017300F07EFB204600F03BFBBDE80A
:1067600010400448002110F0C6BE06222131EBE79C
:1067700010BD00BF0004002010040020B2E202009F
:1067800009040020E8030020ABE2020070B59AB0D3
:106790003B4B02930021182203A815F00FFE44F290
:1067A000010309A8099310F0D3FE099B04936946DD
:1067B000344B059302A815F041FA10B31F25324B54
:1067C000BFF35B8F53E8001F21F0010143E8001283
:1067D000002AF7D1BFF35B8F2C4E09F063F93468C0
:1067E000002C45D0002DA4F10404294D18BF00252C
:1067F00023680BB1284698476468002C38D0043CC5
:10680000F6E7009801AB412209A915F0E9F8002844
:10681000D4D1204A0DF125030DF1650153F8040B85
:1068200042F8040B8B42F9D11B49009801AB20229E
:1068300015F084F80028C1D100980AF071FA0546D5
:106840000028BBD11349124810F08FFE13482031A5
:1068500010F08BFEBFF35B8F114B53E8001F41F02C
:10686000100143E80012002AF7D1BFF35B8FA6E7BF
:106870000023C6E9003309F029F91AB070BD00BF42
:1068800012710001000002099C360020A43600208D
:10689000FF550020BF5500209F5500201F560020A7
:1068A000BC04002030B5A7B004233D22002116A867
:1068B000159315F083FD2D4B06931822002107A890
:1068C00015F07CFD44F201030DA80D9310F040FE7D
:1068D0000D9B0893264B0993264904AB202206A85A
:1068E0000AF060FAD8B16FF0040409F0DBF8224B2B
:1068F0001D6885B100201860204BBFF35B8F53E803
:10690000001F21F0020143E80012002AF7D1BFF373
:106910005B8F24B3A84709F0D9F827B030BD184BD6
:106920000DF1550203F14000194653F8044B42F8AB
:10693000044B8342F9D105AB02932023CDE9001328
:106940000B480499412315AA15F02AF90028CAD149
:1069500004980AF0E5F904460028C6D0C3E70DA85C
:10696000074910F002FE0DA8D4E700BF1271000124
:10697000000002099F550020A03600209C36002010
:10698000BF55002008B50449402215F01FFDB0FA9C
:1069900080F0400908BD00BF92E4020010B59AB033
:1069A00018220446184B0293002103A815F006FD97
:1069B0004FF4804309A8099310F0CAFD099B049382
:1069C000124B0593214604230DF125008DF8243048
:1069D00010F0CBFD04F120010DF1450010F0C5FDD4
:1069E00001AB412209A902A80AF0DCF9044602A879
:1069F00015F09CF92CB901980AF092F901201AB00F
:106A000010BD0020FBE700BF124100010000020999
:106A100010B5002837D0204A136823B1043B8342C5
:106A200034D05B68F9E71D4BBFF35B8F1968BFF388
:106A30005B8F89072DD414684460011D5068116074
:106A400000B95160BFF35B8F53E8002F42F00101A2
:106A500043E800100028F7D1BFF35B8FD30701D5BF
:106A6000002010BD0E4BBFF35B8F53E8001F21F0D9
:106A7000100143E80012002AF7D1BFF35B8F0948E9
:106A8000FEF70CFBECE76FF01500EAE76FF077001C
:106A9000E7E76FF00F00E4E7A43600209C36002003
:106AA000BC040020E8070020054BBFF35B8F1B6888
:106AB0000448BFF35B8F13F0100F08BF002070472E
:106AC000BC040020FF55002070B505461E48036831
:106AD0008B4232D0BFF35B8F1C4B1B68BFF35B8FC5
:106AE000DA062DD5036813B16FF00F0070BD184A98
:106AF000BFF35B8F1368BFF35B8FDB07F4D4BFF387
:106B00005B8F52E8003F43F0020442E80046002E4B
:106B1000F7D1BFF35B8F13F00204E5D101600D489C
:106B2000294610F022FD0C4805F1200110F01DFD52
:106B30000A48FEF7B3FA2046D8E76FF07700D5E7AA
:106B40006FF07C00D2E700BFA0360020BC0400201C
:106B50009C360020BF550020DF550020D8070020BC
:106B600070B50C4B1C68054644B154F81C3C1C3CE9
:106B700013B1297B28469847E469F5E7064C074E90
:106B8000B44200D370BD236813B1297B28469847CF
:106B90002034F5E7E0360020DCC902001CCA020000
:106BA00010B50446FDF794FF044901EB001120469F
:106BB0000FF05FFFBDE81040FEF7DABDAC360020F5
:106BC00070B5D1E9015600220446C1E90122064808
:106BD00014F0BBF93DB1314620462B466FF06D02F3
:106BE000BDE87040184770BD9C0B002037B5437B53
:106BF000072B04462ED14FF48061043010F0D9FCED
:106C0000410527D4BFF35B8F6368134DBFF35B8FE0
:106C100013F4803F14D095F8D8309A061AD510F0A6
:106C2000EBF8B8B10DF1060101A810F03FFA88B9F0
:106C3000BDF80620BDF80410204610F090FA09E0D7
:106C400095F8D8301B07E6D5204610F06DFA637B27
:106C5000072BE0D003B030BDE803002070B5054637
:106C60000F480022002308F045FAB8B90D4B1C6804
:106C700034B154F8143C1C3C03B19847E469F7E77D
:106C8000094C0A4EB44204D32846BDE8704008F0CF
:106C900009BCA36803B198472034F3E770BD00BF77
:106CA000840B0020E0360020DCC902001CCA020070
:106CB0002DE9F843DFF85480044640270025EFF320
:106CC000118387F31288BFF36F8FE16929B983F3CA
:106CD0001188BFF36F8FBDE8F883206A0A68E2610C
:106CE000814208BF226283F31188BFF36F8FD1E91D
:106CF00001694046C1E9015514F027F91EB100228F
:106D000049462046B047FEF733FDD8E79C0B0020EC
:106D10000448B0F80431002B00F5847008BF00204F
:106D2000704700BFE803002030B5044615F0ECFBC7
:106D30000D4A0D460D490858D2F8801088428BB094
:106D400005D120460BB0BDE83040FFF7B1BF243479
:106D50002146104614F0B1F91DB16946204614F0E1
:106D6000BCF90BB030BD00BF782D0020080000003A
:106D700038B5002204468A4202D10024204638BD9C
:106D800004F1C8030120BFF35B8F53E8005F002DBF
:106D900004D143E8000CBCF1000FF6D1BFF35B8FC8
:106DA00002D0D0340244E6E7002CE6D0C82200210D
:106DB000204615F003FB04F14000044914F0AEF93D
:106DC000034904F1240014F05CF9D7E7E1760100EF
:106DD000D175020008B5C830BFF35B8F50E8003FA3
:106DE000013B40E80032002AF8D1BFF35B8F3BB98A
:106DF000044808F045F9BDE80840034808F052BBD4
:106E000008BD00BF840B00200808002010B5044610
:106E100010F053FC08F046FE0C4BD3F8243104F17B
:106E2000BC012BB90A4810F0AAFB08F04FFE06E09F
:106E3000994208D108F04AFE2046FFF7CBFFBDE893
:106E40001040FEF795BC1B68EBE700BFE80300208D
:106E50000C05002070B5437B8B42044668D041731B
:106E6000FBB910F02AFC637B012B1DD0072B5FD1EF
:106E70003048002109F05CFA0023C4E90D33E378BF
:106E8000012B55D1A378012B04BF032384F898303C
:106E900004F140004FF42032BDE87040002308F0B8
:106EA00071BB427B012A08D1234D05F584766169C7
:106EB00061BBBDE87040FEF75BBC072AD8D0002A52
:106EC00036D1013B072B33D8DFE803F004171B1B37
:106ED0001B17323200F14005284614F02BF92046EA
:106EE0000121FFF721FF204610F090FB28460022E9
:106EF000BDE87040002308F079BB037B0BB1FFF7BE
:106F00002FFE2046BDE87040FFF764BFA2690B6802
:106F10006361914208BFA3612046FFF751FEB5F8B7
:106F20000431002B14BF3046002008F0A9F8BEE75A
:106F300070BD00BF18080020E8030020F8B5074620
:106F400009480D46164610F0B8FB044650B1837848
:106F50001F4203D1BDE8F840FFF73CBF3146A847C8
:106F60002046F7E7F8BD00BF882000200249002234
:106F70000120FFF7E3BF00BFED6B010038B5054608
:106F80000B480C4610F099FB034670B1427B012A76
:106F900002D0073A012A06D81A88AA4202D19A7862
:106FA000144203D11846FFF715FF0023184638BDD9
:106FB00088200020034BC01A034B00115843C0B275
:106FC000704700BF88200020C54EECC470B51C4639
:106FD000144305460E460AD015F096FA0B49085898
:106FE0000B49D1F88010884204BF0022134609499A
:106FF000002D14BF284608460FF086FB044618B142
:10700000711D0C300FF0D5FB204670BD080000004C
:10701000782D0020CC0B002010B50446054808F060
:1070200041FA204600F0BCFC2046BDE81040FFF7C6
:1070300097BD00BFF80700202DE9F04F87B000236F
:1070400003930593AA4B5A8B32B1AA4DD5F824412C
:1070500034B907B0BDE8F08F1B68002BF5D1F8E715
:1070600054F8BC3903B1BC3BA349002601E01C46DF
:107070001346B5F80421002A00F03781D5F8102115
:107080004AB904F1BC06002BE3D0D3F8BC20002A97
:10709000EDD0BC3AEBE70A68002AF2D0D4F8A82079
:1070A000002AEED0D4F8AC20002AEAD0D4F8B020E0
:1070B000002AE6D0637B072B66D120469047002844
:1070C00062D0BFF35B8FD4F8C030BFF35B8F022B6D
:1070D0005ADC204610F0F1FA04460028B9D0637B50
:1070E000072B40F0F980D4F8A830B5F8041104AAB1
:1070F000204698470746002800F0D180B5F80421C3
:10710000049B9A4206D30146D4F8AC6005AB03AAAF
:107110002046B047059B01933B8ADDE9039A002B8B
:1071200000F0DD8038460FF0BAFC8046002840F0C1
:10713000D980B5F80431DFF8C4B1002B14BF58462C
:1071400000200022002307F0D5FF78B96A4800220A
:10715000002307F063FF064600283BD1B5F8043151
:10716000002B18BF5E46304607F08AFF6FF00B0514
:107170003846FDF74DFDB9F1000F00F08C80019904
:107180002A462046C84786E0D4F8BC3004F1BC0249
:10719000C6B9D5F82811C5F824318A4201D1C5F8FD
:1071A00028310023C4F8BC302046D4F8B0309847CA
:1071B000002894D0637B072B40F08E802046FFF799
:1071C00025FE8CE73360D5F828319A4208BFC5F810
:1071D0002861E6E7019BC0F804908360B5F804B12C
:1071E0004348DA454FF000024FF000034FF0000132
:1071F00098BF1FFA8AFBFDF78DFC814650B1FDF761
:1072000067FC3F4B5A4603EB0013394648460FF0E4
:107210000BFC8146B5F8043194F8C4709A458CBFD4
:107220004FF00108023784F8C48098BFFFB204F120
:10723000C008BFF35B8F58E8003F013348E80032D5
:10724000002AF8D1BFF35B8F04F1140A314650468F
:1072500010F095F9A378012B25D0BFF35B8F58E888
:10726000003F013B48E80032002AF8D1BFF35B8FB2
:107270003146504610F0AFF94846FDF7C9FC2046AC
:107280003146FFF79DFCB5F804311C48002B08BFC0
:10729000002007F0F5FE1321204610F02AFA2046C0
:1072A000FFF798FDD5E609F10C0B042158460FF0C5
:1072B000A2FA238807F0FD0743EA07330380B9F8F1
:1072C0001030043B4380022158460FF09CFA484698
:1072D000FEF73AFA0028C0D1FEF74AFADFE76FF06E
:1072E000790545E76FF0040542E79368FFDE00BFCC
:1072F000500C0020E80300209C0B0020F00400202C
:10730000AC3600202DE9F041D0F88860BFF35B8FE8
:107310004268BFF35B8F920440F2E2430446B6FB3F
:10732000F3F600F10403B6B217D5B0F88C20B242E0
:1073300013D8B0F88E20B2420FD3D0E92412914274
:107340000BD1BFF35B8F53E8001F21F4005143E8DA
:107350000012002AF7D1BFF35B8F114B1D6865B196
:1073600055F80C7C1C3D37B1B4F89230B4F890203D
:1073700031462046B847ED69F1E70A4DDFF828802D
:10738000454501D3BDE8F0812F6937B1B4F892309B
:10739000B4F8902031462046B8472035F0E700BFCA
:1073A000E0360020DCC902001CCA02002DE9F041D1
:1073B000074608460D460FF021FD064618B900267F
:1073C0003046BDE8F081144B1C6884B154F8103C81
:1073D0001C3C0BB9E469F8E7294638469847002871
:1073E000EDD028460FF00AFD0028F3D1E7E70B4C5B
:1073F000DFF82C804445E3D2E3680BB92034F9E789
:107400002946384698470028D9D028460FF0F6FC80
:107410000028F3D1D3E700BFE0360020DCC902002A
:107420001CCA02002DE9F041C37804468BB900F173
:107430007E06114B1D687DB11C3D04F170076B6920
:107440001BB13A46314620469847ED6925B11C3DAF
:10745000F5E700F17706ECE7084D094F04F17008F5
:10746000BD4201D3BDE8F0816B691BB14246314694
:10747000204698472035F3E7E0360020DCC90200BB
:107480001CCA0200F8B5437A83720546164610F00E
:10749000B7FA0D4B1C684CB154F8043C1C3C1BB1B2
:1074A000697A324628469847E469F4E7074C084F62
:1074B000BC4200D3F8BDA3691BB1697A32462846A5
:1074C00098472034F4E700BFE0360020DCC9020012
:1074D0001CCA020038B505460C460F480121FFF7CB
:1074E00047FCC0B1057223680367A388A0F8743015
:1074F000A37980F876300123437283728370074B3F
:10750000C0F8A830064BC0F8AC30064BC0F8B0301D
:10751000054BC0F88C3038BD88200020C5780100AC
:107520009F750200937502001800280070B505468B
:107530000A480E4610F0C1F8044620B18378012BAA
:1075400004D0FFF747FC0024204670BD3246294690
:1075500010F04EF90028F7D12046F2E788200020ED
:10756000F8B505460E480E46174610F0A6F8044634
:1075700020B18378012B03D0FFF72CFC00240DE011
:1075800036B13246294610F033F908B92046F3E700
:10759000637BBB42FAD1237AAB42F7D12046F8BDD8
:1075A0008820002010B583780B70C3784B70037A65
:1075B0008B70437B023BDBB2062B044698BF2B4803
:1075C0004FF0000298BFC35C81F8232088BF1346A8
:1075D00081F82030A378012B0CBF637A002381F857
:1075E0002130204610F0BCF881F82200A378012B4E
:1075F00039D104F170038B60237A1D4AC3EBC303B6
:1076000013444B60E07804F17E0304F1770210B17B
:10761000184613460246C1E90323D4F888304B616B
:1076200040F2E242B3FBF2F30B83B4F890304B83A9
:10763000B4F892308B83D4F8A4302BB15B7BDA069C
:1076400044BF012381F82330D4F8A43013B15B7B0D
:107650009B0601D4002010BD91F8233043F00203B3
:1076600081F82330F6E76FF01500F4E7D2E402006A
:10767000E803002038B5044608460D460FF0BEFB6F
:1076800048B3164B93F8D830990707D4E37883B101
:1076900029462046BDE8384000F0D8B994F8993022
:1076A0009A07F3D5BFF35B8F6368BFF35B8F5B040F
:1076B000ECD42946204610F0C9F858B92B88A4F814
:1076C0008C306B88A4F88E30AB88A4F89430EB88AB
:1076D000A4F8963038BD6FF01500FBE7E8030020F2
:1076E000F7B510F8333C0446A0F140060BBB30461A
:1076F00010F029F9314B1D684DB155F8183C1C3D6F
:107700001BB114F8341C30469847ED69F4E72C4D52
:107710002C4FBD4205D3304603B0BDE8F040FFF723
:1077200059BB6B681BB114F8341C304698472035A0
:10773000EFE710F83E3C012B3DD1BFF35B8FA0F18A
:107740003C0555E8003F23F4005245E8002100299C
:10775000F7D1BFF35B8F9B041CD5E36C00936946A4
:10776000636D01933046FFF785FF58B9BFF35B8F18
:1077700055E8003F23F4805345E80032002AF7D152
:10778000BFF35B8F4FF40061284603B0BDE8F040C3
:107790000FF00FBF0C4A106851686B4603C369466F
:1077A0003046FFF767FF0028ECD14FF480512846A0
:1077B0000FF0FFFEE6E703B0F0BD00BFE0360020AB
:1077C000DCC902001CCA02007CCC02000B4B58B181
:1077D0001A6862B902693AB902685AB942684AB984
:1077E00082683AB942692AB91860002070476FF080
:1077F000770070476FF01500704700BFF03600202B
:1078000008B568B1094B1A6800F10C0122B90748A4
:107810000FF0B5FE104608BD914204D01268F5E79E
:107820006FF01500F7E76FF07700F4E7E836002017
:1078300010B50C4813F07DFB0B490A4813F085FB8B
:107840000A49084813F081FB0949064813F07DFBFB
:1078500010F023FE02F0E0FF044608B910F09CF996
:10786000204610BD9C0B0020BC360020C8360020EE
:10787000D4360020044B186818B9044A5A600B60CB
:1078800070476FF00B007047F436002044D20200BE
:1078900070B5044652EA03000AD014F035FE074DD5
:1078A000074ED5F880503058854204BF0022134659
:1078B00020460431BDE87040FFF788BB782D0020DA
:1078C000080000002DE9F843D0F8B4400E46904679
:1078D0004CB1483C236B63B104F13009484613F0C6
:1078E00049FB054658B9FDF743FF00252846BDE88A
:1078F000F8832068B43010F01CF8A46CE8E70FF0AF
:10790000CEF80028F1D128460EF02DFFE36C054695
:107910009BB9A38C078A403B9BB23F2B03D8238D96
:107920009F4228BF1F46042105F10C000EF063FFA3
:107930000780A38C43800437E764E36C2A8A9E4265
:107940000FD3934216D0A38C403B9BB23F2B21D93F
:107950002068B4300FF0EDFF236B13B120460FF019
:10796000C9FFE36CC8F800309E4234BF9E1B00265E
:10797000E664BBE700220023484607F04FFBFDF713
:1079800047F9A38CA3F140023F2AE1D8034AAA6138
:10799000EB61DDE700221346F9E700BFBF7A020082
:1079A000F7B5284D284F04460026BD4201D303B049
:1079B000F0BD2988204610F078F86B68019001A985
:1079C00020469847002838DB019B2A889A829A84AF
:1079D00003F11002BFF35B8F52E8001F42E8006022
:1079E0000028F9D1BFF35B8F9E64DE649E60A16BBB
:1079F00003F1080219BBC4E90D221C60DE6003F12B
:107A0000300013F096FA019843681B6803B1984759
:107A1000019BBFF35B8F103353E8001F41F001015E
:107A200043E80012002AF7D1BFF35B8F0198436847
:107A3000DB6913B100F1100198470835B5E70A601A
:107A4000A263DAE7C4C90200DCC9020070B5124BB8
:107A50000C4619780131C9B2012938BF0121054608
:107A60000822122019700FF0E8FF064688B108219D
:107A70000C300EF0A9FE2288028062884280A28823
:107A80008280E288C28031462846BDE8704010F00E
:107A900023B86FF00B0070BD3F56002023281FD87D
:107AA0001A2804D8431E182B0ED906207047A0F1BF
:107AB0001B03082B1ED8DFE803F0051D1B231D192F
:107AC000251D0500032070470F4A012383401A40FB
:107AD000C2B90E4A1A40002A14BF0120062070477E
:107AE00000F07F03522B05D1002070470120704722
:107AF0000520704710F0400F0CBF06200020704793
:107B00000420704702207047AAAA8A0254554501F2
:107B100070B50E46438D418B8B4202F1010228BFA6
:107B20000B469A42054620D83046FFF7B7FF022899
:107B300012D0042810D014F0E7FC154B1958154B3F
:107B4000D3F88030994213D0134B1B685A1A18BFD0
:107B50004FF0FF32134602E04FF4702200230F482B
:107B60000021FFF795FE044620B90024204670BD91
:107B70000022EFE7FCF7ACFF094B182202FB0033B1
:107B8000012104F10C009D600EF01EFE0670EDE771
:107B900008000000782D0020BC370020F80B0020E2
:107BA00044370020011F014813F0E8B8240A0020E0
:107BB000F8B54FF47022074600230D480E460EF02C
:107BC000A3FD044690B100F10C05092128460EF0F2
:107BD000F0FD2046FCF77CFF064B182202FB003329
:107BE000012128469F600EF0EFFD06702046F8BD8B
:107BF000F80B00204437002010B500F15003044674
:107C0000BFF35B8F53E8001F41F0010143E800120E
:107C1000002AF7D1BFF35B8F201F10F023F904F186
:107C20007400044913F07AFA2068BDE8104001F0AE
:107C30007DBE00BF4D85020070B503788AB0044652
:107C40000E4607AD032B20D8DFE803F002191B1DF9
:107C500011492846F8F746FD059563780493A37803
:107C60000393E37802932379019363790093A379D3
:107C70000A4A1E2130460CF0CDFD0AB070BD0849FD
:107C8000E7E70849E5E70849E3E7084A0A21284603
:107C90000CF0C0FDE0E700BF3ADC020063DC02004C
:107CA00041DC020048DC020052DC02005CDC020025
:107CB0002DE9FF4105460E464FF000084FF42053D2
:107CC000006817688DF8088002A91446ADF80A30DC
:107CD0000EF027FEA0B142F6010328688DF80C8053
:107CE00003A9ADF80E300EF01CFE48B123691BB19C
:107CF0005A88B24200D25E80012004B0BDE8F08113
:107D0000616828680EF00DFE10B100232361F3E7CF
:107D1000E368A0681A786AB1B7F82AC0798B038A39
:107D20008C4594BFC3EB0C03C3EB0103934201DA10
:107D30000020E2E704210C300EF046FD20610680B1
:107D400023695E80074B00930194A26800232946B3
:107D5000384610F0CAF80028EADB2069003818BF5E
:107D60000120CAE7CB7E02002DE9F34717680546DC
:107D7000894600685168D7F804A014460EF0D1FD7A
:107D8000804600284BD195222946504610F0AFFF7F
:107D90000646207540B1E3681B780BB184F8148067
:107DA000002002B0BDE8F0872946504611F0DDF80A
:107DB00010B908232375F3E7A06826750EF0D7FCE9
:107DC00002210C300EF000FD164B2061A0F800904F
:107DD00000930194A26833462946384610F085F88E
:107DE000002807DA10F1FF0F26BF4042C0B20E2074
:107DF0002075D5E72369002BD2D0A0680FF0D7FEFD
:107E00007B8B7A8D9A4294BFC0EB0200C0EB0300DB
:107E1000E3681B78984294BF00200120C1E701204D
:107E2000BFE700BFBF7B0200F7B5002304460E4644
:107E30002B480022694606F0FBFF0546D0B914F036
:107E400063FB284B009F1A58274B29461A60381DA0
:107E5000282214F0B3FA3C60009C24480195C4E940
:107E60000155C4E909550022002301A906F0E0FFED
:107E7000054620B16FF00B05284603B0F0BD019B0D
:107E80000146B022184614F099FA194A82605C3013
:107E900013F04FF8019BBFF35B8F543353E8002F6F
:107EA00043E800510029F9D1BFF35B8F019B1C60AF
:107EB000636A019F1BB904F10C0013F03AF8626A7F
:107EC000C7F8A820A26A07F1A803636202B9A362F7
:107ED000019B17225A855A8304333360CCE700BFD5
:107EE000080A002008000000BC370020240A0020F7
:107EF000280800202DE9F74F064608460C46FCF7F7
:107F0000E7FDDFF898801823434308EB030205469A
:107F1000D2F808A0E068BFF35B8F716DBFF35B8F91
:107F2000C90738D5E16809781171002248F80320A3
:107F30000378D22B0ED133682146186811F0D9FA94
:107F400040B101902046FCF763FE019B184603B048
:107F5000BDE8F08F04F10C000EF07EFC18235D43A9
:107F600008EB050900231A4607462146301DB4F8E0
:107F700010B0C9F808600FF076FD03460028E5D080
:107F80006269A4F810B012FA87F7E76048F80500B4
:107F9000C9F808A0DAE76FF01503D7E744370020E7
:107FA0002DE9F14F0546FCF793FD3349182202FBFA
:107FB00000F3C81851F803A00779B0F80680D0F88C
:107FC00010900021D0E9024614F0F8F9A87AFCF7E5
:107FD00077FD6969834651B16B7AD80705D4DBF820
:107FE00024301B6828469B68984700236B6129460C
:107FF000584612F0B5FF002F31D084B3236873B315
:108000001B6863B3BAF1000F29D1201D10F05AF993
:108010003846FFF743FD052821D8DFE800F01603B6
:1080200020162003BFF35B8F636DBFF35B8FDA070E
:1080300015D5A36D9BB14FF47022002304F1780095
:1080400001B0BDE8F04F07F0D1BA23681D68BFF357
:108050005B8F636DBFF35B8FDB0700D556B901B053
:10806000BDE8F08F49462846B0470134A3B2984591
:10807000F8D8F4E70024F9E744370020F8B50B8A74
:10808000076804460D46002B39D0012105F10C008C
:108090000EF0CAFB7B7B072B064630D154F8043C1C
:1080A0006BB301781748043C002310F833708F42FB
:1080B00000EBC30208D1298A53789778994213D2EA
:1080C000012F1CD1042317E001330C2BEDD10846FE
:1080D000FFF7E4FC98B1052811D081B106230022F6
:1080E000204610F032F90AE05368294620469847A6
:1080F000012F034603D110B131780029EFD10020C0
:10810000F8BD00BF6CD202002DE9F0410E8A043E9A
:10811000F6B2022E04468CB0084601D0102E64D16F
:1081200004210C300EF080FB0DF10808058847880B
:10813000011D324640460EF022FC002857D09DB368
:10814000002687B3BD422FD84FF4205301A94046E3
:108150008DF80460ADF806300EF0E3FB40BB14224E
:10816000002107A814F02AF911212046FFF720FD6D
:108170000990002837D001210C30CDE907480EF0D6
:1081800023FB00230A901B4A037039460B932846B1
:1081900007AB0FF05DFD0A9B1B78FBB90998FCF754
:1081A00037FD0A2301E03D4601232A4610210EE057
:1081B00042F6010307A940468DF81C60ADF81E3059
:1081C0000EF0AFFB0028CAD010232A4619462046DD
:1081D00010F0BBF800200CB0BDE8F08109992046F2
:1081E00010F0A5F8F6E71120F5E70420F3E70E20DC
:1081F000F1E700BFB17C01002DE9F043036885B0D1
:1082000004460D461868012110F075FE40B904F1CE
:1082100054000FF02AFFB0BB122005B0BDE8F08378
:1082200010220021684614F0C9F821212046FFF7EA
:10823000BFFC029048B3DFF85890009405F10C079A
:108240004FF001082B8A012B04D80299204610F028
:108250006EF818E038460EF0F7FA6B464A460146CB
:1082600006468DF80C800FF0F3FC9DF80C30002BC7
:10827000E8D00298FCF7CCFC9DF80C303246202167
:10828000204610F062F80020C7E71120C5E700BFC4
:10829000E98002002DE9F043036885B004460D46ED
:1082A0001868012110F027FE40B904F154000FF0C6
:1082B000DCFEB0BB122005B0BDE8F0831022002127
:1082C000684614F07BF80F212046FFF771FC0290FE
:1082D00048B3DFF85890009405F10C074FF00108FF
:1082E0002B8A012B04D80299204610F020F818E0C0
:1082F00038460EF0A9FA6B464A46014606468DF806
:108300000C800FF0A5FC9DF80C30002BE8D00298F3
:10831000FCF77EFC9DF80C3032460E21204610F012
:1083200014F80020C7E71120C5E700BF89800200CC
:10833000F0B51D46036885B004460E461868012155
:10834000174610F0D8FD38B904F154000FF08DFE37
:1083500048BB122005B0F0BD65B31022002168466D
:1083600014F02CF839462046FFF722FC029018B38F
:10837000BDF82830ADF8043001238DF80C300F4AD9
:1083800000946B46294628460FF062FC9DF80C309D
:108390005BB10298FCF73CFC9DF80C302A46314654
:1083A00020460FF0D2FF0020D4E7029920460FF0BC
:1083B000BEFFF8E70120CDE71120CBE7898002005E
:1083C0002DE9F0410E8A043EF6B2022E04468CB02E
:1083D000084601D0102E76D104210C300EF024FA7C
:1083E0000DF1040805884788011D324640460EF00D
:1083F000C6FA002869D085B377B3BD422DD860682E
:10840000012110F078FD064678BB8DF8000042F699
:10841000020369464046ADF802300EF082FA20B3FE
:1084200042F6030306A940468DF81860ADF81A30ED
:108430000EF077FAC8B1012D03D14FF6FF739F42BA
:1084400013D004F154000FF010FE002814BF0020D8
:1084500012200CB0BDE8F0813D4601232A460821D8
:1084600020460FF072FF0020F3E7182200210DEBE9
:10847000020013F0A3FF09212046FFF799FB0890A3
:10848000F8B101210C30CDE906480EF09DF900232A
:10849000099003700A238DF82C300D4A06AB39463B
:1084A00028460FF0D5FB9DF82C302BB10898FCF72F
:1084B000AFFB9DF82C30D1E7089920460FF037FF2D
:1084C000D1E71120C5E70420C3E70E20C1E700BFB4
:1084D000697D01002DE9F0430F4687B0044606216F
:1084E00007F10C000EF0A0F90588B0F80280828830
:1084F000D7F80C90C5B10023B8F1000F13D0A845F0
:1085000012D38DF800308DF8043001A94FF42053B8
:108510006846ADF80220ADF806300EF002FA0646C5
:1085200060B10A2301E0454601232A460621204680
:108530000FF00BFF002007B0BDE8F08301461422C6
:1085400001A83F7C13F03AFF07212046FFF730FBDC
:108550000290D8B10A238DF815300D4A019401AB71
:1085600041462846CDE903698DF814700FF070FB81
:108570009DF815302BB10298FCF74AFB9DF8153099
:10858000D3E7029920460FF0D2FED3E71120D2E7BD
:10859000677C02007FB5CB681D885E88044685B184
:1085A00076B1AE420DD310220021684613F006FFCB
:1085B00005212046FFF7FCFA019058B9112007E089
:1085C000354601232A46042120460FF0BEFE002036
:1085D00004B070BD6B46094A0094314628460FF03E
:1085E00037FB029B23B90198FCF712FB0A23E9E74A
:1085F000019920460FF09BFEE9E700BFAD7D020028
:10860000F0B51E4603680D46003987B0044618BF12
:1086100001211868174610F06EFC40B904F15400AF
:108620000FF023FD002844D0002007B0F0BD002E3D
:1086300041D018220021684613F0C0FE47BB2368D2
:108640001E4A1B6800930023ADF812300C9B039365
:10865000BDF83430ADF8103001238DF814303146B8
:108660006B4630468DF808500FF0F2FA9DF8143042
:10867000C3B1002FD8D00198FCF7CAFA9DF8143086
:10868000002DD1D03246294620460FF05EFECBE7C2
:10869000002239462046FFF73BFA01900028CED150
:1086A0001120C2E701990029BED020460FF03FFEFD
:1086B000BAE71220B9E70120B7E700BFDF7B02006D
:1086C00007B50B460246002113F01EFF01910F492A
:1086D00009580F480068884204D00E48D0F880003E
:1086E000884201D10022134601A90B4806F0A0FBE5
:1086F000014648B9019B1C22184613F05FFE034651
:10870000184603B05DF804FB0023F9E708000000F9
:10871000BC370020782D00205C0A002010B50446EC
:10872000806818B1FCF774FA0023A3602146024860
:10873000BDE8104012F022BB5C0A00202DE9F3478F
:10874000044678300E4617461D4612F0F3FCA06D25
:1087500030B920460FF0E5FE002002B0BDE8F087FA
:10876000124B98424FF0000805D12068C4F8588099
:108770000FF061FDF0E7D0F80490C0F80480A06D20
:10878000D0F818A0FFF7CAFF2068C4F858800FF08F
:1087900052FDB9F1000FDFD02068CDF800A00068CD
:1087A0003B4632462946C847D6E700BFC0370020BF
:1087B000F7B550F8044C0546002C59D000F1A4013F
:1087C00004F124000FF038FC2E1F05F15807002299
:1087D0000023384606F022FC024678BB6B6D2BB1B5
:1087E00001466FF067033046FFF7A8FF002345F806
:1087F000043C05F15003BFF35B8F53E8001F21F0E9
:10880000010143E80012002AF7D1BFF35B8F636ACE
:1088100073BB04F10C0600220023304606F0FEFB79
:1088200078B9666886B913482660214612F0A6FA20
:10883000286803B0BDE8F04001F018B9FCF7E8F98A
:10884000C5E7FCF7E5F9E6E7A2683368636096429E
:1088500008BFA36077683FB1B36900930023206825
:108860001A466FF06701B8473046FFF757FFD8E761
:1088700003B0F0BD080A0020F8B51D460F461646A5
:10888000FCF726F9044C182303FB0040C0E90376EB
:108890000123C3800575F8BD4437002010B5044995
:1088A000144618461022A04700EAE07010BD00BF31
:1088B000B021002070B50D4C2378834206460D464A
:1088C00004D1611C28460FF0E3FE58B9237CB34263
:1088D0000AD1074928460FF0DBFE10B1012004EB56
:1088E000001070BD0020FAE70020FAE7F4370020FE
:1088F0000538002070B50D4C2378834206460D469E
:1089000004D1611C28460FF0C3FE58B9237BB34243
:108910000AD1074928460FF0BBFE0028054808BFCA
:10892000002070BD2046FCE70020FAE75821002017
:10893000652100206421002070B50D4C237883420E
:1089400005460E4603D1601C0FF0A2FE60B9237BE2
:10895000AB420BD1074831460FF09AFE18B1012007
:108960000C2303FB004070BD0020F9E70020FAE76C
:10897000505500205D55002038B50E4B14468268D6
:108980009A420D4611D122792168C0680FF088FE05
:1089900058B1D4F8C8302F2B09D804EB8302013327
:1089A000158101895181C4F8C830012038BD0020EB
:1089B000FCE700BFC58D010070B5204B14468268EE
:1089C0009A420FD1A568C66875B9227921683046E8
:1089D0000FF066FE024628B1194901300FF08DFEF6
:1089E00015701581012070BDE0680028FBD02B8830
:1089F0008B420AD0F6D2E068A36801380433E06005
:108A00000038A36018BF0120EDE7256822792946C8
:108A100030460FF045FE024660B9094930460FF076
:108A20003FFE02460028E6D0294601300FF065FEE1
:108A300023791370A3685B881381DCE7C58D01007F
:108A4000B2E2020070B5144D064640B115F8011CA3
:108A50002A466C1E0EF0CCFE98B120460CE00F4961
:108A600028460FF015FE40B90C4905F110000FF033
:108A70000FFE20B105F10F0070BD681EFCE700205D
:108A8000FAE7217C04F1110230460EF0B1FE002815
:108A9000F5D004F11000EFE7F5370020B2E2020054
:108AA00010B54A1C0C4638B109780EF0A1FE08B189
:108AB000204610BD0020FCE7024910460FF0E8FDFB
:108AC000F5E700BFB2E202002DE9F04106460F468D
:108AD00090460EF027FA50B339463046FFF70AFFAA
:108AE000054698B913480FF00FFE0446E8B1124846
:108AF0000FF00AFE50B9114D01240C235C43104ABB
:108B0000601C394610440FF0F8FD1655012101FA9A
:108B100008F105F108000FF0D2FDBDE8F041094869
:108B20004FF40042002306F061BD054DE5E7BDE8C6
:108B3000F08100BF602100206C2100206421002012
:108B400058210020702100202DE9F04180460F4679
:108B500016461D46FFF7F0FE044648B91449FFF7D4
:108B6000EBFE0446F0B100F8018B39460FF0C5FD6D
:108B70002289638992B99BB926816581254615F8BA
:108B8000010B29460EF0CEF960B12246294612F8B3
:108B9000080BBDE8F0410423FCF7B6B9964203D3B5
:108BA0009D42EAD8BDE8F0819D422681E6D9E4E7FE
:108BB000B2E202002DE9FF410E46174698460446F0
:108BC00028B96FF01505284604B0BDE8F08102A968
:108BD0000DF07FFE05460028F3D101A920460DF0D7
:108BE00025FC0198D0B902A90020FFF7A5FE044694
:108BF000D8B9002EE7D01149FFF79EFE0446D0B148
:108C0000002300F8013B02A90FF077FD042204F1D4
:108C100008014046B84700EAE075D4E70A22294631
:108C20000BF024FE0028DED0CBE7002EEED106604C
:108C300046608660C7E76FF00B05C4E7B2E202004A
:108C40001FB51046074A19464FF0C873CDE90223F5
:108C500008230093BDF818206B440FF073FD05B096
:108C60005DF804FB09000C0038B5094B1546826815
:108C70009A420AD1C4682968013420460FF008FDE1
:108C800018B1696820460FF038FD012038BD00BFDB
:108C9000C58D010008B513468168074A914209D184
:108CA0001A791968C0680FF0FBFC18B10023036043
:108CB00043600381012008BDC58D010002484FF4C7
:108CC000A472002306F092BC3822002008B50421CB
:108CD00008480FF0F4FC07486FF002010FF0FEFCAB
:108CE00004480FF011FDC30701D5FFF7E7FF00208F
:108CF00008BD00BF68220020024608B508490130BF
:108D00000FF0FBFC002313720C32BFF35B8F52E8B1
:108D1000001F42E800300028F9D1BFF35B8F08BD87
:108D2000B2E202002DE9F041234B154682689A42D7
:108D3000074602D1C468638933BB0120BDE8F081D6
:108D4000FEF748F8E36800216181002BF5D0384632
:108D50009847F2E705F17008287A41460EF0E2F8EC
:108D600068B9164B9C4202D128460FF088FD144981
:108D700030460FF0C2FC002323702381E2E7414616
:108D800030460FF0BAFCDDE72389002BDAD0264607
:108D9000284616F8011B32460EF02AFD0028D9D1CC
:108DA00020783146FEF7C2FB0028CBD0437B072B4F
:108DB000C6D1FEF70FF8C0E7C58D01007808002086
:108DC000B2E202002DE9F0471F46BDF82030D1F88D
:108DD0000C9006468846002B46D17B1E012B46D8B8
:108DE000012F4946157818BF1588FFF759FE04462C
:108DF00078B915B93846BDE8F0874946FFF750FE07
:108E00000446B8B306F1700101300FF076FC337AF6
:108E10002370D9F81030DBB9B4F808A02581B9F86F
:108E20000A30AB4203D0494640460FF073FCAA45D6
:108E300005D0307A002206F17001FFF745FE002DC3
:108E4000D8D10E49601C0FF058FC25702581D1E760
:108E50002A464146304698470028CCDB0138012895
:108E6000DAD96FF00D00C6E76FF00600C3E76FF0C8
:108E70000C00C0E76FF01000BDE700BFB2E20200D7
:108E800008B5124801210FF01AFC10F0010F104B29
:108E90000AD1104A9A610D480FF036FC830713D4AB
:108EA000BDE80840FFF70ABF1A8B588B012A4FF61E
:108EB000FF7205D8904207D04FF6FF725A83EAE757
:108EC00090421983E7D0F7E708BD00BF6822002071
:108ED000182200200100FFFF10B5104C1049204659
:108EE0000FF0D6FB014638B9601E0FF05BFD14F899
:108EF000010C21460FF0E9FC09490A480FF0C8FBB4
:108F0000014650B908480FF04DFD084BBDE8104030
:108F1000187C03F111010FF0D8BC10BDF53700200B
:108F2000B2E202000538002004380020F4370020A7
:108F300010B56FF0020104460E480FF0CFFB0D484C
:108F40000FF0E2FBC20704D50B480022002306F015
:108F50004DFB20460FF054FB58B12046FFF772FD41
:108F600038B1037ADB0704D5BDE8104001210FF0CA
:108F700029BD10BD682200203822002010B51B48F2
:108F800001210FF09CFBC3072ED4022117480FF0DC
:108F900096FB084007D11649164A0B88164CA24288
:108FA0001CD300B10B801549154812F0B7F84FF4E7
:108FB000A47200231248FCF76BF81249124812F011
:108FC000ADF8022111480FF07AFB1148114912F057
:108FD000A5F8BDE810401048FEF712BC50680344E5
:108FE0009BB208320120DAE710BD00BF1438002020
:108FF000685500201CCA020044CA0200378C0200D7
:10900000C0210020E19501003822002068220020C4
:1090100070210020CF8C0200500800202DE9F04183
:10902000034648B1008A38B91249DFF84CE0012400
:109030004FF0140C714501D3BDE8F081D1E9007601
:10904000BB4204D30CFB0672143A93420ED934444B
:10905000A2B208311446EDE70CFB0578434507D072
:1090600001356219B54292B2F6D1F2E70025F8E770
:109070001046E1E71CCA020044CA02002DE9F74F7E
:10908000BDF83050009199464FF6FF73002D08BF90
:109090001D46244B1B888342074690463CD203B0B2
:1090A000BDE8F08F73682344BB4232D29CB20836CD
:1090B0001D4B9E42F6D3F2E78958019340460DF0CE
:1090C00030FC019B90B101340AF1010AA4B273682B
:1090D0005345ECD9009B9C42E1D8BC423168F2D3A5
:1090E0000BFB0AF28B18B8F1000FE5D1B9F1000FB4
:1090F0000BD1013DADB218460E9A0D9B2146984703
:10910000002DCCD00028DED1C9E7DA689145DAD14C
:10911000EFE74FF0000ADAE7044E01244FF0140B9A
:10912000C6E700BF6855002044CA02001CCA0200FE
:1091300010B51822E4B000210DEB0200CDE90111B9
:10914000CDE9031113F03AF94FF41053ADF8143090
:109150001F4C8023ADF816304FF48063CDE90734FF
:1091600001A962AB102205A807F01CFE014660BBF6
:109170004FF4AC720CA813F021F9629922460CA8A6
:1091800012F0B3FC08BB134A0CAB4FF6FF71012081
:109190000FF046FD104905AB10220CA812F0BCFCE4
:1091A0000446629807F0BCFD7CB90B4B082203F122
:1091B0001001187811F8014D03F8014B013A0870BD
:1091C000F7D1064808210FF07AFA64B010BD00BF4D
:1091D0000002C00301890200A021002068220020B3
:1091E0002DE9F0411949BDF818700446A1F130008D
:1091F00015461E4611F0B1FF15480FF085FA01071C
:1092000007D4FFF795FFFFF767FE12481021FBF721
:10921000BDFE2046FFF716FC68B1037ADA070AD5CF
:1092200000F10C0420460FF06FFAC30703D40221AB
:1092300020460FF044FA102306933A46314628465A
:10924000044BBDE8F0410FF07DBA00BFF0210020D3
:1092500068220020A021002010B51B480FF054FA0E
:10926000C0F3C00080F0010408B9FFF761FF1648A1
:109270000FF04AFA034614480FF046FADA0621D5F1
:10928000830608D5F4B1FFF727FEBDE810400F486C
:109290001021FBF77BBE20210B480FF010FA0B4981
:1092A0001022881813F092F848B9094811F042FFCB
:1092B000BDE8104004486FF001010FF00FBAFFF74E
:1092C000DFFDE0E710BD00BF68220020A0210020E4
:1092D0003822002008B5102103480FF0F0F9FFF7FD
:1092E000BBFF002008BD00BF682200202DE9F0412F
:1092F000B8B00C46164621493E986A461F460DF006
:1093000071F8002837D0009D01A928460DF08EF88D
:1093100065B1019870B90DF108080023284641464F
:109320008DF814300DF0D5FA054650B16FF01504E4
:1093300025461AE00A2200210BF098FA0028EAD00C
:10934000F4E7CDF81080A4B1C02208A93846B04790
:10935000041EEDDBA40808ABCDE90634084A04ABD3
:109360004FF6FF7101200FF05BFC284638B0BDE8D6
:10937000F0812346F0E76FF01505F6E7D9E4020027
:10938000B989010030B5B5B0002301918DF808000E
:1093900033930A4A01AB04460D4601204FF6FF7194
:1093A0000FF03EFC339B3BB19B0003AA29462046AD
:1093B000FBF7D6FD35B030BD1A46F7E779890100D5
:1093C0002DE9F34100F17008CDE9001204460F4683
:1093D000007A414616460DF0A5FD0F4A05466B463C
:1093E0004FF6FF7101200FF01BFC1DB1207A4146A2
:1093F000FFF7C8FF207A3946FFF75CFA40B13146E3
:1094000001300FF07AF91DB1207A41460FF05DFA74
:1094100002B0BDE8F08100BF698C010007B50023F0
:109420000193FFF7FBFD411C89B20846034A01ABDB
:109430000FF0F6FB019803B05DF804FB51860200C3
:109440002DE9F843154689469422696806460FF0CF
:109450004EFC8046002842D16968022230460FF057
:1094600081FC00283ED04FF470200021AF8AFFF726
:1094700027F90237044680B11C4B47611D21417416
:10948000C0F80C80436085613A4630460EF0E0FF3C
:10949000074638B92046FFF741F96FF00B0528461B
:1094A000BDE8F883012342464146FFF7E5F9A98A62
:1094B00007F10C0002310DF087F920F8029BAA8A0F
:1094C000296912F053FFA760214630460FF07BF860
:1094D00005460028E3D02046FFF720F9DFE74FF0EC
:1094E000FF35DCE76FF01505D9E700BF57860200AE
:1094F00030B504468BB037480FF006F942070D46E9
:1095000061D514B1637B072B60D168680590FFF7C4
:1095100085FD2A68ADF818003AB305A902912E49D5
:1095200001910121002300914FF6FF710593FFF790
:10953000A5FD059B1BB96FF001000BB030BD6B6042
:10954000059B186800238DF8103004A942F6030328
:10955000ADF812300DF0E5F970B90598C3689B7944
:109560009B0605D46FF01500E7E70028E8D1E2E795
:109570000FF00FFBADF81800BDF818003CB1012347
:109580000146AB752A462046FFF75AFFD5E76FF034
:109590007F0307930223ADF8203042F60213ADF8A3
:1095A000123005ABAC7502930C4B01930123009371
:1095B00004AA23464FF6FF7109958DF81040FFF776
:1095C0005DFD0798B9E76FF00A00B6E76FF07F001E
:1095D000B3E700BFBC04002085860200119801009B
:1095E00073B500F13005044650F8083C0193A0F132
:1095F00020066FF0010128460FF070F80D4B44F87B
:109600001C3C0D4B44F8183C01AB002044F8103CC6
:10961000042324F8080C24F8060C24F80C3C3146EA
:10962000FFF766FF18B9022128460FF048F802B08C
:1096300070BD00BF08D30200318F01002DE9F8434F
:10964000334B1468174682689A4205465DD1C66856
:10965000002306F10109002B57D13389002B54D088
:1096600031784A4620460EF0C3F800284DD04FF41A
:109670009572294620460FF03AFBA0B1032844D04A
:10968000052820460CBF4FF003084FF002080EF0EB
:10969000A9F8804507D93A7942454FF00103DAD25B
:1096A00087F80480D7E7314628460FF033F8194B86
:1096B0009E422AD1207A04F17001FFF73DF9054658
:1096C00018B303890BB94389FBB12046FDF772FC3F
:1096D000114A2B8922F8203002EB800369895980D6
:1096E0000E490F4D182303FB001300B202EB80025A
:1096F00000EB40005D601A610A4D9D60042201EBA1
:10970000C00120469A82FFF7F3FE0120BDE8F883EE
:10971000C58D0100780800204C550020DC37002062
:1097200008D30200678A020030B504468BB0354882
:109730000EF0EAFF42070D465DD514B1637B072B9F
:109740005CD168680590FFF769FC2A68ADF81800DD
:109750003AB305A902912C490191012100230091FE
:109760004FF6FF710593FFF789FC059B1BB96FF05E
:1097700001000BB030BD6B60059B186800238DF8AD
:10978000103004A942F60303ADF812300DF0C9F809
:1097900070B90598C3689B79DB0605D46FF0150096
:1097A000E7E70028E8D1E2E70FF0F3F9ADF8180099
:1097B000BDF818002CB101462A4620460FF064FB84
:1097C000D7E742F60212ADF8122005AA6FF07F0328
:1097D00002920E4A07930123CDE90032ADF8203002
:1097E00004AA23464FF6FF7109958DF81040FFF744
:1097F00045FC0798BDE76FF00A00BAE76FF07F00FD
:10980000B7E700BFBC040020858602001198010064
:109810002DE9F843414B144682689A42074603D02B
:1098200001273846BDE8F883C6683D4B9E4211D0FB
:109830003289A3899A4206F10101F1D13078FDF70E
:1098400075FE05460028EBD0437B072B26D0FDF79D
:10985000C1FAE5E7334DDFF8D0904FF000084946F4
:1098600028460EF015FF78B915F8010C0722294695
:10987000FDF776FE78B9236915F8010C1A692946B7
:1098800053881288FFF760F90C35B8F1000FCFD17B
:109890004FF00108E3E7FDF79DFAF5E7736923B19F
:1098A0003946984708B92846D1E7394694222846D0
:1098B0000FF01DFA07460028F5D1A389022B14D119
:1098C000338913F0020604D12846FDF783FAA66017
:1098D000A6E72269A1882846FFF7B2FD0646A8B987
:1098E0002269937D01339375EEE7012B04D028465E
:1098F000FDF770FAA76093E7338913F00106E3D010
:109900002269A18828460FF0BFFA06462846FDF7CF
:1099100061FA002EA66084DB82E700BFC58D0100DE
:109920007808002051550020B2E2020070B58EB0D8
:1099300000F17005044603900123007A8DF8103081
:1099400029460DF0EFFA90B1227A2AB302AE042133
:1099500030460BF0D5FD0096104A242105A82B4671
:10996000FBF742FA05AA0E491046FAF749F803AB8D
:109970000C4A4FF6FF7101200FF052F9E3784BB912
:1099800020460DF02FFF9DF81010884202D220468D
:109990000DF0F3FE0EB070BD0092DDE7DCE40200D6
:1099A000ED9201003D960100F8B50E4B1B6805468F
:1099B0000E461746A3B11C6804B1043C53F8043C9E
:1099C0001BB13A463146284698474CB12346646855
:1099D0001B681CB1043C002BF3D1F7E7002BF0D13E
:1099E000F8BD00BF1838002013B50A4A009004469D
:1099F0004FF6FF7101206B468DF804000FF010F94F
:109A0000002120460FF077FA08B9FFF739FA02B0C3
:109A100010BD00BF3D96010037B5134A00910446C2
:109A20000D468DF804006B464FF6FF7101200FF0D4
:109A3000F7F829462046FBF7A1FA002812DB294651
:109A400020460EF00CFF00280CDB29462046FEF7CE
:109A500031FF08B1FFF750F929462046FBF778FAA5
:109A600000EAE07003B030BD958C010073B5044688
:109A700003461A4A4FF6FF71012004F170060FF0F9
:109A8000CFF8207A31460FF0E8F8207A31460DF011
:109A900049FA50B1237A8DF80430114A00966B468A
:109AA0004FF6FF7101200FF0BBF82046FEF7CAFF0A
:109AB000054688B1207A31460DF034FA28B9284697
:109AC00002B0BDE87040FFF717B93146681C02B01C
:109AD000BDE870400EF011BE02B070BD258D0100D2
:109AE000958C0100064BD3F8EC0028B9054AC3F861
:109AF000F020EC330B6070476FF00B00704700BF35
:109B0000702200200CD4020008B5054B014618460F
:109B10000FF038FA043B002814BF1846002008BD97
:109B20007422002010B50C4A11680C4ABFF35B8FF9
:109B300000F5B87353E8004F944204D143E8001C89
:109B4000BCF1000FF6D1BFF35B8FBFF35B8FD0F892
:109B50007001BFF35B8F10BDF03600207022002033
:109B600008B5FFF7DFFF0346C8B1D0E9001221B9FD
:109B7000002A0CBF0320022010E032B1836813B921
:109B8000094B1B7833B9042008E00749087828B14D
:109B90009B6833B9003A18BF0122500008BD03206A
:109BA000FCE70120FAE700BF4056002038B5051D4C
:109BB0000446082128460FF04BFA064904F15700E5
:109BC000FCF782FF20B1284608210FF019FA08207F
:109BD00038BD00BF8795020038B5EC22054600214C
:109BE00012F0ECFB102105F1270004F0A1FA044665
:109BF00048B9052128460FF02BFAFCF755FF034B17
:109C00001860204638BD0824FBE700BF203800203C
:109C100070B50E4686B00446FFF784FFF36804F182
:109C200037020546114603F1100053F8046B41F862
:109C3000046B8342F9D1237A052B40D8DFE803F087
:109C4000172323033F6502AB45490093096804F1DC
:109C5000270304F1570000F035FF80BB0A21201DC7
:109C60000FF0F6F9AB680299D4F8EC00984720465B
:109C70000D210FF0EDF9201D10210FF0E9F920461C
:109C80000FF03EFA19E094F8DC10D4F8D83002ADA9
:109C9000CB403349009503F00103096843F080038A
:109CA00004F157000FF040FE48B91022294604F194
:109CB000170012F08BFB20B1042006B070BD082005
:109CC000FBE7032120460FF0C3F90FF019FA002833
:109CD000F3D194F8DC300133DBB2142B84F8DC30A0
:109CE00009D10D2120460FF0B3F91021201D0FF0EE
:109CF000AFF90020E1E7102104F1270004F018FA81
:109D0000003818BF0120C000D7E7102104F1270058
:109D100004F00EFA0028D2D105B3EB68F3B1114B71
:109D2000E27A1B88ADF80830A37CD20703F0010368
:109D300012D4002B14BF012303238DF80930002314
:109D4000C4E93833201D0C210FF082F9EB68D4F8F8
:109D5000EC0002A99847CCE75B00EEE70220ACE7F5
:109D600020380020FFCC020073B5047A022C05468F
:109D700023D844B190F8DC30D0F8D840DC4004F06F
:109D8000010444F08004032128460FF09AF90646A6
:109D9000A8B110210C300CF017FD00900F4823469D
:109DA000006805F1270205F157010FF0BDFD0446DB
:109DB00050B13046FAF72CFF01E0032C02D0082006
:109DC00002B070BD0024DEE7314628460FF029F9C5
:109DD000281D21460FF014F92046F1E72038002015
:109DE000F7B50446FFF79EFE251D06460E212846C0
:109DF0000FF0C8F850B94E4B2022196804F15700F3
:109E000012F0E4FA10B9082003B0F0BD0C2120468E
:109E10000FF057F907460028F5D040210C300CF020
:109E2000D3FC434B1B680246014603F1200053F864
:109E300004CB41F804CB8342F9D1203203F1200155
:109E400053F8040B42F8040B8B42F9D139462046F3
:109E50000FF0E7F8237A052BD5D801A252F823F0AA
:109E6000799E0100059F0100A79E0100799E0100D7
:109E7000079E0100259F0100042120460FF0E8F80D
:109E8000FFF772FF0028BFD1284607210FF0E0F846
:109E90000820FFF739FE002847D1204603B0BDE86F
:109EA000F040FFF783BE2046D4F8EC70FFF73AFE8F
:109EB000042106464FF0FF330DEB0100019304F03F
:109EC00037F900289FD1019B1A4AB3FBF2F102FB3C
:109ED00011330193C4F8D83084F8DC0056B13368EC
:109EE00043B10B2128460FF0B3F83368D4F8D810EB
:109EF00038469847032120460FF0AAF80E210FF0AC
:109F0000A7F8C1E7204603210FF0A2F80E210FF0B9
:109F10009FF828460A210FF09BF87368D4F8EC00EC
:109F20009847B1E704212046E9E700206CE700BF2D
:109F30002038002040420F0070B50E460446FFF75F
:109F4000F1FDF36804F157052A4603F1200153F8A7
:109F5000040B42F8040B8B42F9D104F1770203F1B0
:109F6000200153F8040B42F8040B8B42F9D1284628
:109F7000FCF708FD28B30E21201D0FF069F8D4F876
:109F8000EC50D5F8A43033B9287A05F1700100F00F
:109F900061FCC5F8A400D5F8A43043B90F4B1D6887
:109FA000B5B9201D06210FF053F8284608E0DA89DC
:109FB00002F02402002AF1D05B7B9B07EED4032041
:109FC00070BD2846FCF7EAFC0028E7D10B20F7E734
:109FD0002046BDE87040FFF703BF00BF20380020D7
:109FE00038B512490446A0F1EC05543011F096F84A
:109FF00028460FF0C5F9BFF35B8F0D4A04F18403C7
:10A0000053E8001F43E800200028F9D1BFF35B8F1D
:10A01000BFF35B8F88344FF0FF3354E8002F44E8E0
:10A0200000310029F9D1BFF35B8F38BDC59602001E
:10A030007022002038B5174B1B78054623B301F07A
:10A040000F042846FFF78CFD134A03280CBF04F0C9
:10A050000B0444F0040405F5BA731278BFF35B8F68
:10A0600053E8001F013103D143E800200028F7D155
:10A07000BFF35B8FBFF35B8FD5F87431BFF35B8F9A
:10A080002BB144F0010038BD01F00704D9E704F01A
:10A09000FE00F8E740560020F1090020F8B50D4613
:10A0A000D0F8EC600446FFF73DFDEF68FB78102B1D
:10A0B00001D00620F8BDD6F8A4305BB1251D0F21D4
:10A0C00028460EF05FFF80B92046FFF785FD60B19E
:10A0D000C0B2EFE7307A06F1700100F0BBFBC6F8C2
:10A0E000A4000028EAD10820E4E7012363723B685A
:10A0F000C4F80A30BB88E38102232374B978204670
:10A10000FFF798FFE0742046FFF72AFD10236074E4
:10A1100023753B7903F0030363757B7903F0010337
:10A12000A375E37C1A070CD5BB781B0709D505215D
:10A1300028460EF08DFF637D03F002036375002354
:10A14000A375052128460EF01DFF002843D04C4B77
:10A150001B78A374E37C980606D5BB78990603D5D3
:10A16000142128460EF074FFE37CDA0735D5BB785E
:10A17000DB0732D50D2128460EF06AFFA37D84F857
:10A18000E830637D84F8E930032128460EF060FF53
:10A19000237BE17C3F7803EA0102100704D5E27AD1
:10A1A000A07C0243D2071CD4042F1CD80B4313F00D
:10A1B000040307D02046FFF7D3FC324B07EB870799
:10A1C0003B441B5C2372D6F8A41020460EF0E3FE3D
:10A1D00058B903206EE72C4BBAE700236375A375CB
:10A1E000CCE70523EEE70023ECE7D4F8EC309B7ACC
:10A1F000032B36D024D8013B012B3FF674AF052149
:10A2000028460EF0BFFE0028E3D00C2120460EF0B9
:10A210001FFF02210EF055FF054600283FF463AFF3
:10A2200006210C300CF0D0FAD4F811300360B4F8E9
:10A2300015308380294620460EF0F3FE002039E7D2
:10A24000042B7FF450AF237D627B934228BF1346DB
:10A25000102B7FF42EAF052128460EF093FE002828
:10A26000B7D0237A002BB4D0052128460EF08AFE01
:10A270000028C4D1237A013B012BC0D8A9E700BF35
:10A280004256002014E50200415600202DE9F0411D
:10A29000C678012E044604D06FF015042046BDE8B0
:10A2A000F0810EF068FE0546002800F0AB80071D27
:10A2B000042138460EF066FE002840F0A6800321F7
:10A2C00038460EF05FFE10B16FF00F04E6E731463E
:10A2D00038460EF057FE0028F6D12846FFF722FC3C
:10A2E000D5F8EC309B7A032B064642D032D8013B9E
:10A2F000012B48D90F21201D0EF044FE0028CBD1A0
:10A30000D4F8A43083B904F17006217A32462020B3
:10A3100000F000FBC4F8A40030B9217A32460420D2
:10A3200000F0F8FAC4F8A400D4F8A430002BB3D09D
:10A33000DA8912F0240FAFD0A17A022923D9587BF1
:10A34000C007A9D503291ED09206A5D51B7B102BCB
:10A35000A2D118E0042BCDD12846FFF701FC032839
:10A3600004D1002EC6D0F368002BC3D0284B1B7835
:10A3700007E02846FFF7F4FB032804D1002EB9D0EC
:10A38000F368002BB6D0D4F8A4303BB12846FFF7D1
:10A3900023FC044670B16FF068047FE7207A04F173
:10A3A000700100F057FAC4F8A4000028EED16FF055
:10A3B0000B0473E70B2128460EF083FE06460028A7
:10A3C000E9D001210C300CF0FFF909218046284624
:10A3D000FFF730FE234688F800002246314605F19B
:10A3E000EC000DF040FB044618B13046FAF710FCC3
:10A3F00054E738460F210EF02BFE012128460EF0BF
:10A4000027FE4BE76FF07F0448E76FF0040445E751
:10A4100040560020F8B5D0F8EC40D4F8A4300646F9
:10A42000051D43B9022128460EF0ACFD092700287E
:10A4300051D11F214BE081BB0D2128460EF0A2FD1A
:10A44000074620B1D4F8A40008B10FF04DFA364BFE
:10A450001B689BB11D6805B10C3D53F80C3C13B152
:10A460003946204698474DB12B46ED681B681DB113
:10A470000C3D002BF4D1F7E7002BF1D130460EF064
:10A480007FFF637B072B4DD1627AA37A9A4249D032
:10A490002046BDE8F840FFF7F9BE0139C9B20E29E0
:10A4A00098BF224A1B7B94BF575C092723BBD4F873
:10A4B000A4000FF0B1F90023C4F8A430022128460B
:10A4C0000EF060FD38B9072FB3D8194BD95D3A4665
:10A4D0002046FCF7D7FF032128460EF053FD002845
:10A4E000CCD0114B1B68002BC8D01D6805B10C3DAA
:10A4F00053F8083C4BB90BE0022128460EF042FD10
:10A500000028D4D1DAE70C3D23B1394620469847DC
:10A51000002DB3D02B46ED685B68002DF3D1002BE6
:10A52000F3D1ABE7F8BD00BFE836002005E5020037
:10A53000F4E40200124B10B5044618604FF0FF32ED
:10A540004FF0FF330F4804F0A1FC0F4805F054F81A
:10A550000C4804F013FD04B910BD0C4CBFF35B8F25
:10A5600054F80439BFF35B8F5B06F5D52046FFF73F
:10A5700037FC01460028EFD020460EF0BDFFEBE788
:10A5800020380020A8080020BC08002074220020E9
:10A590002DE9F0410B8A04460E46B3B3012106F1C2
:10A5A0000C000CF041F9A4F1EC05E83C074604214D
:10A5B00020460EF0E7FC40BB39780E2925D8DFF89D
:10A5C000508058F8313023B9072128460EF094FF07
:10A5D0001BE028460EF0BEFE30B9032120460EF0E7
:10A5E000D1FC90B10821F0E73B78318A08EBC30237
:10A5F0001279914201D00A21E7E7314658F8333009
:10A600002846984701460028DFD10020BDE8F081A8
:10A6100034D402002DE9FF4190F8E930CF68D0F83A
:10A62000EC6023F0020380F8E9303B78044623B164
:10A63000BB7903F0C003C02B72D106F1700807226A
:10A640003946404611F0C2FE88B1307A394600F0F2
:10A65000BFF9054658B1014620460EF09CFC18B9DA
:10A66000082004B0BDE8F08128460FF0D5F80D2190
:10A67000201D0EF087FC00283ED0317A4246022091
:10A680000FF0B6F805460028EAD0F378002B40D149
:10A6900006F17E031878012826D19A7902F0C002CB
:10A6A000402A21D1D3F80120C5F83A20B3F805306B
:10A6B000EB8796F87030BBB196F8763003F0C003A4
:10A6C000C02B11D01849039501AACDE90187FCF7E9
:10A6D00035FC3B68C5F80130BB88A5F80530BB796F
:10A6E000EB713046FCF79EFE00212846FBF7CEFBBF
:10A6F000C0B92846FBF7DCFB94F8E9305B0703D5CB
:10A700000A2120460EF0A4FCB4F8E81021B1002084
:10A71000A7E706F17703BDE72046FFF77BFEF6E7E4
:10A720000A209EE703209CE7C79302002DE9F04131
:10A730000546A0F1E80604460F463046012155F8CB
:10A74000EC890EF007FE002859D0CFB10321304626
:10A750000EF018FC002852D03846FAF7EDFF013809
:10A76000C0B208289ABF2B4B1C5C00240221304643
:10A770000EF06EFC21462846BDE8F041FFF74ABEC8
:10A7800098F80B30002B3AD0032130460EF0FAFB3C
:10A7900020B92846BDE8F0410EF0F2BD0521304653
:10A7A0000EF0F0FBB8B114F8043C1F0707D514F8FD
:10A7B000033C180703D5112130460EF049FC14F86C
:10A7C000043C23F0080304F8043C14F8033C23F091
:10A7D000080304F8033C14F8033CD90711D50621FB
:10A7E00028460EF035FC022130460EF031FC23687D
:10A7F000D3F8A4301BB134F8041C0029BBD0BDE849
:10A80000F0819A0701D50821EAE75B07EBD50A2119
:10A81000E6E700BFFCE4020008B5044B044801224F
:10A820001A70FCF7F5F8002008BD00BF4056002064
:10A83000C408002008B5437B5B0607D40121FBF761
:10A84000F7FABDE80840024804F02CBE08BD00BF7E
:10A85000CC08002070B50F4C14F8013B834206462B
:10A860000D4604D10722204611F0B0FD68B10A4917
:10A870000A48072211F0AAFD48B904F8016C2B68B8
:10A880002360AB88A380AB79A371024870BD002020
:10A89000FCE700BF24380020B2E202002538002087
:10A8A000F7B50E4F04460D4616460023F9893A784F
:10A8B0000BB103B0F0BD0029FBD0A242F9D1084B87
:10A8C00018689A8800909B798DF806303146684662
:10A8D000ADF80420A8470123E8E700BF2438002092
:10A8E0002538002010B40B461146044AD48904428E
:10A8F00002D010BC1046184710BC70472438002006
:10A9000008B5034900220220FFF7ECFF002008BD34
:10A9100035A80100F8B50C4CE389074620463B40BA
:10A920000D464FF00006114610F8012B07D0954256
:10A9300003D1072211F04AFD18B1304600E0184655
:10A94000F8BD2046FCE700BF24380020F8B50B789E
:10A95000012B06460C4601D00020F8BD8B7903F090
:10A96000C003402BF8D1174DEF892946BF0711F8D6
:10A970003A2B4FF0000304F1010006D5B24204D196
:10A98000062211F023FDD0B10023EA89297802F0D4
:10A990000202002BE0D1002ADED0B142DCD1671CDC
:10A9A000094839460BF082FF01230028EDD0D4F886
:10A9B0000130C5F83A30054BB4F805209A800148BB
:10A9C000CBE700BF243800204E3800205E3800203E
:10A9D00010B5074C2378834208D10722601C11F080
:10A9E000F5FC00280CBF2046002010BD0020FCE72D
:10A9F000243800202DE9F0479AB01D46DDE9239761
:10AA00002E4B16460CAA84468A4603F1300E904619
:10AA100018685968144603C4083373452246F7D1B1
:10AA200018681B79206023716146202204A80EF06B
:10AA300063FF23486B46202204A900F071F8044606
:10AA4000C0BB102251460DF135000EF055FF10220B
:10AA500031460DF145000EF04FFF2946062211F850
:10AA6000013B8DF855300DF156000EF045FF22994F
:10AA7000062211F8013B8DF85C300DF15D000EF0FF
:10AA80003BFF4B4635224146684600F049F80446F4
:10AA900080B948460EF03AFF01238DF83030352258
:10AAA0003B464146684600F03BF8044610B938463C
:10AAB0000EF02CFF20461AB0BDE8F08701CD020051
:10AAC00035E5020070B598B00E46144601462022C6
:10AAD00004A81D460EF010FF202231460CA80EF0EF
:10AAE0000BFF1022294614A80EF006FF1022214663
:10AAF00068460EF001FF6B46502204A9184600F08C
:10AB00000FF840B9039B054A1BBAB3FBF2F102FBF5
:10AB100011331C9A136018B070BD00BF40420F0083
:10AB20002DE9F0418EB007460C461546002118224B
:10AB300008A81E4611F042FC4FF41053DFF8508075
:10AB4000ADF81C308023ADF81E304FF44063CDE9E2
:10AB50000938102205AB394607A806F023F920B1C1
:10AB60006FF004000EB0BDE8F08106AB0293102335
:10AB70002246CDE9006341462B46059811F003F8C3
:10AB80000446059806F0CCF82043EBD0E8E700BF78
:10AB90000002C00310B5094C0A44914200D110BD17
:10ABA00011F8013B584003090001E35CC0B2434087
:10ABB00018091B01205CDBB25840EEE745E50200B6
:10ABC000020600F07F0312D5082B05D1010700F023
:10ABD0000F0306D50E48704710F0780F12D100F021
:10ABE0000F034C2000EB43100A4B18447047082B0E
:10ABF00005D1020700F00F0306D50748704710F093
:10AC0000780FF6D000207047044800EB43107047DF
:10AC1000B039002064380020D03A0020D03900201C
:10AC20000149024810F049BA8C380020E82300207E
:10AC30000146014810F089B9B40B002002480022F7
:10AC4000002304F0EBB900BFB40B002013B5124889
:10AC500000F0C4FE114B98421AD1114803F0ECFEEB
:10AC60000024104803F02AFF0F49104800944FF0C9
:10AC7000FF334FF4806204F01BFC0D490B4810F0C9
:10AC8000AFFA0C480C4910F0FCF9204602B010BD98
:10AC90006FF00400FAE700BFA1AE01000000AD0BA9
:10ACA00063E50200ACD4020040740020E8230020D9
:10ACB00055E502008C380020BDAF010010B50E49EB
:10ACC000BFF35B8F002351E8002F012A03D141E835
:10ACD00000300028F7D1BFF35B8F0CD151F8044C42
:10ACE000143920460AF07DFD783004D12046BDE8B5
:10ACF00010400AF052BD10BD8438002038B5002441
:10AD000064F07F00C0B2FFF75BFF01340EF081FEFC
:10AD1000082CF5D10E4D0024E0B2FFF751FF036976
:10AD200003B9056101340EF074FE082C05F14005ED
:10AD3000F2D108480EF06DFE074BD3F87C2212B911
:10AD4000064AC3F87C2206480EF063FE002038BD98
:10AD5000F43E0020B039002064380020F43A00208E
:10AD6000D03A002010B5054CFFF768FF20B14168CC
:10AD7000204610F003F8F7E710BD00BF400A00209E
:10AD800007B500230E48002201A904F051F890B144
:10AD9000FFF7E8FF0A480022002301A904F048F861
:10ADA00038B90198042340600374FFF741FFFFF7AF
:10ADB00037FF002001E00198406003B05DF804FB1C
:10ADC000400A0020022810B511D8094B1C5CFFF77F
:10ADD000D7FF60B1002202740472FFF729FF054B10
:10ADE00093F824301BB1BDE81040FFF719BF10BD28
:10ADF00060E5020064380020F8B5877806463846DA
:10AE0000FFF7DEFE3B06F578044612D5002D43D150
:10AE1000FFF7B6FF034600283ED00122A577027453
:10AE2000032202739C60FFF703FFBDE8F840FFF7C1
:10AE3000F7BE4DB1012D2FD1FFF7A2FF034658B346
:10AE4000657705740573EDE7FFF79AFF20B3B278D5
:10AE5000124B12F0800F02F0080111D041B1D3F86B
:10AE6000A836E36001230374022303738460DAE7E6
:10AE700002F00F02142101FB0233D3F80836F0E789
:10AE800011B1D3F8A837ECE702F00F02142101FB4F
:10AE90000233D3F80837E4E7F8BD00BF0070024082
:10AEA000F0B5064689B01422002103A811F086FAF5
:10AEB0003378013B052B21D8DFE803F07A03141423
:10AEC0006A1603238DF814300024FFF759FF034658
:10AED000A0B1047400F10802DDE9050182E8030075
:10AEE00018461DE00423EDE7B7783846FFF768FE03
:10AEF000837A044623B1013B022B43D909B0F0BD4C
:10AF00003B06F57813D5002DF8D1FFF739FF03463E
:10AF10000028F3D00122A5770274032202739C60FB
:10AF2000FFF786FE09B0BDE8F040FFF779BE55B1E6
:10AF3000012DE3D1FFF724FF03460028DED065771B
:10AF400005740573EBE7FFF71BFF07460028D5D014
:10AF50000123037402230373846004F10C01B078AD
:10AF60000EF0B8FD134AE168B2F88C328B4206D974
:10AF70005B1AA2F88C3201F07FF83846D0E7A2F8CD
:10AF80008C52FAE7304609B0BDE8F040FFF734BF15
:10AF900001A801F04FF89DF80530052B04D19DF86C
:10AFA000043013F0600FA9D0034B059301248CE704
:10AFB00002248AE764380020D03900202DE9F043CC
:10AFC000A64CDFF89C9285B08046FFF737FE074617
:10AFD00010B905B0BDE8F08394F825303A7C3BB950
:10AFE000002A00F0878079689D480FF0C7FEECE7E3
:10AFF000042A43D8DFE812F07E00050001011701A2
:10B0000040013B7BBD68032B38D8DFE803F0023EEC
:10B010005B606E69934B002232607260D3F88014DB
:10B020003170D3F884147170D3F88814D3F88C0479
:10B0300041EA00217180D3F89014D3F8940441EAD6
:10B040000021B180D3F89814D3F89C3441EA03234B
:10B05000F3800823EB6030687168834B03C31146AB
:10B060002B68687A984796F90030002B09DBF38843
:10B070009AB232B1A4F88C3200F0FEFF79684846EB
:10B08000B3E70023A4F88C32F8E76B7F002BF5D0F0
:10B090002B7F002BF2D000266E774FF0FF327348E3
:10B0A0002E774FF0FF330EF0C7FC6B6901936B688E
:10B0B000CDE9023601A9687A00F0E6FC6B480EF093
:10B0C000BDFCDBE72B680121687A9847D6E7AB7AAD
:10B0D0006BB9EB7F5BB965484FF0FF324FF0FF3340
:10B0E0000EF0AAFC00F0CEFF60480EF0A7FC2B6823
:10B0F0000221E9E73A7A042AC0D8DFE802F05903CE
:10B100002367730000F02AFC05460028B6D100F042
:10B1100065FBBFF35B8F5649012351E8002F002ADE
:10B1200003D141E800300028F7D1BFF35B8FA5D1F0
:10B1300041F8085C41F8105CE069636114390AF079
:10B14000D5FA9BE7002565F07F00C0B2FFF738FD18
:10B15000037A13B1407A01F0F9F80135082DF2D1E4
:10B1600094F854311BB194F8550101F0EFF8002523
:10B17000E8B2FFF725FD037A13B1407A01F0E6F853
:10B180000135082DF4D194F874321BB194F875028E
:10B1900001F0DCF8002000F0C5FB012384F8253025
:10B1A0002368002B3FF46AAF00210220984765E72F
:10B1B000002584F8255001F02FF8FFF77FFD236864
:10B1C000002B3FF45BAF29460420EFE7002B3FF450
:10B1D00055AF00F0CDFB2368002B3FF44FAF0021AB
:10B1E0000520E3E72268002A3FF448AF002B3FF434
:10B1F00045AF00210620904740E708F110054FF0C9
:10B20000FF334FF0FF3228460EF016FCFFF776FDB5
:10B2100028460EF013FC58F8283C002B3FF42EAFC4
:10B2200000210120C2E794F874327BB1012584F833
:10B23000895284F88852FFF7A3FD38B10D4A05748E
:10B2400005738260FFF7F4FCFFF7EAFC58F8283C2E
:10B25000002B3FF413AF00210A20A7E76438002039
:10B26000400A002000700240683800209C3800200E
:10B2700084380020D03A00200FF07FFC00F0CCFF93
:10B2800000F0A2FAFFF76EFDFFF738FD0FF06EFC3D
:10B29000014800F0A3FBF1E6A1AE010038B5164D60
:10B2A00095F824402CBB05F138000FF0B1FD204685
:10B2B00001F0A2F922460121E8612720F9F7BCF943
:10B2C0000FF054FCFFF71AFD044610B9012385F86E
:10B2D00024300A4B1B680BB1FFF7A2FC4FF08043F0
:10B2E000D3F83834DB0702D50020FFF76BFD20468A
:10B2F00038BD0024FBE700BF64380020B40B0020F9
:10B30000074B93F824203AB193F82530002B14BF53
:10B3100000206FF0120070476FF01200704700BFFE
:10B320006438002038B5104B93F824300446C3B17C
:10B3300005782846FFF744FC10B96FF0150038BDBA
:10B34000457223798372638843602078618810F0A6
:10B35000080F02D14B1E0B42EFD10EF0B6FB0020BE
:10B36000EDE76FF01200EAE76438002038B5124BC1
:10B3700093F824200546CAB193F82530B3B1FFF7FE
:10B380001FFC0446A8B1837A012B12D007D9023BD7
:10B39000012B07D96369A3610020E06038BD00F08C
:10B3A00077FEF7E7284600F019FEF3E76FF012008A
:10B3B000F4E76FF01500F1E76438002038B50E4B64
:10B3C00093F82420054682B193F825306BB1FFF73E
:10B3D000F7FB68B115F008040AD1284600F020FEFA
:10B3E000284600F0EBFF204638BD6FF01200FBE767
:10B3F0006FF01500F8E700BF6438002038B50C4B3B
:10B4000093F8242005460C4662B193F825304BB1E1
:10B41000FFF7D6FB48B144B1284600F0E7FD2070A5
:10B42000002038BD6FF01200FBE76FF01500F8E761
:10B430006438002070B5134E96F824300446C3B12A
:10B44000FFF7BEFB0546B8B1230705D4204600F040
:10B45000E7FD204600F0B2FF2B7A83B901232B725F
:10B4600096F825300BB9002070BD204600F06EFF25
:10B47000F9E76FF01200F7E76FF01500F4E76FF0EF
:10B480007700F1E7643800202DE9F043DFF8E4802D
:10B490001E4698F8243085B0074689461546002B8D
:10B4A00061D098F82530002B5DD003065ED5FFF7FC
:10B4B00087FB0446002859D0037A002B56D04FF062
:10B4C000FF334FF0FF3208F138000EF0B5FAA37FDA
:10B4D0004BB108F138000EF0B1FA6FF00A042046C3
:10B4E00005B0BDE8F083A37AC5B13BB30123A377D0
:10B4F0004FF0000801A93846CDE90195CDF80C8040
:10B5000000F0C2FA1C4B984229D084F81E801EBB62
:10B510006FF0040419480EF091FAE0E7E27F02B1FF
:10B52000E577002BE2D100F0B9FD8742DED000F0D4
:10B53000A9FD12480EF082FA0024D0E7B8F80A30CC
:10B54000AB42F0D96268B5FBF2F302FB1353002B58
:10B55000E9D10123E377E6E7C6F80080D8E706B132
:10B5600035600024D6E76FF01204B8E76FF01504D9
:10B57000B5E700BF643800200000AD0B9C38002008
:10B580002DE9F0411D46204B174693F824200E4626
:10B59000002A33D093F8253083B3030631D401B9A0
:10B5A0007FBBFFF70DFB044658B3037A4BB34FF054
:10B5B000FF3316484FF0FF320EF03EFAE368BB420D
:10B5C000984628BFB84646B93FB905B12B600F4829
:10B5D0000EF034FA0020BDE8F081A1694246304601
:10B5E00010F0C4FEA3694344A361E368A3EB08031E
:10B5F000E360002DEBD0C5F80080E8E76FF01200A3
:10B60000E9E76FF01500E6E7643800209C38002079
:10B6100070B51E4D95F82420034682B395F8252079
:10B620006AB31B062ED4FFF7CBFA044650B3037A55
:10B6300043B34FF0FF334FF0FF3205F138000EF007
:10B64000FBF9E368B3B9012663692677A361637FD9
:10B6500083B1FFF795FB30B905F138000EF0EEF934
:10B660006FF00B0070BD067484600673FFF7E0FA9C
:10B67000FFF7D6FA06480EF0E1F90020F2E76FF086
:10B680001200EFE76FF01500ECE700BF6438002010
:10B690009C38002010B5084B93F824300C462BB191
:10B6A000FFF78EFA28B10460002010BD6FF0120081
:10B6B000FBE76FF01500F8E764380020014B1860D5
:10B6C000704700BF6438002008B5074B93F824305A
:10B6D00023B1FFF775FA20B1406808BD6FF0120082
:10B6E000FBE76FF01500F8E7643800204FF0805357
:10B6F000D3F83021082A06D1D3F83431052B04D8E9
:10B70000034AD05C7047002070470120704700BF9B
:10B7100064E50200064B10F0800FA3F1D80208BFC9
:10B72000134600F00F00182202FB0030704700BFE4
:10B730000C420020EFF31180402383F31288BFF303
:10B740006F8F0A4BD3F8001C032261B949F275319F
:10B75000C3F8001CC3F8142DC3F8001C80F3118833
:10B76000BFF36F8F7047C3F8142DF7E700E0064072
:10B77000EFF31180402383F31288BFF36F8F0A4BDE
:10B78000D3F8001C61B949F27532C3F8002CC3F834
:10B79000141DC3F8002C80F31188BFF36F8F70471E
:10B7A0000022C3F8142DF6E700E006404FF0805366
:10B7B000D3F83031082B02BF024B0022C3F81C2CF7
:10B7C000704700BF00700240024A00231360024A23
:10B7D00013707047EC4200204756002008B54A4BD2
:10B7E0004FF40062C3F80024FFF780FF08B1FFF7B1
:10B7F000A1FF4FF08053D3F83031082B18D1EFF36D
:10B800001180402383F31288BFF36F8F3F4BD3F82F
:10B81000001CC02200296ED149F27531C3F8001C0A
:10B82000C3F8142CC3F8001C80F31188BFF36F8F8A
:10B83000354B0122C3F80025D3F800241205FBD5AF
:10B840004FF40062C3F800244FF08053D3F8303136
:10B85000082B17D1EFF31180402383F31288BFF335
:10B860006F8F2A4BD3F8001C002947D149F275325B
:10B87000C3F8002CC3F8141CC3F8002C80F3118803
:10B88000BFF36F8FFFF732FF30B1FFF771FFFFF7A4
:10B890002DFF08B1FFF74EFF4FF08053D3F8303142
:10B8A000082B194B0AD140F2E372C3F8002840225A
:10B8B000C3F80428BFF36F8FBFF34F8F8022C3F804
:10B8C0001C250122C3F83025114B40F2FF121A60EB
:10B8D000104B00211960104B1970FFF767FF0F4BD9
:10B8E00019700F4B02221A70FFF700FF50B1BDE82C
:10B8F0000840FFF73DBFC3F8142C95E70022C3F8BA
:10B90000142CBBE708BD00BF0070024000E00640F9
:10B91000E8420020E4420020435600204556002023
:10B9200047560020094B002210B51A70084A094BEF
:10B93000094C002808BF1346C4F800332720F8F745
:10B940004BFE0123C4F8043510BD00BF465600204D
:10B95000FDFFDF01FDFFFF0100700240034B18787F
:10B96000012894BF00200120704700BF47560020E7
:10B9700010B54FF0FF324FF0FF33154803F0BAFB1C
:10B98000EFF31181402383F31288BFF36F8F114BC4
:10B990001B7803F0FF0483B10F4BD3F8002412F49B
:10B9A00000720AD10120C3F82C05D3F82C05D3F876
:10B9B0000004800502D5C3F82C25002481F31188EA
:10B9C000BFF36F8F024803F05BFB204610BD00BF42
:10B9D0006C0B00204656002000700240F8B51C4B4E
:10B9E0001C7894BB1B4A106001221A7040F2FF17AA
:10B9F000264664F07F0514F0080FEDB214BF3946F7
:10BA0000402128460EF061F82846FFF783FE0134F6
:10BA1000092C867506730661EBD1002440F2FF17EE
:10BA2000254614F0080FE6B214BF394640213046CF
:10BA30000EF04BF83046FFF76DFE0134092C85758A
:10BA400005730561EDD10448F8BD0448FCE700BF6B
:10BA500047560020EC4200200000AD0B0500AD0B66
:10BA6000084B10F0800F00F00F0114BFD3F8102521
:10BA7000D3F8142501238B40134214BF012000206A
:10BA8000704700BF007002402DE9F8430246EFF313
:10BA90001187402383F31288BFF36F8F030703D10D
:10BAA000184B1B78834229D1174B184E1C683568F8
:10BAB00010460EF002F8E443A4B24FF001092C4303
:10BAC00009FA00F814EA08041AD11046FFF722FE1A
:10BAD00080F80C90034607C91C6183E807009C7539
:10BAE0000B4B0C4845EA080580223560C3F8042159
:10BAF00087F31188BFF36F8FBDE8F8830648F7E737
:10BB00000648F5E745560020E8420020E4420020C0
:10BB100000E100E00000AD0B0A00AD0B0B00AD0B27
:10BB200010F0080F074B06D0D3F8C00410F4803F84
:10BB300018BF0020704700F00F0000F5947053F814
:10BB400020007047007002402DE9F74FAB4BAC4E20
:10BB5000D3F85421DAB10022C3F85421D3F80413E6
:10BB6000890214D58DF80420D3F82025ADF80620DD
:10BB7000D3F8C034002B336814BF4FF001224FF4C8
:10BB80008072134333609F4B01A81B6898479B4BFF
:10BB9000D3F8604134B10022C3F86021D3F86C447B
:10BBA000C3F86C44D3F828214AB10022C3F82821F5
:10BBB000954B18780DF081FF012383401C43DFF87B
:10BBC0004C82934F98F8005098F9009015F00801B6
:10BBD00043D1B9F1000F05F00F032EDA8D4A52F868
:10BBE000230020B342F823101422534303F180436F
:10BBF00003F51C33D3F80836874A117803F00103A4
:10BC00004B401370FFF7D2FD844803F039FA284601
:10BC1000FFF780FD837D032B37D128460DF04DFFC4
:10BC2000012303FA00F03B6823EA00033B60DFF8DE
:10BC3000D4A101254FF006095DE0794A52F82300AE
:10BC40000028F4D042F823101422534303F1804318
:10BC500003F51C33D3F80837CEE7B9F1000F674B73
:10BC600009DBD3F85021002AE1D00022C3F850218B
:10BC7000D3F8A837C0E7D3F82C21002AD7D0002268
:10BC8000C3F82C21D3F8A836B6E7037BDBB92846E6
:10BC90000DF013FF012303FA00F03B68B9F1000F28
:10BCA00023EA00033B6001DA882DC0D106238DF81A
:10BCB000043000238DF80730524B8DF806501B6876
:10BCC00001A89847B3E7002DB1D14C4B0122DA64AB
:10BCD000ADE794FAA4F03268B0FA80F005FA00F308
:10BCE0001A430F28326024EA03043A6840F39C8028
:10BCF000134200F0A980002CEBD1404BD3F8002177
:10BD00005AB1C3F80041474B1C703F4B1C700123D4
:10BD100001933C4B01A81B689847384BD3F8582136
:10BD2000002A2ED00022C3F85821D3F80044C3F8CB
:10BD30000044E30508D53B4B01221A70022301930E
:10BD4000304B01A81B689847A50508D5354B002244
:10BD50001A70032301932B4B01A81B6898476005B9
:10BD60000FD5304B1A7862B100221A70234B012292
:10BD7000C3F808259A6504230193224B01A81B6888
:10BD800098471E4BD3F85C3103B3244B9B681BB917
:10BD900098F80030590619D0184B0022C3F85C21DE
:10BDA000D3F88034184A23F07F0313703B6823F0E4
:10BDB00001133B60336823F4803343F001033360A5
:10BDC000052301930F4B01A81B6898473A68336815
:10BDD0001A4200F0EB8011480022002303F08AF998
:10BDE000002840F0E380054BD3F82C35002B7BD0A6
:10BDF0000A4803B0BDE8F04F03F042B900700240BA
:10BE0000E8420020EC420020455600204456002025
:10BE1000E442002008710240435600206C0B0020D1
:10BE2000307102404656002013407FF464AF60F04A
:10BE30007F018DF804908DF806108DF80730DAF840
:10BE4000003001A8984756E7A0F110018DF8049042
:10BE50008DF806108DF80750F1E749F08005284667
:10BE6000FFF758FC4368B0F814A001689A4528BF52
:10BE70009A4601F06043B3F1005F044604D0544891
:10BE8000524610F073FA52492268636852442260A5
:10BE9000A268A3EB0A03D20768B2636053D5BAF174
:10BEA000000F52D1002323734FE011464FF0000AD8
:10BEB000604545D1003B18BF0123002A42D05045C0
:10BEC00040D9012303FA09F32BEA03033B6006235D
:10BED0008DF804303F4B8DF8065002221B68A27586
:10BEE0008DF8072001A89847D7F800B033681BEAFF
:10BEF00003093FF47DAF19F0012314BF93FAA3F9AE
:10BF000099FAA9F9B9FA89F9B9F10F0FA5D9A9F1E7
:10BF10001005EDB22846FFF7FDFB04462846FFF763
:10BF2000FFFD6368B4F814C022689842BDD81B1A9C
:10BF300000EB020E11466360C4F800E08246B7E7EA
:10BF40000023BAE768B2002BACD04FF08053D3F88F
:10BF50003031082B02BF204B8222C3F81C2C3368DF
:10BF600088F80050012202FA09F923EA0903336034
:10BF7000236915F0080F53442361174B19D100288A
:10BF800005F00F054FF0140000FB0530A9BF0A357E
:10BF900003EB8503C0F80017C0F804A7AFBF43F850
:10BFA0002520C0F80016C0F804A65A6003B0BDE80A
:10BFB000F08F0028B5BFC3F8A016C3F8A017C3F8C8
:10BFC000A4A6C3F8A4A7B4BF5A629A64EEE700BF60
:10BFD000F4400020EC42002000700240024B40F48C
:10BFE0008070C3F81805704700700240030713D42F
:10BFF00000F00F0310F0800F084A0BBF03F58873A1
:10C0000003F5847302EB830252F8230008BF5068E3
:10C01000003818BF012070470020704700700240B0
:10C02000034BC3F80C0540F48070C3F80C0570474F
:10C03000007002400023036043600E4BD3F880245D
:10C040000270D3F884244270D3F88824D3F88C1477
:10C0500042EA01224280D3F89024D3F8941442EAB1
:10C0600001228280D3F89824D3F89C3442EA032337
:10C07000C380704700700240014B0122DA647047B0
:10C0800000700240014B01221A65704700700240A7
:10C09000014B01225A65704700700240014B18782D
:10C0A000704700BF4556002010B50246EFF31184DB
:10C0B000402383F31288BFF36F8F0DF0FEFC0B4912
:10C0C000012303FA00F00B6823EA00030B6012F06F
:10C0D000080101BF02F00F02054B02F5947243F80C
:10C0E000221084F31188BFF36F8F10BDE842002047
:10C0F00000700240F7B50146EFF31185402383F34A
:10C100001288BFF36F8FFFF705FB064608460DF058
:10C11000D4FC012211F0800F02FA00F22D4818D150
:10C12000036832EA03040AD00846FFF7BDFF032381
:10C13000B37585F31188BFF36F8F03B0F0BD264947
:10C14000347323EA020303600B6823EA02030B60E3
:10C15000EDE70B0715D48029204B2FD001F00F04F9
:10C1600004F2DA346400C3F80048D3F80448D3F882
:10C170000478E4B244F002043C43C3F80448D3F822
:10C180000438154F04683B6864EA030C1CEA020F8C
:10C19000CFD013433B60002333730323B3758DF873
:10C1A00007300F4B8DF8061024EA020406220460C3
:10C1B0001B688DF8042001A89847BAE740F2B474D0
:10C1C000C3F80048D3F80448D3F80478E4B244F044
:10C1D0000404D1E7E4420020E8420020007002405D
:10C1E000EC42002038B50446094D4FF0FF324FF0C5
:10C1F000FF33284602F07EFF2046FFF77BFF2846EC
:10C2000002F03EFF034B8022C3F8042138BD00BF7B
:10C210006C0B002000E100E0F8B54FF0FF324FF06A
:10C22000FF332B4802F066FF2A4B8022C3F884219B
:10C230002720F8F7F3F998B1274E284B34681B688C
:10C24000240C24041C43012764BB254D40F2FF133A
:10C2500033602720C5F80445F8F7CCF9C5F800434A
:10C26000204A13788BB11E4B0021C3F8081101211D
:10C27000C3F80026C3F804165960D3F80811002942
:10C28000FBD00021C3F808111170154B0022C3F830
:10C290000025FFF78BFA0E4802F0F2FE124B012246
:10C2A0001A70F8BD94FAA4F5B5FA85F50F2D284655
:10C2B000C6BFA5F11000C0B240F08000030701D452
:10C2C000FFF718FF07FA05F524EA0504BCE700BFED
:10C2D0006C0B002000E100E0E8420020E442002076
:10C2E00000700240435600204756002010B5044617
:10C2F0004FF0FF324FF0FF33114802F0FBFE2046B3
:10C30000FFF7F8FE04F00F02012393400D4A14F0EA
:10C31000800F14BFD2F81015D2F814156FEA03037A
:10C3200015BF0B400B40C2F81035C2F81435044855
:10C3300002F0A6FE044B8022C3F8042110BD00BF0A
:10C340006C0B00200070024000E100E070B5044674
:10C35000FFF786FB68B904F00F02012514F0800F87
:10C36000144B05FA02F205D0D3F810150A43C3F8AE
:10C37000102570BDD3F814150A43C3F81425631EA5
:10C38000062BF6D8EFF31186402383F31288BFF310
:10C390006F8F2046FFF788FE20460DF08EFB064A81
:10C3A0001368854023EA0503136086F31188BFF301
:10C3B0006F8FDEE700700240E4420020030610B5F4
:10C3C000044605D4FFF712FE10B12046FFF76CFEBD
:10C3D000014BC3F8184510BD00700240084B70B502
:10C3E000C31A0D4607499B1004465943064840228C
:10C3F0000DF08FFB2B4601462046BDE870401847E4
:10C4000004430020B76DDBB6FCC5020073B50C4CCD
:10C410000C4A4023041B00930D460B460A49A41006
:10C420006143064609480DF0A0FB011E05DA3046BF
:10C430002B4602B0BDE87040184702B070BD00BF87
:10C4400004430020D59B0200B76DDBB6FCC502009B
:10C450000022F8B5012105461046F8F7EDF810481E
:10C4600001F026FF0446B8B90EF034F82F690D49E3
:10C47000384609F028F9031E09DB01263E642D69C0
:10C48000084905F11C0009F01EF9031E02DA1C46DA
:10C490002046F8BDEE64FBE76FF00404F8E700BF48
:10C4A000DDC50100B0D402007FB500220123CDE933
:10C4B000022304ABCDE90433094ACDF800D06B4622
:10C4C000CDF804D00DF07FFB002805DB4FF480424F
:10C4D0000023684602F00EFE07B05DF804FB00BFC3
:10C4E000E79B020010B5EFF31184402383F3128819
:10C4F000BFF36F8F074A136823F00201DB07116057
:10C5000002D401200DF0E0FF84F31188BFF36F8F98
:10C5100010BD00BF5443002030B4104B0C2202FB6E
:10C52000003301460020D3E90E529863EFF31180E7
:10C53000402484F31288BFF36F8F1C6C04F0C00496
:10C5400044F002041C6480F31188BFF36F8F1DB1A7
:10C550002B46034830BC184730BC704704430020CA
:10C56000FCC5020010B4EFF31182402383F312885C
:10C57000BFF36F8F1748016841F002040460C807D9
:10C5800007D482F31188BFF36F8F012010BC01F034
:10C590007FBE4FF08041D1F80C04D1F80C14C907CC
:10C5A000EFD5EFF3118083F31288BFF36F8F0A4941
:10C5B0000B6C03F0C00343F002030B6480F311889B
:10C5C000BFF36F8F82F31188BFF36F8F002010BC11
:10C5D000FFF7A2BF544300200443002010B10128FC
:10C5E00004D07047034B1B6C5B0701D1FFF794BF6E
:10C5F000704700BF04430020024AC3B21C2003FB63
:10C6000000207047044300202DE9F0413849BFF372
:10C610005B8F0746012251E8003F41E800200028D7
:10C62000F9D1BFF35B8F33B9324933484B60CB60EC
:10C630008A6009F05BF87B1E012B2BD8012F07D1F4
:10C640004FF08043D3F81C3403F00303012B21D0B7
:10C650000EF0C0FD0546F8B9284B1B78E3B14FF04A
:10C6600080430222C3F808230646DFF894804FF087
:10C670008044D4F81824D4F81834D20315D503F024
:10C680000303012B01D0012F0FD155B386F311887D
:10C69000BFF36F8FBDE8F081EFF31186402383F382
:10C6A0001288BFF36F8F0125DFE7ADB130460AF086
:10C6B00001F8D4F81835002BDBD1D4F80421002A76
:10C6C000D7D0C4F80431D4F804310123C4F81835A4
:10C6D000C8F88031A360CCE7002121200EF030FEA5
:10C6E000E7E74FF080430222C3F80423D2E700BFFC
:10C6F00000430020F042002020430020FF5800208B
:10C7000000E100E0EFF31182402383F31288BFF3CE
:10C710006F8F0A4BD3F8001161B10021D3F80805DF
:10C72000C3F80011D3F80031C0B282F31188BFF30F
:10C730006F8F70476FF00A00F7E700BF00D000402E
:10C74000F0B5034610469C7893F803C0EFF31182CE
:10C75000402585F31288BFF36F8F1F7893F801E0AF
:10C76000E41B04EA0C04A04288BFA0B23E180CEA05
:10C7700006063D461E7082F31188BFF36F8F0A18BC
:10C780008A4216D177450CD1EFF31182402181F313
:10C790001288BFF36F8F1978597082F31188BFF335
:10C7A0006F8F1B79241AA34222BF064B01221A6005
:10C7B000F0BD5E190135767901F8016B05EA0C05CB
:10C7C000DEE700BF00D00040DB432DE9F04713F067
:10C7D00001050E46144604D02248FFF7B1FFBDE81C
:10C7E000F0879AB3EFF31188402383F31288BFF3E5
:10C7F0006F8F0D20F7F712FF07460D20F7F7FAFEAF
:10C8000088F31188BFF36F8FDFF85CA0DFF85C80DE
:10C81000CAF80051DAF800314FF400590123CAF880
:10C8200000302546C8F88091DAF8003183B1FFF76F
:10C8300069FF031EC8F88091F6DB013DADB2735568
:10C84000002DF1D117B10D20F7F7C6FE2046C6E73F
:10C85000EFF31180402383F31288BFF36F8F09F049
:10C8600029FFE1E78843002000D0004000E100E01C
:10C870002DE9F041124F0D46144607F1450814B951
:10C880002046BDE8F0814FF0FF334FF0FF323846CD
:10C8900002F030FC224629464046FFF751FF06468B
:10C8A000384602F0EDFB3EB94FF0FF324FF0FF3358
:10C8B000044802F01FFCE6E7A41BA4B23544DEE7FF
:10C8C000584300207043002038B5194C012211460E
:10C8D00020460EF053FB0122002104F118000EF057
:10C8E0004DFB40F20743A4F848304FF070632363D8
:10C8F0000C2384F8343000250E4B84F84550A4F8FE
:10C900004650D3F8042522F00102C3F80425012182
:10C91000C3F80051D3F80021C3F804132A46196064
:10C920000D20F7F789FE0D20F7F756FE284638BD93
:10C930005843002000D0004010B5FFF7E3FE002868
:10C9400020DB174B93F8322093F8314093F83310E3
:10C95000141B31EA0404C0B20DD193F8472093F8B8
:10C96000464093F84810141B31EA04040BD10D4BD8
:10C9700001225A600EE09C180132114084F8350003
:10C9800083F8321010BD9C180132114084F84A001F
:10C9900083F847100448BDE8104002F071BB00BFA7
:10C9A0005843002000D0004070430020024B0B6031
:10C9B00001231360704700BFAC430020004870475C
:10C9C000D4D4020010B5012211460748074C0EF0DE
:10C9D000D5FA01F0BBFC0EF0B9F820600EF0B2F809
:10C9E0006060002010BD00BFB4430020AC430020B5
:10C9F0004FF08042D2F81015D2F8103501F01E0128
:10CA000023F01F030B4343F00103C2F81035024B20
:10CA100000221A70704700BF485600204FF0805324
:10CA2000D3F83031082B20D14FF08042D2F81015C6
:10CA3000CB071AD5D2F8103501F01E0123F01F03E1
:10CA40000B43C2F81035D2F808315BB1D2F810357B
:10CA500023F01F030B4343F00103C2F810356FF0BE
:10CA60008B007047024B01221A700020704700BFF4
:10CA700048560020F8B504460EF064F8237B0546BE
:10CA80000BB10DF036FD134F0026FFF7C7FFE8B9D5
:10CA9000606801F0A7FFA3685B1BA36063682B4479
:10CAA00063603B780BB1FFF7A3FF237B01363BB9F3
:10CAB000A368002BE9D1A068003818BF0120F8BD99
:10CAC000304601F0BFFC0028F2D0F4E76FF08B0095
:10CAD000F5E700BF48560020F0B587B00E46154672
:10CAE0000EF030F82946074630460DF01DF9C8B360
:10CAF000B6FBF7F307FB1363A3BBB5FBF7F407FB28
:10CB000014547CBBBD4222D34FF0FF324FF0FF33B1
:10CB1000164802F0EFFA0DF0E0FC02AB01461022DD
:10CB2000C0B1214618460FF049FC01228DF81420AF
:10CB30000F4ACDE900200F48CDE9036501F00EFC56
:10CB4000684601F011FC0446084802F099FA2046B4
:10CB500007B0F0BD18460FF031FCCDE90365FFF7D3
:10CB600089FFF0E76FF01504F1E700BFB443002040
:10CB700075CA0100645E010070B5037B04460BB109
:10CB80000DF0B7FC194E0125A368032B06D8184AEF
:10CB9000D2F80034DB07FBD5002070BDFFF73EFF65
:10CBA00008BB23686068196801F038FF33780BB15F
:10CBB000FFF71EFF63680433636023680433236058
:10CBC000A368043BA360237B0135002BDCD02846FF
:10CBD00001F038FC0028D7D0054AD2F80034D90734
:10CBE000FBD50120D9E76FF08B00D6E7485600202F
:10CBF00000E0014070B50D4686B01946284616463D
:10CC00001C460DF091F860B345EA04039B0728D158
:10CC1000FCB14FF0FF334FF0FF32134802F06AFAD5
:10CC20000DF05BFC0346CDE9026502A804949BB1BC
:10CC300001238DF814300D4BCDE9003041F64C50F6
:10CC400001F08CFB684601F08FFB0446064802F0B9
:10CC500017FA204606B070BD8DF81430FFF78CFF30
:10CC6000F3E76FF01504F4E7B443002079CB01003B
:10CC7000F0B545681646A8682A7C01F01F0487B005
:10CC800044EA4214002869D0B6F5001F04D12146B9
:10CC90000DF050FF002052E001AA0020B6F5800FF1
:10CCA0000190506037D1B3F1007F14BF05230423F6
:10CCB0008DF804300023CDE904230393EB6823FAB5
:10CCC00001F111F001010DF103073AD1B6F1A07F96
:10CCD00037D104F01F03620903F5E07326D0012A5F
:10CCE0003FD1214A52F82330DB072AD4A8683A46BC
:10CCF00021460DF095FE16301BD00297A86803AAB6
:10CD000021460DF059FD002819DBA86801222146B3
:10CD10000DF0BDFEBEE7B3F1C06F05D0B3F1007FEB
:10CD200014BF01230223C3E70323C1E74FF0A0424E
:10CD3000D8E7A868394601F055FD0028DDDA07B0CC
:10CD4000F0BDA8683A4621460DF06AFE0028D5D10C
:10CD50009DF80310A86801F03FFDCFE76FF0850054
:10CD6000EDE751F82330FFDE00030050420970B5B3
:10CD7000034602D0012A17D070BD0D4E32695168AA
:10CD80000029F9D003F01F0301250C689D400029FC
:10CD9000F2D08A682A4002D04B68304698472CB1BE
:10CDA000236821461C46F2E7024EE7E72346F8E7F0
:10CDB0003CC602001CC6020038B54568A86890B1A0
:10CDC0000DF05DFE014670B9A8680DF03CFE04460A
:10CDD00058B902460649A8680DF01FFE22460521F3
:10CDE0000620F7F729FC002038BD6FF00400FBE7B0
:10CDF0006DCD01002DE9F043476840F20636D006BC
:10CE00003B7C87B002EA060654BFC2F3401C4FF0D9
:10CE1000030C01F01F05B6F5837F144645EA431560
:10CE20008DF803C045D00DD8062E16D005D8A6B172
:10CE3000022E40D06FF0150038E0B6F5807FF9D1B2
:10CE400001260AE040F20222964236D0B6F5407F33
:10CE500035D0B6F5007FEDD102260123220303FA77
:10CE600001F12ED57B68C3F80815B86890BB05F0B2
:10CE70001F036D092BD0012D75D13D4A02EB8302B2
:10CE800084F48033D2F80017C3F30043C4F3404462
:10CE900044EA430421F4E16144EA8C0421F00701EF
:10CEA00044EA06230B43C2F80037002007B0BDE870
:10CEB000F0830726D1E70426CFE70526CDE7032632
:10CEC000CBE7630344BF7B68C3F80C15CDE74FF095
:10CED000A042D3E70DF1020229460DF0A1FD14F4A2
:10CEE000403F80460CD1B86829460DF0CEFDB8F120
:10CEF000000FDAD19DF80210B86801F06DFCD4E79C
:10CF00004FF0000901ABCDE90199CDE90439CDF825
:10CF10000C90B86803AA29460DF04EFC4845C4DBC6
:10CF200014F4003314D084F480349DF803308DF869
:10CF30000E30C4F300448DF80C608DF80D40B868D5
:10CF40004B4603AA29460DF0EFFC0028CFDAACE7E8
:10CF5000CDE904330DF103030393B86803AA29460E
:10CF60000DF02AFCF1E703F5E07350F82330FFDE03
:10CF700000030050036803F01F025B09026004D045
:10CF8000012B034818BF002070474FF0A0407047A6
:10CF9000000300502DE9F04FDFF86091DFF860A149
:10CFA00085B01546834600EB810140F2FF185945D4
:10CFB00003D1002005B0BDE8F08FDBF80030580445
:10CFC000C3F3C322C3F3080400F191801B0E19F8C8
:10CFD0000270444508BF4FF0FF34192B00F28A80DD
:10CFE000DFE803F00D141A1D20261D888888883676
:10CFF00063888888888888888888667C7F82C5F866
:10D000000C45621C5ED10BF1040BD0E7C5F814454A
:10D01000631CF8D000265FE0C5F80845F1E7C5F8C5
:10D020001045F5E7661CC5F80845ECD0002604E07D
:10D03000601CC5F80C45E6D0012603A80394FFF751
:10D0400099FF039B012202FA03F3C0F80C3508E0B4
:10D05000C5F80845002FDBD1631CD4D0002632462A
:10D060000627DBF80030019303F40040002818BFC6
:10D07000002203A8009218BF01260394FFF77AFF4D
:10D08000039C019B009A00EB8400C3F3412CD0F871
:10D0900000473B0243EA8C03134304EA0A04234398
:10D0A00043EA4603C0F80037ADE7C5F80C45D1E7C1
:10D0B000C5F86045621CDBF80030A4D0C3F3004320
:10D0C000002BB9D003A80394FFF754FF039B01265C
:10D0D00006FA03F3C0F808353246C2E7C5F86445DE
:10D0E000E8E7C5F86845E5E7C5F86C45E2E76FF0A5
:10D0F00015005FE76FF085005CE700BFCFE5020039
:10D10000F0F8FCFF2DE9F041044647680D460EF0AB
:10D1100061F84FF0400888B9264B1B7873B164263C
:10D1200060680CF053FFF0B901200DF0E6F9013E04
:10D13000F6D1002121200EF003F9F0E7EFF311867C
:10D14000314688F31288BFF36F8F60680CF03EFFA2
:10D15000A8B986F31188BFF36F8FEFE786F31188C4
:10D16000BFF36F8FE5E7EFF31186314688F312883E
:10D17000BFF36F8F60680CF029FF0028EED0BB6909
:10D180001D706368BA691B680020C3F8442501223A
:10D19000C3F84825C3F82001D3F82041C3F858014B
:10D1A000D3F858019A6081F31188BFF36F8FBDE8FF
:10D1B000F08100BFFF58002070B5012383400E4A64
:10D1C000BFF35B8FDC4352E8001F01EA040542E82D
:10D1D0000056002EF7D1BFF35B8F4FF480328240B0
:10D1E0000648C0F80823BFF35F8FBFF36F8F0B4271
:10D1F00014BF0120002070BDE84300200010014052
:10D2000070B40E49D1E90034D01AC31844F10004B7
:10D2100022F07F46C1E90034A6F50013B3F5400FB4
:10D2200009D2074B1B681A0A1B069C19054B42F1D1
:10D230000005C3E9004570BC02F042BF98240020FD
:10D24000EC430020A024002011B3BFF35B8F012327
:10D25000104A834052E800CF4CEA030C42E800C178
:10D260000029F7D1BFF35B8F0B4A4FF48033834023
:10D27000C2F80433094BBFF35B8F1B68BFF35B8FAE
:10D28000C340DB0742BF064B4FF40032C3F8002116
:10D29000704700BFE843002000100140E443002035
:10D2A00000E100E00D4B1868010A0006BFF35F8F34
:10D2B0000B4BD3F80435181841F10001B3F5801F6A
:10D2C0000AD2084BD3E90023904271EB030303D247
:10D2D00010F1807041F10001704700BFEC43002065
:10D2E00000100140A02400202DE9F04F85B0164623
:10D2F0001F469DF840A00446FFF75EFF0190FFF730
:10D30000D1FFB04271EB070354D23E4B301A67EBAA
:10D310000101984271F100014FD23B4B03EB041322
:10D32000D3E902239F4208BF96425ED037494FF4AB
:10D33000803804F1500508FA04F8AD00C1F84883BC
:10D340002046ADB20CF069FF26F07F4B05F1804519
:10D3500004F5A87305F58835DC464FF00309029300
:10D36000029A2CF07F4341F82230C1F84483D1F86F
:10D370000435274A6FF00200C01A604420F07F4055
:10D38000904232D9286868B1D1F804350393A3EBF1
:10D390000B0020F07F40B0F5000F26D920460CF09E
:10D3A0003CFF039BBAF1000F07D109EB030C09F115
:10D3B0000109D5E7BAF1000F09D06FF01505204635
:10D3C0000199FFF741FF284605B0BDE8F08F012322
:10D3D000104ABFF35B8FA34052E8000F184342E8A6
:10D3E00000010029F8D1BFF35B8F07490E98230194
:10D3F00001EB0412C8500F9B5360C2E9026700257D
:10D40000DDE700BF010080008824002000100140FB
:10D41000FDFF7F00E44300207FB51C4C1C4BC4F88B
:10D420000833C4F848331B4B00254FF0FF304FF052
:10D43000FF31C4F80855C3E902014FF48033C4F842
:10D440000433154B02264FF400320121C4F8046363
:10D450001120C3F880212A46F7F7EEF81120F7F7DC
:10D46000BBF80E4A0123A360236013600C4B0D4AE6
:10D470000093CDE9015500232846FFF735FF3046DC
:10D48000FFF7C2F8284604B070BD00BF001001408D
:10D4900003000F008824002000E100E0E8430020A2
:10D4A00001D20100FFFF7F002DE9F7432B4CD4F898
:10D4B000043399070BD5D4F8043143B1284A00232B
:10D4C000C4F80431D4F80431136801331360D4F87C
:10D4D0000433DA0323D5BFF35B8F224B53E8002FCD
:10D4E00022F0010143E800100028F7D1BFF35B8F61
:10D4F000D30702D4D4F840318BB10025C4F8405191
:10D50000D4F84031FFF7CEFEEFF3108272B6164B1F
:10D51000D3E90267B042B94104D282F3108803B064
:10D52000BDE8F0834FF0FF384FF0FF39C3E90289BF
:10D53000D3E900101D604FF48033C4F84833C4F8B9
:10D540004051D4F8403182F310880029E7D0009090
:10D5500032463B4628468847E1E700BF00100140BD
:10D56000EC430020E44300208824002030B5431C15
:10D57000124C85B005D08442A8BF0446012CB8BF28
:10D580000124FFF78FFE0E4B0C4DD3E90013401A18
:10D59000B0F5000F10D22218AA4228BF2A4652180E
:10D5A0004FF0000007490091CDE9010043F100036D
:10D5B000FFF79AFE05B030BD2A46F0E7FFFF7F0077
:10D5C0009824002001D2010008B5FFF76BFE024B42
:10D5D0001B68C01A08BD00BF9824002010B5084C75
:10D5E000012363601120F7F705F8064BC4F80833F0
:10D5F000C4F84833044B4FF40032C3F8802110BD07
:10D600000010014003000F0000E100E037B504699D
:10D6100094F835300D464BBB0B7B022B29D10B68A0
:10D620000BBB94F834204B68D2B9134A591E91426F
:10D6300019D823630DF1070120460DF0F0FA10F11F
:10D640000C0F0BD0AB689DF8070013B1021D44F816
:10D65000223094F83430013384F8343003B030BDD4
:10D66000226B9A42E6D06FF01500F7E76FF00F00DB
:10D67000F4E76FF08500F1E7FEFFCF0710B5002259
:10D68000046901211020F6F7D7FF00232046034A42
:10D69000BDE8104019460DF09EBA00BFA1D60100AA
:10D6A0002DE9F0410B4E0C4F0C464FF001080CB920
:10D6B000BDE8F08194FAA4F5B5FA85F52B1D56F86E
:10D6C000233013B129463846984708FA05F524EA6D
:10D6D0000504ECE700090020DCC60200F8B50E4D99
:10D6E00006460F46002426FA04F212F001020AD17F
:10D6F00027FA04F3DB0707D40134042C05F10805ED
:10D70000F1D10020F8BD0122297928680CF0DFFD55
:10D710000028F1D0F6E700BF60D5020038B5094D0A
:10D7200000244FF4003128460CF0BCFD48B9013408
:10D73000042C05F10805F4D1BDE838400F21FFF7AE
:10D74000CDBF38BD60D5020003280A4607D8054B77
:10D7500003EBC00153F8300009790CF0B8BD6FF04D
:10D760001500704760D5020002460B46014801F0E3
:10D770008DBB00BFB40A0020014801F0FFBB00BF11
:10D78000B40A00201FB5002401940A220294CDF8A7
:10D790000B400091014601A80EF03AFE009A08489D
:10D7A00001A907F093FE074807F090FE84F3118863
:10D7B000BFF36F8F0323184602DF04B010BD00BF14
:10D7C000F7E5020056E2020070B5064688B024482C
:10D7D0000D4624490DF055FC03A8E4F7EFFC224860
:10D7E0000DF06AFA002834D0204B019301A8E4F729
:10D7F0000FFD88BB4FF0FF304FF0FF31FFF7B4FF54
:10D80000044638B91A491B48E4F79AFC044620B18B
:10D81000FFF7B2FF204608B070BD41F64C5302A896
:10D820000293EFF74DFE20B1FFF7A6FF6FF08504DE
:10D83000F0E7012368468DF80030EFF739FE002845
:10D84000F2D1FFF799FF33690B481D60F7F7A4FC8D
:10D85000E0E76FF01204DDE76FF01504DAE700BFD0
:10D86000F44300209FA302009CC6020075D901006A
:10D87000A82400208DD9010049D9010030B52D48D8
:10D8800085B0E4F7DBFB044600284ED1E4F7A8FCA2
:10D890000125E4F7B1FCEFF705FCEFF705FCEFF726
:10D8A00005FCEFF705FC01AA022120468DF8045083
:10D8B000E4F7F8FB031E37DB082301AA0721204603
:10D8C000ADF80430E4F7EEFB031E2DDB4FF04513FB
:10D8D000019301AA40F2032303212046ADF808304A
:10D8E000E4F7E0FB031E1FDB01AA042120468DF8AC
:10D8F0000450E4F7D7FB031E16DB1F2301AA062101
:10D900002046ADF80430E4F7CDFB031E0CDB40F2FB
:10D910002A7293420CDD84F31188BFF36F8F0423C6
:10D92000184602DF6FF00B031C46204605B030BDE1
:10D930002346F9E785D70100014902480DF0BDBB38
:10D94000F4430020D82B0020094B93F84A30042BD5
:10D9500002D1810709D47047022B02D1020704D4F7
:10D960007047082B03D1830601D5FFF7E5BF704749
:10D970006B56002010B403460A46034881680C68C1
:10D980001946234610BC18479CC6020070B53B4C94
:10D9900094F84A30E3B194F84A30042B41D120780E
:10D9A0003E2827D0FF282BD00025637802334A2B4E
:10D9B0005AD8002200232946F7F7FCFB064620BB75
:10D9C000BDB1002384F84A30BDE87040FFF7B4BF12
:10D9D0004FF0FF304FF0FF31FFF7C6FE48B904F1BA
:10D9E0004A01204600F08EFB0546FFF7C5FE002DDC
:10D9F000D1D070BDA578022D14BF00250125D4E734
:10DA0000A57805F0FD05802DF6E762781B49023206
:10DA10000C3008F0DFFE1A4B1B6831461948984756
:10DA2000CFE7022B14D1002200230820F7F79CFB3C
:10DA300005460028DDD0628804324A2A14D80F49EE
:10DA400005F10C0008F0C6FE0D4B29461B68E5E702
:10DA5000082BB6D1002200232020F7F785FB62882F
:10DA600005460028E8D1C4E7002383F31188BFF3FB
:10DA70006F8F0423184602DFA3E700BF6B56002018
:10DA8000F0430020FCC60200F7B5804D2B78064617
:10DA9000002B40F0328304238DF807307C4B048840
:10DAA0001F68B7B10DF106030DF10702691CB847F5
:10DAB00001280ED09DF80630002B40F05B819DF8C8
:10DAC0000730AB700E2201236A70EB70AC80A87136
:10DAD00059E1B4F5105F4FEA94230AD2002B4ED0DF
:10DAE000013B072B08D8DFE803F00907367A070760
:10DAF00007C13F2B00F00782012055E0304640F27D
:10DB0000064230F9033B93420FD040F21D4293424C
:10DB10001ED0012040F206439C4200F02B8140F2CF
:10DB20001D439C4200F026813EE0EFF72DFD42F2BE
:10DB300064039C4240F2B68242F285039C4233D891
:10DB400042F267039C4200F2C18242F26603E8E7B8
:10DB5000EFF71CFDEBE7304640F6634230F9033B3C
:10DB6000934230D00DDC40F6034293421FD040F682
:10DB70002D4293421ED040F60142934212D0012022
:10DB8000F8E040F67B42934220D040F67C4293423C
:10DB9000F5D19DF807303F4902338DF80730EFF794
:10DBA0000FFC01E0EFF7FEFB0128E8D087E7E4F780
:10DBB00005FCF9E79DF80730364903338DF8073047
:10DBC000EFF7F5FBF0E7EFF7F4FBEDE79DF8073033
:10DBD000304904338DF80730EFF7F0FBE4E7338882
:10DBE000A3F58053013B082BC9D801A252F823F0BA
:10DBF00015DC010027DC01003BDC01007FDB0100BC
:10DC00007FDB01007FDB01007FDB01007FDB0100A8
:10DC10005BDC01009DF807301E4808338DF80730A3
:10DC2000EFF769FCC0E79DF807301A4840338DF8DC
:10DC300007300CF0B6FB002041E79DF807300833B1
:10DC40008DF80730134B00221A605A60EB7A23F0EC
:10DC5000600343F06003EB72EDE79DF807300D4879
:10DC600006338DF80730EFF748FC9DE7304642F267
:10DC70004E0130F8033B1AB28A4242F264016BDC77
:10DC8000B2F5005F08DC8C425EE000BFB6560020B3
:10DC900004440020BD560020A3F50053013B4D2B4A
:10DCA0004FD8DFE813F0600075007E004E0087005B
:10DCB0008A008D00960099009C004E004E004E0098
:10DCC0004E004E004E004E004E004E004E009F0093
:10DCD000A800AB00B4004E00BD00C600CF004E004F
:10DCE0004E004E004E004E00DF00E800F1004E00F6
:10DCF0004E00F400F700FA00FD004E004E00060151
:10DD000009010C0115011E0121014E004E004E00BB
:10DD10004E004E004E004E004E004E004E004E0093
:10DD20004E004E004E004E004E004E004E004E0083
:10DD30004E004E004E004E004E0024014E004E009C
:10DD40002D0142F264039C423FF419AF40F2BA81C4
:10DD500042F285030120F1E642F27C039A4292D11D
:10DD6000EFF710FC01E0EFF7CAFB42F264039C42BC
:10DD70007FF4DDAE0F236B700423AB700123E870DA
:10DD80002B71A5F8054001232B70002003B0F0BDD6
:10DD90009DF80730CC4803338DF80730EFF7B4FB1C
:10DDA000E3E79DF80730C84808338DF80730EFF7F0
:10DDB000ADFBDAE7EFF7ACFBD7E7EFF7ABFBD4E768
:10DDC0009DF80730C04801338DF80730EFF7A4FB0A
:10DDD000CBE7EFF7A3FBC8E7EFF7A2FBC5E7EFF749
:10DDE000A1FBC2E79DF80730B74907338DF807302C
:10DDF000EFF79AFBB9E7EFF799FBB6E79DF8073025
:10DE0000B14910338DF80730EFF792FBADE79DF87D
:10DE10000730AD4808338DF80730EFF78BFBA4E7E8
:10DE20009DF80730A84902338DF80730EFF784FBDF
:10DE30009BE79DF80730A44902338DF80730EFF7D0
:10DE40007FFB92E79DF8073008338DF807308F236A
:10DE5000EB71C023EB7242F264039C4240F01C81E0
:10DE6000002087E79DF80730974902338DF8073087
:10DE7000EFF76AFB79E79DF80730934804338DF894
:10DE80000730EFF763FB70E7EFF762FB6DE7EFF743
:10DE900061FB6AE7EFF760FB67E7EFF75FFB64E7BB
:10DEA0009DF80730884801338DF80730EFF758FBAD
:10DEB0005BE7EFF757FB58E7EFF756FB55E79DF8A1
:10DEC0000730814808338DF80730EFF74FFB4CE7F8
:10DED0009DF807307C4904338DF80730EFF748FB95
:10DEE00043E7EFF747FB40E7EFF746FB3DE79DF8D9
:10DEF0000730754802338DF80730EFF73FFB34E702
:10DF0000EFF73EFB31E730464FF6165230F8033B51
:10DF100093425BD84FF60152934206D803F2FF3288
:10DF200092B20A2A34D901205FE0A3F57D43023B77
:10DF3000142BF8D801A252F823F000BF5DE00100D5
:10DF400063E0010069E001006FE0010027DF0100EC
:10DF500027DF010027DF010075E0010027DF010056
:10DF600027DF01007BE0010027DF010027DF010040
:10DF700027DF010027DF010027DF010027DF010085
:10DF800027DF010081E0010027DF010093E00100AD
:10DF9000A3F57C43013B0A2BC5D801A252F823F01C
:10DFA000DBDF0100F7DF010027DF010027DF0100D1
:10DFB00027DF010045E0010027DF010027DF010026
:10DFC00021E0010033E001004BE001004FF61D525B
:10DFD0009342A8D1EFF78DFA07E09DF807303A4851
:10DFE0000C338DF80730EFF7EDF924F008034FF606
:10DFF0000252934296E59DF8073040338DF8073082
:10E00000314B00201880EB7923F0230343F02303E6
:10E01000EB712B7A23F0070343F007032B72E4E73D
:10E020009DF80730284817338DF80730EFF7E7F9E8
:10E03000DBE79DF80730244820338DF80730EFF7F1
:10E0400002FAD2E7EFF7D9F9CFE79DF807301E487B
:10E0500001338DF80730EFF713FAC6E7EFF726FA2A
:10E06000C3E7EFF725FAC0E7EFF724FABDE7EFF7CC
:10E0700027FABAE7EFF726FAB7E7EFF727FAB4E798
:10E080009DF80730104904338DF80730EFF720FA78
:10E09000ABE7EFF72CFAA8E703D942F2850300209B
:10E0A0004CE5002042F219039C421AD842F20C03BC
:10E0B0009C427FF62FADA4F500530D3B9BB241F27D
:10E0C000412208E00120EDE7BD560020A4F50153F0
:10E0D000283B0B4A9BB222FA03F3DB077FF564ADC2
:10E0E00048E642F232039C423FF444AEA4F50153A9
:10E0F000033B012B3FF658AD3CE64FF0FF3045E6C1
:10E100002F80402038B5094C23780D461BB9BDE857
:10E110003840EFF737B9A278611C02320EF026F9C9
:10E120000020042320702B7038BD00BFB65600209D
:10E1300070B505460E46084C20460CF0BDFD38B1C2
:10E14000A368B2B2294620461B68BDE87040184754
:10E150006FF0120070BD00BF9CC6020002484FF471
:10E16000007102F09DBA00BFFE5600201FB50024CA
:10E1700001940A220294CDF80B400091014601A8B7
:10E180000EF046F9009A084801A907F09FF90748E0
:10E1900007F09CF984F31188BFF36F8F03231846AF
:10E1A00002DF04B010BD00BF28E6020056E2020004
:10E1B00037B53223ADF80430154A00230125192163
:10E1C00068468DF80630ADF800508DF80230EEF755
:10E1D0009FFB0446C8B90BF00DFD80B2EDF7B2FF0E
:10E1E0000C482946F2F76BF9044670B901462A46F5
:10E1F0000820F6F721FA2A4621460B20F6F71CFAEA
:10E200002A4621462846F6F717FA204603B030BDC5
:10E210006DE1010008440020014902480CF04DBFA7
:10E2200038440020D82B002037B50D4D0D4900246F
:10E2300000946FF009034FF48062284601F038F92A
:10E24000094928460CF0CCFF084909480CF019FF91
:10E25000224604211920F6F7EFF9204603B030BD1D
:10E26000D82B0020807800203DE602004BA402005D
:10E270003844002010B9024B1B681847704700BF94
:10E2800048440020014B01201B68184748440020E7
:10E2900028B1012807D104490020EDF77BBE034BCC
:10E2A00001201B681847704775E2010048440020B0
:10E2B000014B1860002070474844002010B51F48EB
:10E2C000BFF35B8F0368BFF35B8F23B9062904D8C4
:10E2D000042926D839B1002010BD0729FBD14038C8
:10E2E00000F0CEFEF7E750F8203CA0F14004D3E95F
:10E2F00000209047012808D0114B984203D00223F8
:10E30000E06384F834300F48E6E742F21073236389
:10E31000032384F8343004F1240384F82900A36330
:10E32000F1E700F8173C084B40F8103CA0F11C0145
:10E330004038007EF2F704F9CDE700BF8C4400209E
:10E340001F64660280440020FF3F420F0248012202
:10E3500000210CF013BE00BF4C440020014BD861DB
:10E36000704700BF4C44002038B54FF0FF310546E0
:10E370004FF0FF30FFF7F8F92E492F48EEF7D6F9A6
:10E380000446FFF7F9F9002C51DB2C4C40F2011345
:10E390002385E36925626433E36242F210732363E9
:10E3A00000226FF0730384F82420E36304F1400536
:10E3B000BFF35B8F55E8003F45E800210029F9D104
:10E3C000BFF35B8F4FF0FF314FF0FF30FFF7CCF919
:10E3D00004F12401207EF2F7B3F8FFF7CDF9184AD3
:10E3E0000023204600F086FE00280ADABFF35B8F88
:10E3F000012355E8002F45E800310029F9D1BFF38A
:10E400005B8F4FF0FF314FF0FF30FFF7ADF9207E0B
:10E41000F2F778F8FFF7B0F9BFF35B8F236CBFF327
:10E420005B8F13B1054800F08BFEE06B38BD6FF0D9
:10E430000B00FBE764440020BDE201004C440020D7
:10E44000447B0B00074B01221A64D3F84035B3FB21
:10E45000F0F01844044BDB69984234BF00200120DF
:10E46000704700BF008000404C440020BFF34F8F36
:10E470000549064BCA6802F4E0621343CB60BFF360
:10E480004F8F00BFFDE700BF00ED00E00400FA057C
:10E490004FF08053D3F83021082A06D1D3F8343115
:10E4A000052B02D8024AD05C70470020704700BF9D
:10E4B0004DE60200024AD2F80034002BFBD0704730
:10E4C00000E0014010B54FF08053D3F83021082A06
:10E4D0004ED14FF080420021C2F80C11C2F8101149
:10E4E000C2F8381502F54042D3F80414C2F82015DA
:10E4F000D3F80814C2F82415D3F80C14C2F8281560
:10E50000D3F81014C2F82C15D3F81414C2F830152F
:10E51000D3F81814C2F83415D3F81C14C2F84015F7
:10E52000D3F82014C2F84415D3F82414C2F84815BF
:10E53000D3F82814C2F84C15D3F82C14C2F850158F
:10E54000D3F83014C2F85415D3F83414C2F8601557
:10E55000D3F83814C2F86415D3F83C14C2F868151F
:10E56000D3F84014C2F86C15D3F84434C2F87035AF
:10E57000FFF78EFF18B13F4B3F4AC3F88C26FFF7D9
:10E5800087FF18B13D4BFB22C3F81825FFF780FF2A
:10E5900070B14FF080414FF08053D1F8E42ED3F8A2
:10E5A000583222F00F0203F00F031343C1F8E43E88
:10E5B000FFF76EFF20B1324B4FF40072C3F84026D4
:10E5C0004FF08053D3F83031082B1AD14FF08043ED
:10E5D000D3F80024D20744BF6FF00102C3F800242F
:10E5E0004FF08053D3F83431052B02D8254AD35C41
:10E5F0003BB14FF01023D3F808224FF08043C3F80B
:10E6000058254FF01021D1F80C32DB0714D51E48E5
:10E610000123C0F80435FFF74DFFD1F80C3223F089
:10E620000103C1F80C32FFF745FF0023C0F80435A1
:10E63000FFF740FFFFF71AFFD1F80032002B03DB92
:10E64000D1F80432002B14DA0F4901234FF01020C7
:10E65000C1F804351224FFF72DFFC0F80042FFF780
:10E6600029FFC0F80442FFF725FF0023C1F8043555
:10E67000DEE710BD005000404881030000F000407C
:10E680000090024047E6020000E00140014B1860A4
:10E69000704700BF9044002010B5054B1868144621
:10E6A0000BF02DFF0028A4BF2070002010BD00BF7C
:10E6B00090440020024A01238340C2F80435704789
:10E6C00000F00140036803F01F025B09026004D000
:10E6D000012B034818BF002070474FF0A04070473F
:10E6E00000030050034A430900F01F00D35C1844A4
:10E6F000C0B2704753E60200034611F0010030B586
:10E70000CCB213D1A207C4F3400020D5124AD2F8EC
:10E71000200558604FF08053C2F82005D3F83031FF
:10E72000082B15D0003818BF012010E04FF0A04191
:10E730004FF08055D1F820251A60C1F82025D5F872
:10E740003051082D08BFD1F82015002ADAD030BD8D
:10E75000D2F82035E6E700BF00030050F7B50446C5
:10E760000846FFF7BFFF06B204EB46060D46B38A24
:10E77000DB072BD520460BF0FCFF294620460BF08B
:10E7800067FF58B120460BF079FF276800B207EB0E
:10E7900080030022C3F81025C3F81025294620461F
:10E7A0000BF095FF0021B18201A80195FFF78AFFC8
:10E7B000019B00EB8300074BD0F80027134043F088
:10E7C0000203C0F80037084603B0F0BD6FF0150033
:10E7D000FAE700BFF0F8FCFF01480BF0AEBE00BF47
:10E7E0003C09002010B504480C460BF088FE0028B8
:10E7F000A4BF2070002010BD3C0900202DE9F04F7F
:10E80000804689B058F804ABDAF80413C9B28346DD
:10E81000082241F0004150460BF083FF051E2BDA21
:10E820000023032106A8CDE90633FFF765FF644BFB
:10E8300001930DF118090023019A009312F8013B8E
:10E8400060490192DA0803F007038A5C22FA03F3B5
:10E85000DA071AD4009B09F10409A3B14FF0004173
:10E86000002250460BF05DFF032106A8FFF744FF8E
:10E870000028DCD125F000450124002D40F08A80DD
:10E8800009B0BDE8F08F0123D6E7009B4E4A134440
:10E890000293D9F800100029DCD0029B91FAA1F173
:10E8A0001C78B1FA81F141EA44142046FFF71AFFBF
:10E8B0000BEB40000594878AC808BB0819F80020B4
:10E8C000039301F00701012303FA01F122EA010297
:10E8D00009F8002005A8FFF7F5FE059A039B02F54D
:10E8E000E072C7F3820650F822205B073746C2F376
:10E8F000014233D5D6B240463A4621460BF0C8FE17
:10E9000005A80594FFF7DEFE059B03F5E07350F8BC
:10E910002330C3F301439E4207D1002120460BF070
:10E9200088FE314620460BF084FE05A80594FFF7CB
:10E93000C9FE059B012202FA03F3C0F820354FF00F
:10E940008053D3F83031082B01BFD0F82035D0F8F0
:10E950002035D0F82035D0F820359AE7022A0DD19D
:10E96000032120460BF065FE06F00503012BDCD1E8
:10E970003A46214640460BF08BFED6E70221204660
:10E9800003920BF056FE032EF2D0039A032ACCD149
:10E99000022EECE795FAA5F3B3FA83F304FA03F237
:10E9A00025EA020503F5A2720BEB43035AF8222075
:10E9B000B3F87C10C2F3014240460BF069FE5CE7FD
:10E9C00063E6020090D5020063E60200044AD2F832
:10E9D0000034DB07FBD50160BFF35F8F704700BFDA
:10E9E00000E001404FF080531A69B0FBF2F302FBE4
:10E9F00013036BB9084B0222C3F80425C3F80805BA
:10EA0000D3F80024D207FBD50020C3F804057047D3
:10EA10006FF00C00704700BF00E0014010B5054CDE
:10EA20000123C4F80435FFF7D1FF0023C4F80435EF
:10EA300010BD00BF00E0014010B5184C237853BB57
:10EA40000278C2F34003920712D54FF08053D3F8F7
:10EA50003021082A0BD1D3F83431052B07D8104ABE
:10EA6000D35C23B14FF080430122C3F83826012341
:10EA70004FF08042C2F88035037803F00103C2F8FA
:10EA800078350020F5F7CAFD08B9F5F7A5FD012393
:10EA90002370002010BD6FF07700FBE7FE580020C8
:10EAA00065E602004FF080434FF46072C3F808231C
:10EAB000014B00221A6070479444002008B5FFF70C
:10EAC000F1FF03680BB1014A136008BD94440020B4
:10EAD00010B54FF08043D3F80443620707D54FF4D5
:10EAE00084700CF037F810B11E4B1B689847A306D2
:10EAF00008D54FF48A700CF02DF818B11A4B00208D
:10EB00001B689847600608D54FF48C700CF022F80B
:10EB100018B1154B01201B689847210608D54FF402
:10EB20008E700CF017F818B1104B00201B68984736
:10EB3000E20508D54FF490700CF00CF818B10B4BAF
:10EB400001201B689847A3050AD54FF492700CF07A
:10EB500001F828B1054BBDE810401B68022018479A
:10EB600010BD00BF9C440020984400209444002025
:10EB70000368034A01F5C07143F82120704700BFC4
:10EB80003546526E38B5EFF31185402383F3128872
:10EB9000BFF36F8F064B9C680CF0A1F885F31188CA
:10EBA000BFF36F8F2046BDE83840F5F7BDBC00BF0E
:10EBB000A044002038B50A4B53F82040013053F8E8
:10EBC0002050A54200D838BD606830B1037FDB0714
:10EBD00001D40CF059F80834F3E723689847FAE7B2
:10EBE00094D5020070B52A4B2A4C2B4D012286B0D9
:10EBF00003201A70FFF7DEFFF5F79CF80420FFF7FB
:10EC0000D9FF2646AE4204F1300410D300F04AFF8B
:10EC1000204C224EAC4226D300F058FFF3F7AAF85E
:10EC20001F4A137B23F00103137306B070BD54F821
:10EC30000C3C059354F8103C049354F8143C039393
:10EC400054F8183C029354F81C3C019354F8203CAF
:10EC5000009354E90A2354E90C0100F007FD54F82D
:10EC6000303C5E65CDE7D4E90A23B3F1FF3F08BF2E
:10EC7000B2F1FF3F05D052EA0301206803D100F052
:10EC8000FFFF3034C6E73146183001F089F9F8E764
:10EC9000FF580020BCC80200BCC80200D5B2020068
:10ECA000F82C002070B5002386B00122CDE90423A2
:10ECB000134E144D01930F22CDE902321249142351
:10ECC00003FB005506EBC01604464FF4C07000FB72
:10ECD00004110E4B00954FF4A072304600F0C6FCB4
:10ECE000737B0B4AEE6023F0040373734FF40463E9
:10ECF00004FB033313442C746B6006B070BD00BF7B
:10ED0000782C0020A044002000850020EBAD0200FC
:10ED1000C07C0020BFB50020FFF74CFF2A4B83F3D7
:10ED200008882A4C2A4F636943F400736361E02327
:10ED300084F8223000252023E37725766576A576B2
:10ED400084F82050636A43F4E023636284F823501C
:10ED5000F5F766FBF5F7FCFC4FF0FF33A362E362C7
:10ED6000F5F7BCFDF5F718FD1A481B4C00F0F6FC52
:10ED7000F5F7C0FF0120FFF71DFF0220FFF71AFF84
:10ED800000F0D8FE154B16495C61164B0593012324
:10ED9000CDE903534FF400623B46CDE901550095A0
:10EDA000204600F063FC627B064622F00402204607
:10EDB00062730CF052FA2846FFF774FF3A46314668
:10EDC0002046F5F7A7FC00BF0085002000ED00E01D
:10EDD000E5EB0100182E0020F82C0020A0440020B4
:10EDE000808600206BE6020038B5064C064DAC422A
:10EDF00001D3002038BDD4E9011220460BF072FF88
:10EE00001434F4E7780A00208C0A002038B5064C48
:10EE1000064D0020AC4200D338BD20460BF086FFE3
:10EE20000028F9DB1C34F5E7080A0020780A0020E6
:10EE300073B50C46EFF31181402585F31288BFF3BB
:10EE40006F8FC5685DB125602B68C360836901332E
:10EE50008361002081F31188BFF36F8F11E052EAC4
:10EE6000030603D125606FF00B00F3E7CDE9002323
:10EE70000246083000F05CFD18B9034B9B681B6923
:10EE8000236002B070BD00BFA04400202DE9F34113
:10EE9000044617461E46EFF31188402383F3128879
:10EEA000BFF36F8FC368334A7BB180689168884233
:10EEB00019D057EA060318D188F31188BFF36F8F72
:10EEC0006FF00F0002B0BDE8F081916891F90E106B
:10EED00021610133E3609368A36088F31188BFF375
:10EEE0006F8F0020EEE72169F2E791F90E1090F99B
:10EEF0000E309942A8BF19466FF07E029142B8BF0A
:10EF000011468B422DDD0BF07BFF0546CDE90076E7
:10EF100019482246414600F00BFD0028E1D0EFF3EE
:10EF20001186402383F31288BFF36F8FA068D0B19E
:10EF3000236821699C420AD04BB193F90E30994263
:10EF4000A8BF19466FF07E039942B8BF19460BF06F
:10EF500057FF40B10848314600F07EFD6FF00A00CF
:10EF6000B0E70025D2E7002DF4D186F31188BFF376
:10EF70006F8FF3E7A044002000590020F8B58368A4
:10EF80000546002B3FD0234A926893423ED1C36886
:10EF9000012B03D9013BC3600020F8BDEFF31187BB
:10EFA000402383F31288BFF36F8F016980680BF0F1
:10EFB00027FF2C68A54207D10023C5E9023387F358
:10EFC0001188BFF36F8FE7E7002CF5D0D4E900324A
:10EFD00013605A60637B002623F002036373C4E965
:10EFE0000066A66004F118000CF00AFAAC6094F90F
:10EFF0000E302B612046E6670CF02FF906483946A3
:10F0000000F02AFDC8E76FF01500C6E74FF0FF30AB
:10F01000C3E700BFA04400200059002037B51146C7
:10F02000EFF31185402282F31288BFF36F8F0468DB
:10F030009CB12368426823F003039442036008BF35
:10F040004360012120460BF068FF044685F31188D8
:10F05000BFF36F8F204603B030BD51EA0302F5D0F5
:10F0600000F10802CDE900131046294600F060FCCB
:10F070000028EFD1014B9B681C69EBE7A0440020FE
:10F0800070B5EFF31186402383F31288BFF36F8FBF
:10F090000468A0421AD0CCB1D4E9003213605A609F
:10F0A000637B002523F00203C4E900556373A56068
:10F0B00004F118000CF0A4F9E56720460CF0CDF837
:10F0C00031460B48BDE8704000F0C6BCD0E90232C2
:10F0D0009A4218BF01338360022110300CF06FFA9E
:10F0E0000028EDD186F31188BFF36F8F70BD00BF8C
:10F0F0000059002013B5EFF31181402484F31288E6
:10F10000BFF36F8F846844B1013C846081F3118840
:10F11000BFF36F8F002002B010BD52EA030406D186
:10F1200081F31188BFF36F8F6FF00F00F3E7CDE924
:10F1300000230246014800F0FBFBECE700590020E9
:10F140002DE9F8430546EFF31188402383F3128835
:10F15000BFF36F8F002637466FF00A092C68A5426F
:10F1600016D0ACB1D4E9003213605A60637BA7605B
:10F1700023F002036373C4E9007704F118000CF074
:10F180003FF9C4F87C9020460CF067F80126E5E7CB
:10F190000023AB60022105F110000CF010FA30B929
:10F1A0002EB988F31188BFF36F8FBDE8F88341460D
:10F1B0000248BDE8F84300F04FBC00BF00590020F2
:10F1C00007B5074B0093074907484FF0FF334FF44B
:10F1D000006200F06DF9002003B05DF804FB00BF91
:10F1E000ACD50200C08E0020782D00202DE9FF4113
:10F1F0004F4E04464027EFF3118887F31288BFF380
:10F200006F8FD4F88450F5B9022104F19C000BF003
:10F21000C5FE002868D004F194050022012128468B
:10F220000CF0B5F80028F8D1002302934FF0FF321C
:10F230004FF0FF33CDE90023414604F18C023D48F5
:10F2400000F0E8FDD7E7D4F888202B68C4F88430B4
:10F25000954208BFC4F88830D4F89C3043F00203CC
:10F26000C4F89C30EB6823F0040343F00103EB6027
:10F270006B6888F31188BFF36F8F28469847EFF3C8
:10F28000118887F31288BFF36F8FEB68D80623F0DD
:10F29000010236D4EA60EB689A0716D5306823F08D
:10F2A0000203EB6088B10368002170B142689542A7
:10F2B00035D1036869BB72683360824200D17360E4
:10F2C000002340F8083BFFF7DBFED4F89C3023F026
:10F2D0000203C4F89C3088F31188BFF36F8FDB05FD
:10F2E00089D400F02FFC86E7D4F89C30D9069BD552
:10F2F000C4F89C0088F31188BFF36F8F04B0BDE899
:10F30000F08123F01103EB6005F11000FFF7B8FE68
:10F31000C1E70B607368834208BF7160D0E723B117
:10F320001A68014618461346BFE71A46F9E700BFB8
:10F33000C04400200059002070B5C368C3F34006E4
:10F340009B0705460C460DD50122002104F108005B
:10F350000BF014FE00232360054B65605A681AB950
:10F36000C3E90044304670BD14605C60FAE700BF3A
:10F37000C0440020F8B5C3689A0704460F46C3F39B
:10F3800040062ED45B071CD40B680BB983680B6056
:10F39000E368DD0744BFA3683B603D684CBF0226BD
:10F3A0000126002D3CD0204B9A68D5F880309A4237
:10F3B0000AD0D5F89C30D807C3F3800214D46FF07C
:10F3C000120600233B6025E00BF004FFD5F89C30CB
:10F3D0000028F0D1D907C3F3C002F0D552B15B07C2
:10F3E00008D46FF00F06ECE7002AFAD1C3F3C0038C
:10F3F000002BF6D100232360D5F8883063B9C5E926
:10F40000214428460BF0E5FDE36843F00403E36084
:10F410003B68A3603046F8BD1C60C5F88840F0E743
:10F420006FF01506CDE700BFA0440020F8B5C36813
:10F4300003F00503002B06460C4614BF01270027E6
:10F440001CD085680122002104F110000BF096FD0C
:10F45000134920460BF015FEE36843F01003E36008
:10F46000F3685B0712D5336823606BB9D5F8883031
:10F4700033B9C5E9214428460BF0ABFD3846F8BD49
:10F480001C60C5F88840F6E73460F4E7D5F88430AE
:10F490002360D5F88830C5F88440002BEBD1F0E725
:10F4A000B3AF0200014601480BF007BE782D0020E3
:10F4B000F0B589B004460020C4E921000E9D04F196
:10F4C0008C00C4E9230004F19400C4E9250055B37D
:10F4D0002879002840F2011008BF0120C4F89C00E0
:10F4E00000204FF0FF364FF0FF37CDE90330CDE974
:10F4F0000100CDE906670D4B0094204600F002F9AB
:10F5000055B1296811B120460BF06AFE6B791BB129
:10F51000237B43F001032373204600F0B1FBC4F8C2
:10F52000804009B0F0BD0120D8E700BFEDF1010037
:10F5300037B501900846EFF31184402181F312881A
:10F54000BFF36F8FC16811F01E0F16D153EA020589
:10F5500008D101A9FFF70EFF84F31188BFF36F8F65
:10F5600003B030BD41F00801C160019981620449D6
:10F57000103000F015FD0120EEE70020ECE700BFA1
:10F5800047B0020001460148FFF7D2BF782D0020A6
:10F59000F7B50C46019016461D46EFF31187402340
:10F5A00083F31288BFF36F8F08460BF003FD55EA13
:10F5B000060309D101A92046FFF7DCFE87F3118875
:10F5C000BFF36F8F03B0F0BDE368074943F0080352
:10F5D000E360019BA36232462B4604F1100000F069
:10F5E000DFFC0120EAE700BF47B002000146014806
:10F5F000FFF7CEBF782D00202DE9F0410546EFF34F
:10F600001187402383F31288BFF36F8F0468A042F1
:10F6100023D014B320460BF0D0FD04F118000BF0FA
:10F62000EFFE0026B046C4F87C8020460BF015FEA5
:10F630002C68A54206F1010608D03CB120460BF02B
:10F64000BCFD04F118000BF0DBFEECE70648394680
:10F6500000F002FA3046BDE8F08187F31188BFF36D
:10F660006F8F0026F6E700BF005900202DE9F04318
:10F67000073285B022F007020E461F46109901732B
:10F6800000F158037F32C0E916330446002322F00C
:10F690003F020421836041733F2A0F98A073C4E99D
:10F6A0000633E37306F14009A2F1400805D883F35D
:10F6B0001188BFF36F8F084602DFB5182946204630
:10F6C000F4F78EFC07300E9B20F00700E066C4E9DB
:10F6D000199802930D9B01932D1A0C9B00932A46B7
:10F6E0003B4631462046F4F7E3FF00236365044BB5
:10F6F0009B6803B11B6F2367284605B0BDE8F08304
:10F70000A0440020F0B587B000250595109D049514
:10F710000F9D03950E9D0295DDE912760D9D0195D5
:10F720000C9D00950446FFF7A1FFB6F1FF3F08BF0F
:10F73000B7F1FF3F05D056EA070305D1204600F098
:10F740009FFA204607B0F0BD3A46334604F1180050
:10F75000014900F025FCF4E7D5B2020040F20113A4
:10F7600010B583810023C0E91933044600F024FE5C
:10F77000014B9C6010BD00BFA0440020094A936863
:10F780006FF00A01D967084998674B6843F08053C6
:10F790004B60002383F31188BFF36F8F9368D86F9A
:10F7A000704700BFA044002000ED00E070B590F964
:10F7B0000D20437B002A36DBD90634D11B4C63F085
:10F7C0007F032246437352F8183FE169934207D101
:10F7D000C0E900210860E06111E09942F8D01B689F
:10F7E000002BF5D090F90E5093F90E60B542F4D08D
:10F7F000AE42F2DD5968C0E9003108605860A56981
:10F80000954200D005B9E568A3685A7BD20604D1B9
:10F81000DA897F2A01D9AA6932B1AB4202D02846DF
:10F8200000F038FB656170BD6361FCE7A044002017
:10F8300038B590F90D20437B002A014604DA03F025
:10F840007F0343730BF0CFFC0D4D2A46AB6852F893
:10F85000184F944200D004B9EC688B4207D05A7B11
:10F86000D20604D1DA897F2A01D9A2692AB1A3423A
:10F8700002D0204600F00EFB23466B6138BD00BF6E
:10F88000A0440020B3F1FF3F08BFB2F1FF3F03D017
:10F890000249183000F084BB704700BFD5B20200A7
:10F8A00070B590F90D20437B002A014604DA03F07D
:10F8B0007F0343730BF097FC4B7B1C4C63F07F037F
:10F8C00022464B7352F8183FE069934207D1C1E9D1
:10F8D00000200160E16111E09842F8D01B68002B24
:10F8E000F5D091F90E5093F90E60B542F4D0AE42C6
:10F8F000F2DD5868C1E9003001605960A569A3686C
:10F90000954200D005B9E5688B4207D05A7BD206F4
:10F9100004D1DA897F2A01D9AA692AB1AB4202D07F
:10F92000284600F0B7FA2B46636170BDA044002062
:10F93000F8B50E4B0C4611460D4A98681060DDE98B
:10F940000667EFF31182402282F31288BFF36F8FB4
:10F950009D6828460BF059FC284632463B46FFF787
:10F9600091FF2046BDE8F840FFF708BFA044002003
:10F97000C8440020F8B50446EFF31187402383F311
:10F980001288BFF36F8F437B03F01F02002A0CBF66
:10F990000126002649B239D103F07F0343730BF0EF
:10F9A00022FC2C4D437B817363F07F032A46437313
:10F9B00052F8183F934227D1E869C4E90020046057
:10F9C000EC610FE09842F8D01B68002BF5D093F95A
:10F9D0000EC06145F6D08C45F4DD5968C4E90031AC
:10F9E0000C605C60AC69944200D004B9EC68AB6810
:10F9F0009C4202D0204600F04DFA6C6187F31188DA
:10FA0000BFF36F8F3046F8BDE869DEE79B071ED570
:10FA100085680BF0E8FB81732B689D4209D16B6808
:10FA2000C4E900531C606C60E8E76A689342F6D052
:10FA30001B68002BF3D093F90E209142F5D08A4237
:10FA4000F3DD5A68C4E9003214605C60D6E7817364
:10FA5000D4E700BFA044002049B9EFF3058030B9D6
:10FA6000054B5A699B689A4201D0FFF787BE81F324
:10FA70001188BFF36F8F7047A0440020034648B938
:10FA8000EFF3058232B9064A51699268914201D07A
:10FA9000FFF774BE83F31188BFF36F8F704700BF09
:10FAA000A0440020EFF31181402383F31288BFF3B9
:10FAB0006F8F054B9A68D37B013BD37381F3118819
:10FAC000BFF36F8F704700BFA044002070B5EFF305
:10FAD0001186402383F31288BFF36F8F144DAB68F8
:10FAE000DA7B0132DA732A4652F8184F944200D07A
:10FAF00004B9EC685A7BD20604D1DA897F2A01D98D
:10FB0000A2692AB1A34202D0204600F0C3F92346DD
:10FB10006B6186F31188BFF36F8FEFF31180402381
:10FB200083F31288BFF36F8FBDE87040FFF7A6BF65
:10FB3000A0440020024B03F11802C3E906227047DB
:10FB4000A044002070B5EFF31186402383F31288A0
:10FB5000BFF36F8F1B4CA168E0690B68814214BF33
:10FB60001A46002249680B605960A368E1692AB906
:10FB7000154AC3E900210B60E3610CE093F90E0024
:10FB800092F90E50A84218D0854216DD5168C3E99B
:10FB900000210B605360A5690B4B9D4200D005B955
:10FBA000E568A3689D4202D0284600F073F96561BC
:10FBB0003046BDE87040FFF7E1BD8A42D8D01268F8
:10FBC000D5E700BFA0440020B8440020F8B550EAB3
:10FBD000010306460C4603D1FFF7B4FF0020F8BD31
:10FBE000EFF31187402383F31288BFF36F8F124D19
:10FBF000124BA8681860FFF71BFEA868104923463F
:10FC00003246183000F0CCF9AA68537B43F0040365
:10FC1000537304463846FFF7B1FDAB68D3E90A23B6
:10FC2000B3F1004F08BF002AD8D10BF011FC201A05
:10FC300020EAE070D3E700BFA0440020C8440020C1
:10FC4000D5B202000C490D4A38B500244FF40045E6
:10FC50008C462146C0FB05C100236046EDF708FA3B
:10FC6000C117FFF7B3FF054A47F6FF73C0FB023425
:10FC7000DB0B43EA444038BD3F420F0040420F00D7
:10FC800038B50446EFF31185402383F31288BFF3A0
:10FC90006F8F437B5B070FD518300BF0B1FB637B95
:10FCA00023F0040320466373FFF780FD29460548CF
:10FCB000BDE83840FFF7D0BE85F31188BFF36F8FE2
:10FCC00038BD00BF00590020014B9868704700BF45
:10FCD000A04400202DE9F8430446077BEFF311858B
:10FCE000402383F31288BFF36F8F437B190705D539
:10FCF00085F31188BFF36F8FBDE8F883D90943F00E
:10FD000008025DD14273A36813B120460BF073FA69
:10FD100004F118000BF074FBA66D04F15808B0450F
:10FD200011D04FF0000976B130460BF064FA06F1BD
:10FD300018000BF065FBC6F87C903046FFF736FDE7
:10FD4000A66DB045EFD1DFF8C080D8F808309C42EE
:10FD50003ED1EFF30589B9F1000918BF4FF0010951
:10FD6000D8F81860294A964200D00EB9D8F80C602D
:10FD7000B34202D0304600F08DF82046C8F8146037
:10FD800006F081FCB9F1000F02D02148FFF7E6FC34
:10FD9000D8F808309C4231D1EFF3058373BB227B46
:10FDA000D20718D42846FFF7E9FCFB07A4D50023A7
:10FDB00083F31188BFF36F8F0423184602DF9BE79C
:10FDC00003F07F0343F0080343730BF00CFA9AE748
:10FDD0004FF00009C4E785F31188BFF36F8F83F3F9
:10FDE0001188BFF36F8F0423184602DFEFF31180F1
:10FDF000402383F31288BFF36F8FD4E785F3118814
:10FE0000BFF36F8FD1E700BFA0440020B8440020AB
:10FE1000182E0020D3B5DDE90667089CCDE9006700
:10FE2000FFF786FD1CB1034B9B681B69236002B082
:10FE3000D0BD00BFA0440020044BC01A044BC0102A
:10FE40005843044B01221A54704700BF982E0020DB
:10FE5000ABAAAAAA00590020C3897F2B12D80A4B4B
:10FE60001B6863B1094B90F90E201B689A4209DBAD
:10FE7000437BDB0606D1064BC31A18BF012303F0F0
:10FE8000010070470023FAE740090020CC4400201D
:10FE9000782C002070B50E4B0E4C1E7C06EB4603F2
:10FEA00004EBC304054620460BF0AAFA0A4B0022D5
:10FEB00028469A55FFF7D0FF48B1084B08491A6801
:10FEC000013A2046D317BDE8704000F069B870BD14
:10FED000A0440020982E0020005900204009002056
:10FEE00039FE010038B5EFF31185402383F3128802
:10FEF000BFF36F8F104B114A9C681068A04206D167
:10FF0000FFF7C8FF85F31188BFF36F8F38BD00215D
:10FF10001B7C11600A4AD35C002BF3D02046FFF70C
:10FF20009BFF0028EED0637BDB0602D12046FFF763
:10FF3000B7FC2046E4E700BFA0440020C8440020EE
:10FF400000590020024B1868984208BF00207047F3
:10FF500044090020034B1B680BB9FDF735BB00209B
:10FF6000704700BFD044002030B570B10B4B5B68C8
:10FF700098420AD0036843B1D3E90421D0E904458B
:10FF8000121941EB0501C3E90421D0E900321360E5
:10FF90005A600023C0E9003330BD00BF440900208F
:10FFA000B3F1FF3F08BFB2F1FF3F2DE9F84F044620
:10FFB000994615461F467AD08160EFF31188402399
:10FFC00083F31288BFF36F8FB9F1000FDFF8E4A05D
:10FFD00020DBFFF7BFFFDAE90027013549F100090F
:10FFE0002D1849EBE073C4E90453AD18064643EB02
:10FFF00007074FF00109FFF7A5FFDFF8BCE0DEF8C7
:020000040002F8
:1000000004A00346EBB9C4E900EACAF80040CEF800
:10001000044028E0DAE900126FF001035B1A4FF0A8
:10002000FF3161EB02025B1B62EB0902012B72F1F3
:100030000001BCBF01230022C0E904324FF00009D7
:10004000D9E7D3E9041CD4E904208A4270EB0C0BF5
:1000500024DA891A5A686CEB0000C3E90410C4E979
:10006000003214605C60FFF76DFF84420ED1134BC9
:100070001B685BB9B9F1000F02D1FFF76BFF0646B1
:1000800030460BF0A6F90021FDF770FA88F31188CD
:10009000BFF36F8F28463946BDE8F88F521A60EBE0
:1000A0000C009A45C4E90420ADD01B68AAE70025DE
:1000B0002F46EFE7B02E002044090020D044002056
:1000C0002DE9F047EFF31185402383F31288BFF346
:1000D0006F8FDFF8A490DFF8A480C9F80000FFF765
:1000E00031FF00260027D9F80030D8E900ECD917F5
:1000F00050B1D0E90442A34271EB020A1CDAE41ABF
:1001000062EB0102C0E9044213EB0E034FF000045E
:100110004CEB01012046C8E90031C9F800400BF062
:1001200058F92146FDF722FA85F31188BFF36F8F46
:10013000BDE8F047FFF7D6BE14EB0E024CEBE473BC
:10014000C0E90467C8E90023FFF70EFF85F31188B3
:10015000BFF36F8F83689847EFF31185402383F3D4
:100160001288BFF36F8FD9F800301B1BC9F800301D
:10017000FFF7E8FEB7E700BFD0440020B02E002014
:1001800010B5EFF31184402383F31288BFF36F8F10
:10019000FFF7E0FE054A0346D2E90001181841EBDB
:1001A000E37184F31188BFF36F8F10BDB02E002070
:1001B000F8B50546EFF31187402383F31288BFF3A8
:1001C0006F8F036823B187F31188BFF36F8FF8BD7A
:1001D000D0E90A46611C46F10002022972F10002D0
:1001E00036D3012C76F10002BCBF01241E46013C2F
:1001F00046F1FF360BF030F9013041F100010019F2
:1002000046EB0101012871F1000130DB0BF024F90C
:10021000013041F100016FF00203001946EB0101CA
:1002200083426FF000438B4126DB0BF015F9013060
:1002300041F100016FF00102001946EB0103121AAF
:100240004FF0FF3161EB03031C492846FFF7A8FE7E
:100250002B6B01332B632B6A93B93C462B4653F827
:10026000185F9D4200D0D5B984F31188ADE76FF0D7
:1002700001024FF0FF33E7E700224FF00043E3E7CE
:1002800087F31188BFF36F8F2B6A28469847EFF3E7
:100290001184402383F31288BFF36F8FDEE7284673
:1002A0000AF0EAFF0023EB6784F31188BFF36F8F36
:1002B0002846BDE8F8400AF0D0BF00BFB1010200F7
:1002C0002DE9F04105461C4690461F46EFF3118686
:1002D000402383F31288BFF36F8FB4F1FF3F08BF51
:1002E000B2F1FF3F05D186F31188BFF36F8FBDE8F0
:1002F000F081002C09DB012A74F10003BCBF01224C
:10030000002412F1FF3844F1FF3728460BF078F84B
:10031000DDE906010023C5E90A012B6342463B469D
:1003200028460249FFF73CFEDDE700BFB1010200AD
:1003300038B50346EFF31185402282F31288BFF3EC
:100340006F8FC160012181600068834206D185F30F
:100350001188BFF36F8F0024204638BDD0E90032EA
:1003600013605A600023C0E900330BF0E5F829461A
:1003700004460248FFF770FBEEE700BF015900207A
:100380002DE9F04105460E4617460AF023FF28B92D
:10039000074B9B681C6F14B9BDE8F081054C3B46C8
:1003A000324629462046BDE8F0410BF027B900BF90
:1003B000A0440020780A0020014B0367704700BF6B
:1003C000780A00200146024A0020FFF7D9BF00BF8B
:1003D0001354020001680E4A9142034615D1C169C7
:1003E000A2F11022A2F1EF1291420ED18268012AED
:1003F0000BD8C26812B101698A4206D0586928B187
:100400009B691B1A5842584170470120704700BF32
:1004100055AA00FF70B50D4B9E68A6B13046FFF798
:10042000D9FF044678B9F3686BB935690DB9204630
:1004300070BD2846FFF7CEFF28B9EB68B34202D162
:100440002E462D69F2E70124F1E700BFD4440020D5
:100450002DE9F041444B454C1B6805462046884633
:10046000984718B100242046BDE8F081A4F1140794
:1004700054F8144CFB68DCB1BC68CCB1002D66D0DC
:10048000B8F1000F65D008FB05F6B6FBF5F5A845F9
:1004900061D1311D5FD8B20711D026F003020432BA
:1004A0001C4603E06168914257D2A469002CF9D13F
:1004B0002F4B2E481B6898470028D4D0D2E73246ED
:1004C000EEE7891A232904F120051CD80123A36033
:1004D000D4E90523AAB19361A3690BB162695A619A
:1004E0000023C4E905333B69DB0703D5FFF792FF1F
:1004F000002835D13246002128462C460BF05EFFFD
:10050000D6E7FB60E8E702F1200C04EB0C0320398E
:10051000C3E90110DC6017482169196144F80C0037
:10052000A0F11020A0F1EF10D86101B1CB6061699A
:100530005961A069986141B18B61996901B14B61C1
:100540000121C4E901212361CAE7FB60F5E72C46DC
:10055000AEE74446ACE70446AAE7A0680028B0D05E
:10056000012004F029F900BF5C090020E8440020C4
:100570005809002055AA00FF70B5464B464C1B6831
:10058000054620469847002840F08280002D43D041
:1005900054F8143CA4F11406002B3DD0B268002A94
:1005A0003AD09D4203D3726813449D4202D3012086
:1005B00004F002F9A5F120042046FFF70BFF002804
:1005C000F5D155F8183C012BF1D155F8143C45F8FC
:1005D000180C3BB39A682ABB55F81C2C02F1200179
:1005E0005A680A445A6055E905321A6155F8145C94
:1005F0002B6903B1DD602022002120460BF0DEFED6
:10060000286910B18368002B2ED033699B0703D56E
:10061000FFF700FF0028CAD1204B1F481B68BDE828
:100620007040184755F8100C00282AD0836843BB47
:100630004268636813442033636003692361D4E92B
:1006400005239AB9CBB9436963618269A261B3B1E9
:100650009C61A36903B15C61236903B1DC60202262
:1006600000210BF0ABFED0E72C46E1E79361A369D4
:10067000002BE8D062695A61E5E7F360F7E7F460C0
:10068000E7E7F36845F8083C03B15C61F460BCE758
:1006900070BD00BF5C090020E8440020580900201C
:1006A00038B51C220C460546002115480BF086FE85
:1006B000144B15481B6898471449154800F038F842
:1006C000232C1CD915F003031FBF043CE418C3F10D
:1006D0000403ED182246002128460BF06FFE084B5C
:1006E0000C499D60C3E90054203C6C609A6811601D
:1006F0009A68DA60A1F11021A1F1EF11D16138BD42
:10070000D444002060090020E8440020790502005C
:100710005104020055AA00FF014B1B68184700BF97
:1007200050090020014B1B68184700BF4C090020EE
:10073000024B1860024B00201960704750090020DE
:100740004C09002010B50A46044619B1024B00219D
:100750001B68984710BD00BF54090020F8B50D4E26
:100760000D4C0E4D33680E48984767782B680C483F
:10077000984733680B489847022F08D12478E31F25
:100780005C425C412B68074898472046F8BD00242E
:10079000F8E700BF5C090020F04400205809002061
:1007A000CC060020D40600200E4B0340B3F1607F3E
:1007B00006D1B1F5885F14BF6FF086000020704746
:1007C000B3F1707F0BD101F4E043B3F5005F06D1C4
:1007D00011F4E06F0CBF6FF08600002070476FF0DF
:1007E000860070470000C07F8A4270B506460D46FD
:1007F00000F0ED80784922F4FF7323F001038B426F
:1008000013D022F0FF0001F5885188420DD0734CBF
:1008100022F47F7121F00301A14206D07049884281
:1008200003D001F574518B422CD16E4B25F0FF01A2
:1008300099420FD115F0FF000BD06B4B40F00070C8
:10084000984240F0C68082EA0500FF288CBF002055
:10085000012070BD654B9942ECD0A3F588539942B5
:10086000E8D025F4FF7323F00103B3F1062FE1D0A4
:100870005B488142DED05E498B42DBD0A1F58441EA
:100880008B42D7D005F0FE43B3F1A06F13D102F035
:10089000FE43B3F1A06F40F0888082EA050333F491
:1008A0007E1340F082802E047FD5C5F30540C2F34D
:1008B00005429042CAE74F498D420BD14E4B9A42B6
:1008C00000F085804D4B22F47E10984214BF00202A
:1008D0000120BEE7B3F1407F67D102F0FE43B3F1E0
:1008E000407F62D182EA050030F47E145DD131464A
:1008F0002846FFF759FF00286BD1414B12F47C11B9
:1009000003EA020318D0B3F1607FC2F305413DD181
:100910003C48D3B243F0007383423BD003F17E43A3
:10092000043B112B01D83848C45C15F47C1FC5F377
:10093000054331D18C42C9E7B3F1607F0DD1314815
:10094000D3B243F0007383421ED003F17E43043BD5
:10095000112BDDD82D49C95CDAE7B3F1707FE4D102
:1009600006F4E043B3F5005F03D1C6F3022301218F
:10097000994006F4E043B3F5005FD6D1C6F30226F2
:10098000012000FA06F4D0E71021C1E7B3F1707F2F
:10099000CBD1EEE71024C8E712F47C1F01D1A342AB
:1009A00015D02C0401D58B4250E725F0004323F4E9
:1009B0007F03B3F1106F0CD102F0FE43B3F1106F5F
:1009C00007D11348104040F01060A8427EE7012094
:1009D0003FE700203DE700BF0002000600040006DC
:1009E0000009000600030006FF00000200130006D5
:1009F000004600060093C0040013C0040001400537
:100A00000000C07F0300000279E6020079E60200E0
:100A10000000FFF62DE9F843884617461C4600F013
:100A200013FC054688BBD8F80060B6F8009009F4BE
:100A3000E043B3F5804FB36808BF27F0010737EAFA
:100A400003031AD10CB3274B24F0FF029A421FD1A3
:100A500014F0FF0304D0244A43F00073934236D0CD
:100A6000F16822464846FFF7BFFE074668B931697C
:100A700022464846FFF7B8FE90BB6FF0840500237E
:100A8000C8F80030304600F013FC2846BDE8F88373
:100A9000164B9A42DCD0A3F588539A42D8D024F45E
:100AA000FF7323F00103B3F1062FD1D010498A421E
:100AB000CED0104A9342CBD0A2F584429342C7D005
:100AC00004F0FE43B3F1407F04D12304C8D56FF096
:100AD0008605D4E7B3F1A06FF7D0034B9C42BEE785
:100AE0003D46D2E700030006FF00000200130006A7
:100AF000000900060046000670B5114B05461B684C
:100B000010480E469847044618B16FF08F042046EF
:100B100070BD6B6933602B7F012B04BF02232B77E1
:100B2000094B18BF30601B68064818BF6FF0960469
:100B300098470028EBD0002CE7D06FF09604E6E74A
:100B40005C090020DC0600205809002038B500F0C0
:100B5000FE43B3F1407F04460D4602D06FF086009D
:100B600038BDFFF721FE0028FAD114F47C1F12D003
:100B7000C4F30543032B137022D9284A2240B2F153
:100B8000607F3DD1264AE4B244F0007494422BD1F8
:100B9000102BE5D9E2E7214B2340B3F1607F15D15B
:100BA0001F49E3B243F000738B4202D1102313704C
:100BB000D6E703F17E43043B112B04D900231370C5
:100BC0006FF08500CCE71749CB5CD3E7B3F1707FBA
:100BD000F4D101F4E043B3F5005FEFD1C1F302219A
:100BE00001238B40DBB2C5E704F17E44043C112CA9
:100BF000B4D80D4A125D9342B0D8142BB0D9DFE7B8
:100C0000B2F1707FAAD105F4E042B2F5005FA5D140
:100C1000C5F302250122AA40EDE700BF0000C07F16
:100C20000300000279E6020079E602002DE9F341B3
:100C3000002313604768D0F8148004460E463846F7
:100C400011460BF09DF8054688B938460BF09AF826
:100C5000054660B9FFB277B9B8F1000F05D1A368B6
:100C600023F0031323F47F4363B16FF08605284616
:100C700002B0BDE8F081606901210BF05BF800284B
:100C8000EDD1F2E762884FF6F8739A4227D8154BF8
:100C900015481B682779984710B16FF08F05E6E774
:100CA00007B901A8314600F087FA104B05461B68CA
:100CB0000D48984710B1002DD9D1EEE7002DD6D1BF
:100CC0000FCCD6F800C066460FC694E8070086E849
:100CD0000700002FCBD1019BCCF81430C7E76FF091
:100CE0008505C4E75C090020DC06002058090020C7
:100CF00010B5044660B1074B07481B68984720466B
:100D00000AF0C7FD054B04481B68BDE810401847B2
:100D100010BD00BF5C090020DC060020580900203F
:100D200037B50446C0B101A900F08EFA044698B95F
:100D3000194B1A481B681A4D9847F0B90198037F60
:100D4000032B11D10BF007F82B6804461348984782
:100D500028B10CB96FF08F04204603B030BD002CD1
:100D600008BF6FF08704F7E7022B12D10323037744
:100D70000379FF2B08BF6FF0840401980AF0EBFFA2
:100D80002B68002818BF0446044898470028E3D081
:100D9000DFE76FF09604F0E75C090020DC06002036
:100DA000580900202DE9F0411F4688B01646002260
:100DB00003880796CDE90422054688463A60002E4E
:100DC00062D0B6F1005F80F09E8023F0FF03B3F5A0
:100DD000E24F02D0B3F5824F22D128460AF03AFC06
:100DE0000446002840F08380EB686BB16A885AB1F2
:100DF0002B8803F44F41B1F5824F05D1DBB2222B92
:100E000037D02DD8122B39D0424608EB06010023EB
:100E100012F8010B914243EA0003F9D1002B33D0C1
:100E200005AA04A92846FFF701FF0446A0B9049BC0
:100E30009B6A63B3049B5A88069206AA029203F146
:100E4000280201929A6A00925B6A3246414628461D
:100E50000AF0CAFF044678B30498FFF749FF46E05A
:100E6000273BDBB21B2BCFD8284921FA03F3DB0742
:100E7000CAD50732B6EBD20FC6D205E040F209233D
:100E80009A42F6D1402EBFD86FF086042FE06B68EF
:100E90001B0A07D1079904980AF0BBFC04460028F6
:100EA000C8D0D9E707AB3246414628460AF074FF5E
:100EB00004460028EED0CFE70499069B4A88D2B9B1
:100EC0004B80069A04984FF6F8739A4218D82B88EC
:100ED00013B102889A4210D16B8813B142889A42AA
:100EE0000BD13946FFF708FE04460028B4D120464E
:100EF00008B0BDE8F0819A42E3D06FF08604ABE71A
:100F00006FF08504A8E76FF08504F0E70102000C9C
:100F100038B504460D46FFF721FC30B12A4621467C
:100F20000348BDE838400BF011B86FF0880038BDB9
:100F3000F444002070B51D4E1D4C33681D48984781
:100F40002378590744BF23F00403237023789A07BA
:100F500005D500F017F9237823F002032370164D0E
:100F600014482B689847336814489847637813B13E
:100F700013480AF0FCFF0023042111486370FFF7B7
:100F8000E1FB2B680D48984733680A489847237857
:100F9000DB0705D50AF0FFFE237823F00103237059
:100FA0002B680448BDE87040184700BF5C0900206A
:100FB000F0440020D406002058090020CC06002070
:100FC000F44400202DE9F041FFF7C8FB18B10024DC
:100FD0002046BDE8F081364F36483B6898470446C6
:100FE00020B16FF08F04FFF7A5FFF1E7324D2B78AA
:100FF000D80706D40AF0CDFE2B7843F0010304464F
:101000002B702E4E2B483368984710B1002CE8D037
:10101000E9E7002CE7D13B682648984704460028BA
:10102000DFD12B78990706D400F0A4F82B7843F091
:10103000020304462B7033681E4898470028E5D108
:10104000002CD0D13B681B4898470028C9D1336891
:10105000184895F8008098470028C2D13B68184886
:10106000984704460028BCD16B7843B918F0010FAB
:1010700005D014480AF068FF022304466B703368F9
:101080000F4898470028C1D1002CACD13B680948D3
:1010900098470028A5D12B7806485A075CBF43F033
:1010A00004032B7033689847002890D099E700BF5D
:1010B0005C090020D4060020F044002058090020DC
:1010C000CC060020F444002038B5074C074B2046DE
:1010D0001B689847064B93F88055064B20461B68C3
:1010E0009847284638BD00BFD40600205C09002080
:1010F000F84400205809002000F140421F2A38B56A
:1011000004460D460CD81A4B2C2101FB02331A7FE2
:10111000022A02D15A69824218D06FF08B001FE078
:1011200001210AF007FEE0B1114A00201346117FA9
:10113000022902D15169A14205D00130202802F1D3
:101140002C02F4D1E9E72C2202FB00331A7F022A99
:101150000AD11A6A511C07D001321A6200202B6092
:1011600038BD6FF08700FBE76FF09600F8E700BF2F
:10117000F8440020024B012283F8802500207047AC
:10118000F84400202DE9F0410A4C002526464FF096
:1011900001080327C4F820802777204601350AF08C
:1011A00078FB202D04F12C04F4D1002386F880353F
:1011B000BDE8F081F8440020F8B506460F46FFF779
:1011C00083FF002835D01E4B002422461D46197F80
:1011D000F9B13CB9022905D1196A19B9197900295F
:1011E00018BF1C460132202A03F12C03EFD114B999
:1011F0006FF08C000BE0237F022B04D1236A5A1C72
:101200001CBF0133236220460AF043FB10B10024C7
:101210000DE01C46237F7BB90123237736B1094BB0
:10122000651BAD105D4305F18045356000203C60D5
:10123000F8BD6FF08800EAE76FF09600E7E700BFBF
:10124000F8440020A38B2EBA002370B50B6004462F
:101250000D46FFF739FF08B3124B13481B68984738
:10126000064618B16FF08F04204670BD204629460F
:10127000FFF742FF10F18C0F0C4B044607D01B68A0
:10128000094898470028EFD0002CEDD1EAE72E60FE
:101290001B68054898476FF08704E5E76FF08804FE
:1012A000E2E700BF5C090020DC06002058090020AE
:1012B00010B50B4B04461B680A48984718B16FF0ED
:1012C0008F04204610BD20460AF045FD064B04461B
:1012D0001B68044898470028F3D0002CF1D1EEE7B2
:1012E0005C090020DC0600205809002070B40A4E7A
:1012F0004568DCB244F00074B4424FEA152503D0CF
:1013000035B970BC00F0A4B86FF0850070BC7047B0
:101310006FF08600FAE700BF05000002F7B5089EEF
:101320000D4FF5B2044645F000754868BD424FEADE
:1013300010200AD060B9009604F1080000F054F8BB
:1013400008B91C23236003B0F0BD6FF08500FAE7F5
:101350006FF08600F7E700BF05000002F7B5089EB2
:101360000D4FF5B2044645F000754868BD424FEA9E
:1013700010200AD060B9009604F108000AF0F5FECA
:1013800008B91C23236003B0F0BD6FF08500FAE7B5
:101390006FF08600F7E700BF050000027FB500246C
:1013A000C0F848410F4C009405460AF073FD04460E
:1013B00098B903AB102205F59C7601930092334651
:1013C00005F5947128460AF078FD044628B93046A0
:1013D0000AF0F9FD204604B070BD28460AF079FDF8
:1013E000F8E700BF004440042DE9F0411E46069B8B
:1013F0001746154A23F47E13934204460D461BD12B
:101400000B88B3F5105F17D1A6F11002102A17D878
:101410000E4BD340DB0713D54FF4A67200210AF020
:10142000CDFF022384F84C313A4633462946204604
:10143000BDE8F041FFF7B2BF6FF08500BDE8F08175
:101440006FF08600FAE700BF0002C003010101004F
:101450002DE9F04323F47E16124BDDF82C909E42CA
:10146000DDE9077CDDE909E815D10388B3F5105FF4
:1014700011D1A2F11004102C11D80B4D25FA04F44F
:10148000E3070CD5CDE90989CDE907CE3B46BDE898
:10149000F0430AF041BE6FF08500BDE8F0836FF0C5
:1014A0008600FAE70002C0030101010073B50C4693
:1014B00011461A462388069EB3F5105F054619D1DA
:1014C000A2F11004102C12D80C4BE340DB070ED510
:1014D0000B4B9E420ED100240094234600F06CF882
:1014E00085F81C41C5F81861204602B070BD6FF048
:1014F0008600FAE76FF08500F7E700BF0101010001
:10150000004440042DE9F04116461F46D0F818214A
:101510000E4B9A420546884611D1314600F06CF8D0
:10152000069B984204460DD8334628464246394623
:1015300000F070F8079B00201C60BDE8F0816FF0A0
:101540008500FAE76FF08900F7E700BF0044400428
:1015500070B5184E049C4588B34202D06FF08500E8
:1015600070BDEE1DB2EBD60F4FEAD60302D06FF07E
:101570008600F5E7079A934218D8089A1360008806
:1015800047F212129042E9D1059A5B00013393426F
:10159000EDD12378042BEAD1B5F5807FDED1069812
:1015A000621C00F067F90028DAD0E0E76FF08900EC
:1015B000D6E700BF00000209F8B5069F04461D46A5
:1015C00061B11646AFB9DFF79BFF002384F81161C4
:1015D00084F8103184F8127184F8133145B1102267
:1015E000294604F1F0000AF0C1FE012384F813310A
:1015F000F8BDE0F719F9E8E751B190F8103190F82B
:1016000012210B4402F001029B1A23F00F007047D5
:10161000084670472DE9F04F044687B090F8120154
:1016200094F810910090002B55D0924600F00108DC
:10163000C9F110021E4608EB0203B34204F580779D
:1016400000F2C4800D46002A40F0B380009B002BBE
:101650006AD194F8133104F1F009C846002B40F028
:10166000C18094F81131224639464846DFF7F4FD2F
:101670000F2E40F2CE80A6F1100323F00F0310339B
:10168000019305EB030BD04694F813C11023414698
:101690004A463846BCF1000F20D0E0F7F7FA102296
:1016A000494628460AF062FE103594F81131224668
:1016B00039464846DFF7D0FD5D4508F11008E3D113
:1016C00016F00F0621D184F81061C8461022414659
:1016D00058460AF04BFE07B0BDE8F08F10220AF022
:1016E00045FE1022494628460AF040FE103594F87F
:1016F0001131224639464846DFF7AEFDAB4508F1C9
:101700001008C1D116F00F06DDD0019B9A44514656
:10171000384632460AF02AFE009B84F81061002BFE
:101720007DD00DF10808D1E794F8113122463946F1
:1017300002A8DFF727FF94F81331002B5BD1B8F133
:10174000000F0CBF4FF010094FF011094E4529D37F
:1017500004F1F00801E04E4524D3514610223846EA
:1017600092440AF003FE102202A928460AF0FEFD68
:1017700094F811312246394602A8DFF703FF94F8A6
:101780001331103E1035002BE5D002A90846424621
:101790001023E0F77BFA1022394640460AF0E6FDB6
:1017A0004E45DAD22EBB84F81061AB460DF1080825
:1017B0008CE7514607EB090092440AF0D7FD009BE5
:1017C000103E4E44002B3FF444AFADE707EB090059
:1017D000514632460AF0CAFDB14484F8109107B070
:1017E000BDE8F08F10234A4639463846E0F74EFAF6
:1017F00037E7AB468BE702A904F1F0094A460846F1
:101800001023E0F743FA4846102239460AF0AEFDAD
:1018100095E7002EEDD184F81061AB4656E704F150
:10182000F00952E700B589B00146684600F03CF87F
:1018300009B05DF804FB00BF00B591B001466846F1
:1018400000F06AF911B05DF804FB00BF30B599B043
:101850000546684600F028F86946044608A800F0E6
:1018600053FA08A90443284600F08AF9204619B023
:1018700030BD00BF70B598B005466846164600F00A
:1018800013F83146044608A800F046F908A96A464C
:101890000443084600F082F908A90443284600F0F2
:1018A0006DF9204618B070BD70B50B68124E1BBAAA
:1018B000C3614B681BBA83618B681BBA4361CB68F9
:1018C0001BBA03610B691BBAC3604B691BBA836007
:1018D0008B691BBA4360CB691BBA32460360014671
:1018E0000446DFF7C3FF3146054602462046DFF7D0
:1018F000DDFF681E70BD00BFB8D502002DE9F041C4
:1019000088B00C46064602F12001684606F1200721
:101910009046E0F7A5FA6A4669466846E0F7C2F9DC
:1019200069463846E0F79CFA3A463946384604F1AB
:101930002005E0F7B7F96A4669466846E0F7B2F96C
:1019400041462846E0F78CFA6A4641463046E0F7C1
:101950006FFA2A4629466846E0F7A4F92A466946FE
:101960006846E0F79FF9124A69466846E0F79AF937
:1019700069462046E0F774FA324621462046E0F7F1
:10198000CFF9324621462046E0F7CAF922463146D1
:101990002846E0F7C5F96A4629462846E0F748FA9E
:1019A0003A4629462846E0F7BBF908B0BDE8F08181
:1019B00098D60200F0B599B004460D460A46014695
:1019C0006846E0F7ADF969466846E0F749FA6A46C5
:1019D000214608A805F1200604F12007E0F728FABF
:1019E0006A4629466846E0F723FA3246394610A887
:1019F000E0F758F9324639463046E0F791F931467A
:101A00002846E0F72DFA6A4608A92046E0F74AF989
:101A1000224629462846E0F783F96A4608A968461F
:101A2000E0F77EF96A4639463846E0F701FA2A4679
:101A300008A96846E0F774F96A4631463046E0F78F
:101A4000F7F93A4631463046E0F76AF910A9684698
:101A5000E0F706FA224669462046E0F761F908A950
:101A600022460846E0F75CF910A908AA0846E0F704
:101A7000DFF93A4610A93846E0F752F919B0F0BD3F
:101A80002DE9F04188B00C46054690460A460146CD
:101A90006846E0F745F969466846E0F7E1F96A46C5
:101AA0002946284604F12006E0F7C2F905F120078F
:101AB0006A4621466846E0F7BBF932463946304669
:101AC000E0F72EF931462046E0F7CAF92A462146CA
:101AD0002046E0F725F96A4621462046E0F720F93E
:101AE0006A4629464046E0F71BF9424639463846E1
:101AF000E0F79EF9224629466846E0F711F96A4662
:101B000031463046E0F794F93A4631463046E0F740
:101B100007F908B0BDE8F08170B500F1200690B07B
:101B20000D46044600F014F905F12001304600F09E
:101B30000FF9214608A8E0F793F908A908460D4ACD
:101B4000E0F7B0F808A922460846E0F771F908A9BD
:101B5000094A0846E0F7A6F831466846E0F780F9FA
:101B6000202269460DEB0200E0F76EF8013810B054
:101B700070BD00BF98D6020078D6020000F002B90E
:101B800038B504460D4600F0FDF805F1200104F1DA
:101B90002000BDE8384000F0F5B800BF2DE9F0475F
:101BA0001346B8B0544A89468046194610A8DFF754
:101BB0005DFE5249024610A8DFF778FE179E4E4997
:101BC00000EAD6760746C6F1010210A8DFF76EFEDE
:101BD000179B4A466FEA030A28A918A8FFF78EFE4A
:101BE0004FEADA7A20A9CAF10102084600F092F819
:101BF000C7F10107FE246A4618A928A8FFF740FF8D
:101C0000631138AA02EB830304F01F0253F8A03CCF
:101C1000D340554603F0010A8AEA05052A4628A959
:101C200018A8DFF79FFE2A4630A920A8DFF79AFE02
:101C3000013C28A918A8FFF7BDFE631CDBD1CAF13F
:101C4000010220A908A800F065F886EA0A066A469B
:101C500018A928A8FFF714FF28A9324618A8DFF70B
:101C600081FE324630A920A8DFF77CFE08A96A462B
:101C70000846E0F7DDF808A9084600F09DF808A935
:101C800008F1200409F120020846E0F7D1F820A964
:101C900008AA2046E0F7CCF808AA18A96846E0F799
:101CA000C7F869466846E0F7DBF818AA694608A84D
:101CB000E0F7BEF821466846E0F7D2F808AA694680
:101CC0001046E0F72DF80E4A08A96846E0F728F814
:101CD00020462021DFF7CCFF08A90246444268468F
:101CE000DFF740FE4046074A6946E0F7A1F83C436B
:101CF000204638B0BDE8F087F8D5020018D60200BB
:101D000078D60200D8D502000A460149FFF746BF3F
:101D100038D6020070B588B004460D46164600213C
:101D2000202268460AF04AFB00232946202220464A
:101D300000930AF01BFB2A4669466846DFF7F0FF6E
:101D4000324669462046DFF70DFE08B070BD00BF81
:101D50000B681BBAC3614B681BBA83618B681BBAE3
:101D60004361CB681BBA03610B691BBAC3604B6943
:101D70001BBA83608B691BBA4360CB691BBA0360D3
:101D8000704700BFCB691BBA03608B691BBA436005
:101D90004B691BBA83600B691BBAC360CB681BBA63
:101DA00003618B681BBA43614B681BBA83610B6884
:101DB0001BBAC361704700BF70B598B00D460646A8
:101DC00010A8E0F74DF82A4610A96846E0F730F869
:101DD000694610A8E0F744F810A90846E0F740F873
:101DE0006A4610A908A8E0F723F808A910A8E0F7A8
:101DF00037F810A90846E0F733F810A90846E0F7CD
:101E00002FF810A90846E0F72BF810A908AA0846F1
:101E1000E0F70EF810A90846E0F722F810A90846E6
:101E2000E0F71EF810A96A4608A8E0F701F80524B3
:101E300008A910A8E0F714F810A90846E0F710F870
:101E4000013C10A9F5D108AA0846DFF7F1FF0524E7
:101E500010A90846E0F704F810A90846E0F700F8D2
:101E6000013CF5D110A908AA0846DFF7E1FF10A947
:101E700008A8DFF7F5FF08A90846DFF7F1FF08A972
:101E80006A466846DFF7D4FF1024694610A8DFF7DA
:101E9000E7FF10A90846DFF7E3FF013C10A9F5D1E1
:101EA0002A460846DFF7C4FF402410A90846DFF79A
:101EB000D7FF10A90846DFF7D3FF013CF5D110A9E1
:101EC0006A460846DFF7B4FF102410A90846DFF77A
:101ED000C7FF10A90846DFF7C3FF013CF5D110A9E1
:101EE0006A460846DFF7A4FF102410A90846DFF76A
:101EF000B7FF10A90846DFF7B3FF013CF5D110A9E1
:101F000008AA0846DFF794FF2A4610A93046DFF7F3
:101F10008FFF18B070BD00BF014B1B68184700BF92
:101F200080090020014B9B68184700BF80090020F2
:101F3000014BDB68184700BF8009002010B50C4C2E
:101F4000236813B10B4B1B682BB900F029FE30B985
:101F5000084B01221A6001232360002010BD0138C4
:101F6000062801D9044810BD044B53F8200010BDC9
:101F7000804A00207C4A0020FE8FFFFFB8D6020076
:101F8000BFF34F8F0549064BCA6802F4E062134362
:101F9000CB60BFF34F8F00BFFDE700BF00ED00E057
:101FA0000400FA0510B4094B09490A4C4FF0FE32FF
:101FB000C3F800244968C3F80424C3F80824C3F80C
:101FC0000C240023C4F8003510BC084700B00250B0
:101FD0006409002000A00250D0E90012014BC3E9BF
:101FE00000127047640900202DE9F043134B144E92
:101FF000002814BF04461C4683B02368B34219D09E
:102000000D4620464FF4E07104F10409174604F52B
:102010008E7800F0E9F8484600F0ACFC404600F04D
:10202000DBFA084900972B464A46404600F0EAFA98
:1020300008B92660002003B0BDE8F083844A002080
:10204000A5BCC95AFD29020070B51D460C4B0028DD
:1020500018BF03460B481E68864282B00DD1002689
:1020600003F58E7000963346144600F017FB0028E7
:1020700018BF34462C6002B070BD0348FBE700BFB8
:10208000844A0020A5BCC95AE88FFFFF10B504465A
:1020900050B1636813F0685F05D0064A934202D0DE
:1020A00000232360626010BD034B04485B689847BF
:1020B000EFE700BF2C5F5CA964090020D4D60200C2
:1020C000C8B143680D4A934213D013F0685F0ED035
:1020D000012350E8002F194640E8001C9CF0000F37
:1020E000F7D1012AF5D0BFF35F8F00207047044875
:1020F0007047044870476FF4E04070472C5F5CA95C
:10210000E98FFFFFEA8FFFFF80B14368094A9342DE
:102110000AD013F0685F05D0BFF35F8F0023036020
:102120001846704704487047044870476FF4E04011
:10213000704700BF2C5F5CA9E98FFFFFEA8FFFFFAC
:1021400010B5044620B1044B63600022226010BD2C
:102150000248FFF727FFF6E73A00003AFCD60200F4
:1021600070B5D0E90023174C174D6360D0E90230F9
:10217000C4E9023022604868D1F800C0134BC3E9BB
:1021800000C0D5F81801D1F808C0C3F808C010F095
:10219000685FD1F80CC00969C3F80CC0196110D090
:1021A0000B49C5F8BC110023C5E9453105F58A7016
:1021B000C5F8B8319047236805F5DC70BDE870407C
:1021C000184770BD80090020844A00206C09002057
:1021D0002C5F5CA938B131B10144002203460130C3
:1021E00081421A70FAD1704738B131B101440022EE
:1021F0000346013088421A70FAD170472DE9F04F3A
:10220000B2F5C07FB5B000F2D780DFF8B4911446C4
:102210000D464FF4D07200210DF15C080746484688
:102220000AF0CCF8404601F03FF9002309F1180606
:10223000A9F8103063BA29462246A9F81230304670
:10224000202389F817300AF091F85E4B079303F1C9
:1022500004338022089303F104330993325503F1C8
:10226000043307A940460A9301F034F98246002856
:102270007FD104F119030BAE0FAC029303970196C3
:1022800004940198DFF840B1102200210AF096F87A
:10229000DDF808A005940E9B5BF8044C5BF80C7C01
:1022A0000B995BF8100C5BF8085CDDE90C625C4094
:1022B000019B7E40554081EA00071A4601214046B5
:1022C000CDE90B76CDE90D5401F01EF9BAF1100FEE
:1022D00094BFAAEB0A0AAAF1100A0BF1100B00280E
:1022E00065D1BAF1000FD6D1059C01992046102284
:1022F0000AF03CF899F8033010340133A04589F80E
:102300000330BED1049C039F019E8022214640469B
:1023100001F0E0F8824670BB07F120093D4613AB9F
:102320001A460121404601F0EFF81022824613A917
:1023300028461544BAF1000F1DD10AF017F84D4593
:10234000EDD1404601F0C0F81D484FF4D071FFF7C1
:102350004BFF20462021FFF747FF07A81021FFF77A
:1023600043FF30461021FFF73FFF504635B0BDE830
:10237000F08F0FAC0BAE404601F0A6F810484FF4BA
:10238000D071FFF731FF20462021FFF72DFF07A86E
:102390001021FFF729FF10213046FFF725FF2021EC
:1023A0003846FFF721FF504635B0BDE8F08F039F58
:1023B000019E049C8246DEE76FF0370AF3E700BF18
:1023C000544C002000010203644C00202DE9F04130
:1023D00088B004460D4620220021684609F0EEFF31
:1023E00004F120066F46E27B0132D2B2E273002A8A
:1023F0004DD1A27B0132D2B2A273002A47D1637BB6
:102400000133DBB26373002B41D1237B0133DBB299
:102410002373002B3BD1E37A0133DBB2E372002B51
:1024200035D1A37A0133DBB2A372002B2FD1637AAB
:102430000133DBB2637253BB237A0133DBB2237205
:102440002BBBE3790133DBB2E37103BBA379013327
:10245000DBB2A371DBB963790133DBB26371B3B96A
:1024600023790133DBB223718BB9E3780133DBB21B
:10247000E37063B9A3780133DBB2A3703BB963782F
:102480000133DBB2637013B92378013323703B4609
:1024900022460121304601F037F8804650BB103704
:1024A00008AB9F429FD1029AAB68039F07995340A4
:1024B00002933046EE68009B7E400396049F2E698F
:1024C0007E4004966E69059F7E400596069FAE6924
:1024D0007E400696EE697140079129684B40009353
:1024E00001996B6880224B406946019300F0F2FF2E
:1024F000804638B168462021FFF776FE404608B096
:10250000BDE8F08110220DEB0201204609F02EFFFC
:10251000F0E700BF2DE9F84304468069B0F5C07FBD
:1025200052D81D46C0F5C073AB424DD3C5F5C0733C
:102530001B1A9342164647D3DFF898904FF4C072A7
:102540000F464846002109F039FFD4F89430A269BB
:10255000D4F8980049469847002838D1D4F8188014
:102560003DB1D4E925302A4609EB0801984770BBF4
:10257000A84407B1C6B9174942460846FFF73EFED0
:10258000054638B113484FF4C071FFF72DFE2846B9
:10259000BDE8F8830F492046FFF718FF05460028DD
:1025A000F0D101232361EDE709EB080039463246FB
:1025B00009F0DCFE0749B04442460846FFF71EFE1C
:1025C00005460028DED1E5E76FF03705DFE76FF05D
:1025D0003305DCE7F44D002010B5A42204460021A9
:1025E00009F0ECFE064B4FF0FF314FF6F07221611F
:1025F000E26104F19C001B68BDE81040184700BF71
:10260000600900202DE9F04385B005460F461646C7
:10261000002110226846994609F0D0FE1D4B05F1B5
:102620009C081B684046984720B10446204605B0E8
:10263000BDE8F08305F12004204600F035FFAA69CB
:10264000C5E925762E69E2B92022002EAA611FDB9A
:1026500020466946802200F03DFF044630B90C9ABE
:10266000334649462846FFF755FF04460A4B404685
:102670001B689847002818BF0446204605B0BDE8EF
:10268000F083002EE4DA172A02D801325608DFE779
:102690000026DDE75C090020580900202DE9F04FF5
:1026A0008DB0B2F5806F169F00F2E380B7F5807FA2
:1026B00000F2DC80044615460E462022002104A8C4
:1026C000984609F07BFE6C4B04F19C091B68484658
:1026D00098478346002840F092802269E3699A4235
:1026E00000F391806369002B40F08D80002F40F053
:1026F000A980DFF888A16F46002D00F0988004F1D2
:1027000020086F460EE0102DAB4628BF4FF0100B8F
:1027100030465A46394609F029FEB5EB0B055E44B2
:1027200000F08580E37B0133DBB2E373002B4DD1F6
:10273000A37B0133DBB2A373002B47D1637B01334F
:10274000DBB26373002B41D1237B0133DBB22373F4
:10275000002B3BD1E37A0133DBB2E372002B35D19E
:10276000A37A0133DBB2A372002B2FD1637A01333A
:10277000DBB2637253BB237A0133DBB223722BBB10
:10278000E3790133DBB2E37103BBA3790133DBB23D
:10279000A371DBB963790133DBB26371B3B9237918
:1027A0000133DBB223718BB9E3780133DBB2E37021
:1027B00063B9A3780133DBB2A3703BB9637801330B
:1027C000DBB2637013B92378013323703B46224692
:1027D0000121404600F098FE8346002893D0DAF8A5
:1027E0000030484698472021034604A8002B18BF14
:1027F0009B46FFF7F9FC10213846FFF7F5FC5846D9
:102800000DB0BDE8F08F3A46414600232046FFF761
:1028100081FEDFF868A000283FF46DAFDAF80030E1
:1028200048469847834600283FF465AFE7E704A988
:102830002046FFF7CBFD83460028D0D12369013322
:102840002361CCE73A46414604A8FFF7D7FC83460C
:1028500018B1DFF828A06F46C1E704A92046FFF7AA
:10286000B5FD834600283FF444AFF2E76FF0370B25
:10287000C5E76FF0350BC2E75C090020580900205E
:102880002DE9F043202B8BB01D4606468846914625
:1028900026D8DBB202AF8DF80480B0468DF8053043
:1028A00058F8041B21B9404600F072FE044640B9B6
:1028B00001233360022201A9404600F07DFE044658
:1028C00038B138462021FFF78FFC20460BB0BDE819
:1028D000F0832A464946404600F06EFE0446F0E783
:1028E00002AF1946104600233A4600F0EBFF0446BB
:1028F0000028E6D12023B9461D46CCE7F0B5D0F834
:10290000F830A7B0002BD8BF02AE2CDDD0F80C41B8
:102910000546002302AE0193A4F10107D0F800019F
:10292000D5F8FC4001AB90223146A047B7FA87F7B3
:102930007F09044610B9019B3BB9A7B130469021ED
:10294000FFF752FC204627B0F0BD0146324628462C
:10295000FFF796FF50B9D5F80431019A1344C5F832
:102960000431002FEAD16FF03C04E7E7044620462B
:1029700027B0F0BD70B50025044604F58876142212
:102980002946C0F8F850FC3009F018FD0822294605
:10299000304609F013FD154B30461B68984720461A
:1029A00040F8045B00F0DAFD114B30461B68984795
:1029B000D8B9D4F8F830AB4211DC03EB830204EB56
:1029C00082022021C2F808110121C2F80C11013342
:1029D0000849C2F80001C2F8FC10C4F8F830064BF0
:1029E00030461B68BDE87040184770BD6009002084
:1029F0005C090020AD330200580900202DE9F047A2
:102A0000202A88B079D83E4B00F588791B680446A7
:102A100048461746884698470546F8B9D4F8F8302E
:102A200040F20116002B64D02046FFF767FF0546F1
:102A300038B9D4F8F830002B14DC013EF2D16FF035
:102A40003B056E4620213046FFF7CEFB2D4B484616
:102A50001B689847002818BF6FF01D05284608B06E
:102A6000BDE8F087D4E94132934203D3D4F80C2176
:102A7000012A02D0013ED7D1E1E71F2BFAD96E46D9
:102A800001462022304604F1040A09F097FC314641
:102A9000504600F0BBFD05460028D3D1504600F05B
:102AA00071FD504600F05AFD2946504600F070FD79
:102AB00005460028C6D150462022314600F07CFD54
:102AC00005460028BED1034632462021304600F09C
:102AD000F9FE05460028B5D1D4F8F830002BC4BF64
:102AE0000023C4F804313A464046314609F03EFC22
:102AF000A8E76FF03F056E46A4E76FF03B05ADE732
:102B00005C0900205809002030B58DB00021282232
:102B100002A8019109F052FC02A800F0FBFE044655
:102B200010B120460DB030BD174D4FF0FF31286871
:102B300000F044F9044620B11448FFF733FA012CA1
:102B400018D0002000F06AF9D0B9114A02A901A8F2
:102B500000F01EFC0446012000F060F960B928680E
:102B600000F034F90028DCD00A48FFF71BFA2046B1
:102B70000DB030BD0524F2E70748FFF713FAEEE782
:102B80000648FFF70FFAE0E7B409002020D702005B
:102B9000744F002078D7020058D7020038D70200BF
:102BA00030B583B000F05CF828B100F0ABF8032436
:102BB000204603B030BD00F077F8D8B900F02EF908
:102BC000E0B9224CD4F828391B0EF02B0AD1D4F8E6
:102BD000242A1F4B9A4231D000F044F8072400F019
:102BE00091F8E5E700F03EF800F08CF80624204666
:102BF00003B030BD0424204603B030BD00F032F8ED
:102C000000F080F8FFF780FF044698B9114D2B685B
:102C1000002BCDD102460146FFF7E6F950B90E4927
:102C200001AB6822FFF710FA20B90C4B2B6020464D
:102C300003B030BD0524204603B030BD012000F0B4
:102C4000EDF80028DAD1C4F80C0ADBE700B0025036
:102C50000000E02094510020985100205AEA5A5A6E
:102C60000020704700207047430504D5044B4FF007
:102C7000FF32C3F80821024BC3F8080A704700BFAF
:102C800000B00250014BC3F8040A704700B0025074
:102C900008B100F06BB84FF47500704708B100F050
:102CA0004FB84FF47500704710B5114800F072F836
:102CB00000B110BD0F4800F06DF80028F9D10E4C9E
:102CC000204600F067F80028F3D10C4B0C481C603C
:102CD00000F060F801460028EBD100F02DF8044622
:102CE00008B1204610BD00F07BF82046FAE700BF8F
:102CF000C4090020C0090020BC090020B40900203C
:102D0000B809002008B5084800F04EF8074800F060
:102D10004BF8074800F048F8064800F045F8BDE8D1
:102D2000084000F00BB800BFC4090020C009002013
:102D3000BC090020B809002000207047704700BF80
:102D400010B4094C0246D4F8003A1342FBD021B12A
:102D5000D4F804310B60C4F80831034BC3F8082AD7
:102D6000002010BC704700BF00B00250044AD2F8E7
:102D7000003A1842FBD0C2F8080A0020704700BF92
:102D800000B0025009F000BB09F018BB0A46002150
:102D900009F014BB08B5034B02681B68106898471C
:102DA000002008BD8009002008B5034B02685B685D
:102DB00010689847002008BD80090020024B026877
:102DC0009B681068184700BF8009002008B5034BB6
:102DD0000268DB6810689847002008BD8009002061
:102DE00070B5094C094D2069AB68984718B1084B7C
:102DF00008485B689847084AEB6820690021116021
:102E0000BDE87040184700BF6C0900208009002011
:102E10006409002090D7020000520020F8B51A4D36
:102E20001A4E0446B26828699047E8B9184F3B68C3
:102E30004CB1A3B1012B19D0013B3B602869F36869
:102E400098470020F8BD43B9124A0121C2F8001585
:102E50001149D1F81029002AFBD101333B60F368F6
:102E6000286998470020F8BD0C48F8BD0A4AD2F8F6
:102E70001039002BFBD1074A6FF07E40C2F80035B5
:102E8000FFF700FF3B68D7E76C09002080090020AE
:102E90000052002000A0025000B00250E98FFFFF56
:102EA0002DE9F047002878D00C46002975D01D4642
:102EB000002B72D007461AB1012200232A6003605A
:102EC0002B68002B64D02946204600F0DBFD8046AD
:102ED00000285FD12868214600F0BAFD804600280E
:102EE00058D12B68082B6CD0042B6DD0A3F10209AC
:102EF000B9FA89F94FEA5919354E0121C6F8C411BA
:102F0000C6F84011C6F8C411636AC6F83031D6F865
:102F100030219342F6D14FF0000A4FF0FF30C6F84F
:102F20002CA1FFF7A1FE6FF01B03C6F8003150463D
:102F3000FFF7A8FEC6F80C91D6F8040A40F48060AA
:102F4000FFF7A0FE0A23C6F83831089B012B29D0D1
:102F50002369204AA2FB03231B09626A02FB03F3D5
:102F600003EB43031A4ADB039B09C2F8D831012360
:102F7000C2F82C313B682A6823F07F4343EA02639E
:102F80003B602A6843EA02233B604046BDE8F08785
:102F9000DFF844804046BDE8F087DFF840804046D7
:102FA000BDE8F0874FF08053D3F80C2C013206D0E7
:102FB000D3F80C3C074AA2FB03231B09CDE71623D9
:102FC000CBE74FF0030997E74FF0020994E700BF02
:102FD00000B00250ABAAAAAA310CF100350CF100E6
:102FE00050B34B1EB3F5047F26D24FF0000C30B522
:102FF000CD00E6466446630904F01F0150F8233013
:103000001F2923FA01F306D003F001031CB90124A0
:103010009E46A446EFE79E4504F1010406D09E4675
:103020004FF0010CAC42E6D1002030BD0CF1010C98
:103030009445F7D1014830BD00487047360CF10087
:10304000C8B32DE9F0434C1EB4F5047F1CD2DBB1AC
:10305000D2B14FF0000ECF007646F046754603F130
:10306000FF396C0905F01F0150F824401F2924FA8C
:1030700001FC0CD00CF0010C4DB90126E0463546A0
:10308000B646EEE7964218D90D48BDE8F083734581
:103090000CD0C44508BF0136F145F3D00EF1010E46
:1030A0000135BD42DDD10020BDE8F0834FF0010EB7
:1030B000E0467646F4E7024870479E46F0E700BFD8
:1030C000370CF1002DE9F04F91B00D46DDE91B41C1
:1030D000824600296ED1286906901A981C60002348
:1030E0000360002A00F02E819C4B6A6AD3F83811E5
:1030F000D3F830319A4269D10A2967D19AF803305E
:10310000089304F1080306990793954B934CA3FB8E
:1031100001239B0803EB4303A1EB43030393042325
:1031200005931A9B069E1E60002E00F0E980002782
:1031300000F0B8FC0997BAF1000F00F0D580DDF877
:103140001C804FF00109002D00F0CE80089B002B61
:103150003ED008A9284600F095FC00283AD0814BC3
:10316000984220D0089B082B00F0E4805B000022EE
:103170000893009208AB29465046FFF791FE7A4B20
:10318000984200F0D38070B9DAF80020130A03F4F3
:103190007F03134323F07F43CAF80030059B013BB4
:1031A0000593BED10020039000F07CFC039811B081
:1031B000BDE8F08F4FF08050D0F80C6C013614BF92
:1031C000D0F80C0C4FF40470069086E76748EAE7E5
:1031D0006548C4E70898294600F03AFC0028BED1AB
:1031E000089B082B00F0A880042B00F0A880A3F116
:1031F0000203B3FA83F35B090493C4F8C491C4F8DF
:103200004091C4F8C4916B6AC4F83031D4F83021CD
:103210009342F6D14FF0000BC4F82CB14FF0FF30C1
:10322000FFF722FD6FF01B035846C4F80031FFF78B
:1032300029FD049BC4F80C31D4F8040A40F48060E2
:10324000FFF720FD0A23C4F838312B69ABF1553B59
:10325000ABFB03236A6A1B0902FB03F303EB430383
:10326000DB039B09C4F8D831C4F82C91DAF800309C
:10327000089923F07F420B0243EA01631343CAF823
:10328000003009A800F0D4FB099B03F01A030343A4
:103290007FF468AFABFB063BD4F814310A93D4F843
:1032A00018310B93D4F81C310C93D4F820310D93C2
:1032B000D4F824310E93D4F828310F93B7EB9B0F39
:1032C00001D1039B93B9404618220AA9183EFFF783
:1032D00059FD08F11808013796B100F0E3FB00230F
:1032E0000993002D7FF432AF214838E74046F61AA3
:1032F0001A460AA998440137FFF744FD002EECD185
:10330000069F079E6A6939463046FFF769FEAA693B
:1033100040B94FF4806339463046FFF791FE0028EC
:103320003FF440AF1A9A0023136018E72B6A002B72
:103330003FF439AF0F4836E7032304935DE70223D8
:1033400004935AE7009108AB012229465046FFF743
:10335000A7FD00283FF4D5AE25E700BF00B002501E
:10336000ABAAAAAA020CF100310CF100300CF1005A
:10337000350CF100320CF10010B4DDE90134019498
:10338000039C02940024039410BCFFF79BBE00BF73
:1033900010B586B005AB0124CDE9012400930022CD
:1033A00004ABFFF78FFE06B010BD00BFF0B587B0CD
:1033B000002966D01E46002B63D01446002A60D038
:1033C000314F0D4638684FF0FF31FFF7F7FC00280A
:1033D0004DD10020FFF722FD002844D12B4800F0FA
:1033E00099FA0346D8B101204FF0FF35FFF716FDDB
:1033F000002834D126484FF40871FEF7EBFE25482B
:103400000421FEF7E7FE21482821FEF7E3FE386895
:10341000FFF7DCFC00282ED1284607B0F0BD1C4A7F
:10342000029205AA019204AA039000921749194832
:103430001A46FFF7A1FF03460028D4D128461D46AF
:10344000059B04999C42224628BF1A4632600831E7
:10345000FFF798FC0120FFF7E1FC0028CAD00E48D6
:10346000FEF7A0FDC6E70D48FEF79CFDB6E70C4849
:10347000FEF798FDADE70B48FEF794FD284607B030
:10348000F0BD4FF0FF35C7E7B40900200852002017
:10349000305200200452002058D7020038D70200D2
:1034A00020D70200B0D7020010B5044630B1002288
:1034B00001236265A265E365236610BD0148FEF73E
:1034C00071FDF4E7C8D7020018B174220021FFF79C
:1034D0005BBC704790B1A1B110B5802A4FF00004D9
:1034E000846380F83C4006D1102204631044FFF747
:1034F00049FC204610BD6FF01F0010BD6FF0210089
:1035000070476FF01F00704728B322B31BB3012927
:1035100021D870B50446816B86B017D0012917D128
:10352000102500210DEB05066163104600950196FC
:1035300002AA294600F0C2FA50B92B46324602A927
:10354000204600F043FD18B906B070BD0029E7D051
:103550006FF02100F8E76FF02100704710B50446C6
:1035600028B12046F421BDE81040FFF70FBC044805
:10357000FEF718FD2046F421BDE81040FFF706BC19
:10358000DCD7020010B1F421FEF724BE704700BF63
:1035900008B521B1012908D06FF0360008BD01211E
:1035A00000F058F80028F7D108BD022100F052F8C9
:1035B0000028F9D0F0E700BF30B505468818B0F50F
:1035C000801FA1B00B46144601D8802A0CD9B3F550
:1035D000801F17D922461946284600F07DF8044678
:1035E00084B9204621B030BD6846FFF7CBFB2246A8
:1035F0006946284600F070F8802104466846FFF7C7
:10360000C5FBEDE76FF03604EBE700BF70B5E8B13E
:103610000E46D9B1044600F031F80546B0B923682A
:10362000012B0BD0022B01D0284670BD1C2204F1C7
:1036300008013046FFF7A6FB284670BD202204F1A2
:1036400008013046FFF79EFB284670BD6FF0360537
:10365000EAE700BF78B138B504460D46F021FFF720
:1036600095FB40232560E365204600F05BFA0038B7
:1036700018BF012038BD0120704700BF70B5056E2E
:10368000A4B0044604AEE5B90122002362603046CE
:10369000CDE9003302AA294600F010FA10B101204A
:1036A00024B070BD2A4602A9204600F063FA002823
:1036B000F5D1204600F074FB0028F0D1206624B03C
:1036C00070BD802D2A4600F1640128BF802230465B
:1036D000FFF758FB256ED7E7002800F0AE802DE9F4
:1036E000F04F1446A5B0002A3DD00F46002949D01E
:1036F000B2F5803F0546006E20D34FF6FF7805F106
:10370000640AEB6D1A1AB2FBF3F103FB1122002AD3
:1037100065D18342B9464FF6FF7672D0B6FBF3FB14
:1037200003FB0BFBBBF1000F30D1002E45D1A4F5FC
:103730007F44FF3CB4F5803F4744E2D2EA6D161A5D
:10374000B6FBF2F302FB1366A64228BF2646002E04
:1037500075D1824200F08D80B4FBF2F602FB06F6D2
:103760002EB9002C79D1002025B0BDE8F08F0023C0
:10377000CDE9003302AA3146384600F09FF900280F
:1037800000F09580012025B0BDE8F08F0023CDE941
:10379000003302AA5946484600F090F90028F1D1BA
:1037A00002A95A46284600F0E5F90028EAD1A6EB1E
:1037B0000B06286ED944002EB9D01930494605EBC6
:1037C00080003246FFF7DEFAA4F57F44286EFF3C06
:1037D0003044B4F5803F4744286692D2AEE7424574
:1037E00028BF4246504439461646FFF7CBFA286EAA
:1037F000EB6D3044834207EB06092866A8EB06060A
:103800008CD1802B28BF80231A46514604A8FFF78D
:10381000B9FA0023CDE9003302AAE96D04A800F04B
:103820004DF90028AED1EA6D02A9284600F0A2F9B0
:103830000028A7D1EB6D286670E70120704705F1DD
:103840006403394632461844FFF79CFA286EEA6D45
:103850003044A41B374428667BE72B6E193305EBF5
:10386000830022463946FFF78DFA2B6E23442B66E0
:1038700079E7802A28BF802205F1640104A8FFF7B8
:1038800081FA0023CDE9003304A8E96D02AA00F013
:1038900015F900287FF476AFEA6D02A9284600F0FA
:1038A00069F900287FF46EAFEA6D286654E702A933
:1038B0003246284600F05EF900287FF463AF3744B3
:1038C000A41B4EE7F8B51C46054611480E461746A0
:1038D000FFF744FE21460E48FFF75AFE044620B18A
:1038E0000B48FFF74FFE2046F8BD094832462946EF
:1038F000FFF762FE04460028F2D139460448FFF77C
:1039000085FE04460248FFF73DFE2046F8BD00BF95
:103910005054002030B583B01C2301A90546019303
:1039200000F032F8044638B9019B1C2B07D0144C28
:103930001C212846FFF72AFA204603B030BDD5E9FE
:103940000112131E18BF012300392A6818BF012174
:103950009B0043EA4103002A18BF43F00103EA68D1
:103960000120E8612AB9C5E90834002BE4D1054CEF
:10397000DEE743F008032046C5E9083403B030BD54
:10398000370CF0000E0CF00018B111B10B681C2BB5
:1039900001D0012070474FF08053D3F8102C013232
:1039A00014BFD3F8102C41F25C224FF08053026018
:1039B000D3F8142C013214BFD3F8142C41F664123E
:1039C0004FF080534260D3F8182C013214BFD3F863
:1039D000182C40F6D8624FF080538260D3F81C2C2C
:1039E000013214BFD3F81C2C41F288324FF08053BF
:1039F000C260D3F8002C013214BFD3F8002C9022FF
:103A00004FF080530261D3F8042C013214BFD3F875
:103A1000042C51224FF080534261D3F8082C01321C
:103A200014BFD3F8083C40F237338361002070475D
:103A300008B501464FF48060FFF730F9034B0022D0
:103A4000C3F8C821C3F82C2108BD00BF00B0025044
:103A50000138072805D8DFE800F0100E040A040436
:103A6000040607487047CB684B62002070478B689C
:103A70004B62002070474B68F6E70B68F4E700BF25
:103A8000310CF1000B6802E0082B0B6006D8026ACB
:103A900013424FEA4303F7D00020704700487047B5
:103AA000310CF100044B0022C3F82C214FF480604C
:103AB000C3F8C421FFF7D8B800B00250F0B583B006
:103AC0001D46B0F1005F4FF000038DF8073024D39E
:103AD0008C468444BCF1804F04461ED817460DF135
:103AE0000703012200F064FE0646B0B9099A9DF86A
:103AF00007303C603B7192B14DB1024608990DF11F
:103B00000703284600F054FE38B99DF80730099A9B
:103B100030461560137103B0F0BD4FF475063046A2
:103B200003B0F0BDD8B108B50368012B04D0022B57
:103B30000FD043B10B4808BD0B4920220830FFF7D6
:103B400021F9002008BD094914220830FFF71AF9AD
:103B5000F7E7074920220830FFF714F9F1E74FF49F
:103B6000730070470100F300ECD702002CD802006C
:103B70000CD802002DE9F843002900F0F980044632
:103B8000002800F0F980036890460F46002B00F0F3
:103B9000C380013B012B00F2D78079484FF0FF3101
:103BA0004FF00209FFF70AF9002840F0BF8000201B
:103BB000FFF734F90646002840F0C280714AD2F877
:103BC0001C39002BFBD16F4DD5F8203C002BFBD1CD
:103BD0004FF0FF30FFF748F8D5F8040A20F0400016
:103BE000FFF750F801230722C5F81838C5F8002957
:103BF000C5F8C437A36CC5F8CC37E36CC5F8D0372B
:103C0000C5F8C09723685BB1013B012B18D8636AE4
:103C1000C5F85C36236AC5F85836E369C5F85436EA
:103C2000584BA269C3F850266269C3F84C26226932
:103C3000C3F84826E268C3F84426A268C3F84026C1
:103C4000504AD2F81039002BFBD1B8F1000F5FD0E9
:103C50006368012B08BFC2F884364A4B3A68C3F840
:103C6000282C4020C3F82C8CFFF712F80646454A52
:103C7000D2F81039002BFBD1424AD2F8203C002B5D
:103C8000FBD123685BB1013B012B18D8D2F85C361D
:103C90006362D2F858362362D2F85436E361394B66
:103CA000D3F85026A261D3F84C266261D3F8482697
:103CB0002261D3F84426E260D3F84036A360314A4B
:103CC000D2F8CC17A164D2F8D017E1640023012107
:103CD000C2F8C417C2F88436C2F8C837D2F810390F
:103CE000002BFBD1C2F81838002E3BD1254BD3F85E
:103CF000040A40F04000FEF7C5FF0120FFF78EF8F0
:103D000060BB1F48FFF762F810BB3046BDE8F88380
:103D10000423C2F8C837AAE719484FF0FF314FF023
:103D20000109FFF74BF800283FF441AF1648FEF7B2
:103D300039F90020FFF772F8064600283FF43EAF3D
:103D40001248FEF72FF939E7114E3046BDE8F883E7
:103D50001048FEF727F93046BDE8F8830E48FEF715
:103D600021F9CEE7102104F10800FFF70FF8BDE7B5
:103D70000A4E3046BDE8F8834FF47306C5E700BF2E
:103D8000C409002000B0025020D7020038D702003A
:103D90000100F30078D7020058D702000300F300B7
:103DA00098B370B4D0E90241D0E9042326BA0DBA21
:103DB00014BA19BAD0E9062312BAC0E904418261E3
:103DC000D0E90842C0E902651BBA25BAC0E9073547
:103DD00014BAD0E90B23816A12BA09BAC0E90941C1
:103DE000C262D0E90D421BBA25BAC0E90C3514BA3B
:103DF000D0E91023C16B12BA09BA1BBAC0E90E414F
:103E0000C0E91023002070BC70474FF47300704766
:103E1000002847D090F83C30002B34D0032B10B54D
:103E200013D02248224C2268224B1268C3F8002487
:103E300022685268C3F8042422689268C3F80824F0
:103E40002268D268C3F80C2410BD016B006C184CBA
:103E500000F0A8FB0028E6D12268164B1268C3F8D0
:103E6000002422685268C3F8042422689268C3F8C8
:103E700008242268D268C3F80C2400F0A1FB0028B3
:103E8000D1D1002010BD0B4B0269C3F80024426958
:103E9000C3F804248269C3F80824C269C3F80C2457
:103EA000002070474FF47100704700BF0900F10017
:103EB000B009002000B00250374A38B50446D2F8A5
:103EC0001039002BFBD1344AD2F87034002BFBD1CF
:103ED000314AD2F8203D002BFBD12F4AD2F8203CAA
:103EE000002BFBD12C4AD2F8383D002BFBD12A4DB8
:103EF000D5F8383C002BFBD14FF0FF30FEF7B4FE75
:103F0000636BD5F8040A23F00403032BE36D39D067
:103F1000012B0CBF20F0800020F02000FEF7B2FE45
:103F20001D4A0123C2F80039D2F81039002BFBD109
:103F3000194AD2F87034002BFBD11749C2F8BC34AF
:103F4000D1F81039002BFBD1134AD2F87034002B72
:103F5000FBD1626B22F00401032918BFA36B0E4949
:103F60004FEA820218BF03F0010302F01C021A4359
:103F7000C1F8C024636B072B04BF0123C1F87C3454
:103F8000002038BD012B0CBF20F0400020F01000B5
:103F9000FEF778FEC4E700BF00B00250094A0A4BA2
:103FA00011680968C3F8001411684968C3F804145B
:103FB00011688968C3F808141268D268C3F80C2421
:103FC000704700BFB009002000B002502DE9F04F4B
:103FD00085B0002900F0EC809046002A00F0E880CF
:103FE0000546002800F029819946C36D0E46002B36
:103FF00052D1B9F5805F54D295F83C30042B00F0D3
:10400000FF800027AD484FF0FF31FEF7D7FE0028B4
:1040100040F0D5800020FEF701FF002840F0D88056
:10402000A7480123C0F81038D0F81049002CFBD164
:104030006B6B032B3ADC002B3BDAA24CA04AD2F884
:104040001039002BFBD1002F40F0D1806B6BEA6D53
:1040500023F00403032B9A4BD3F8040A00F09F804B
:10406000012A0CBF40F0800040F02000FEF70AFE5D
:10407000934B0022C3F810280120FEF7CFFE002842
:1040800040F0B1808D48FEF7A1FE002840F0A480EA
:10409000204605B0BDE8F08F012BADD1B9F5803FCA
:1040A000AAD3894C204605B0BDE8F08F063B012B12
:1040B000C3D8AB6B012B00F2BE80EB6D012B7CD81B
:1040C0002B6E012B00F2E8802846FFF7F5FE044630
:1040D0000028B3D12846FFF79BFE04460028ADD147
:1040E0006B6B072BA9D801229A4012F08A0F40F07F
:1040F000D58012F0440F40F0BA80D2079DD523F04E
:104100000403032B32680DD02B6ED8F80010012B5E
:104110006B4B0BBFC3F8281DC3F8301DC3F82C9D93
:10412000C3F8349DEB6D012B654B0BBFC3F8282CF6
:10413000C3F8302CC3F82C9CC3F8349C6B6B23F071
:104140000403032B00F0A2802B6E012B14BF202050
:104150008020FEF79DFD044600287FF46FAF584B8A
:10416000D3F81049002CFBD1696B072914D8012220
:104170008A4012F08A0F40F0BB8012F0440F0BD03F
:10418000D3F860242A60D3F864246A60D3F86824E2
:10419000AA60D3F86C34EB600123AB654EE7012ACB
:1041A0000CBF40F0400040F01000FEF76BFD5FE7F1
:1041B000464C204605B0BDE8F08F454C3EE74548EB
:1041C000FDF7F0FE0020FEF729FE00283FF428AF9F
:1041D0004148FDF7E7FE23E74048FDF7E3FE2046B0
:1041E00005B0BDE8F08F3E48FDF7DCFE4AE704234A
:1041F00085F83C30202105F11000FEF7C7FD25E7CA
:10420000296B286C00F0C0F998B9364F2C4C3B68EC
:104210001B68C4F800343B685B68C4F804343B682E
:104220009B68C4F808343B68DB68C4F80C34296B1D
:1042300031B10127E6E62C4C00E74FF4710427E783
:104240002B6D0193EB6C009305F1100A4FF0100BEE
:10425000CDF808A0CDF80CB0D5E91123286C00F0FA
:10426000B9F9002851D1002385F83C30E1E7144B1F
:104270002A68C3F860246A68C3F86424AA68C3F88B
:104280006824EA68C3F86C246B6B38E7EB6D012B8C
:1042900014BF102040205CE7144CCFE6084B2A687E
:1042A000C3F840246A68C3F84424AA68C3F84824C1
:1042B000EA68C3F84C246B6B21E700BFC4090020F7
:1042C00000B002500100F1000500F1000B00F10008
:1042D0000300F10020D7020038D7020078D702008F
:1042E00058D70200B00900200200F1000400F100DC
:1042F000D3F840242A60D3F844246A60D3F84824D1
:10430000AA60D3F84C34EB6046E73B681B68C4F8FE
:1043100000343B685B68C4F804343B689B68C4F8AD
:1043200008343B68DB68C4F80C3459465046FEF745
:104330002DFD98E72DE9F04109B302B304460028AA
:1043400000F0AF801D46436B072B0E461BD05DB9B6
:10435000032B10D1836D73B900F164034566856644
:10436000C56605670B6010252B4631462046BDE823
:10437000F041FFF72BBE2F463846BDE8F081764F5F
:104380003846BDE8F081C36D002B40F08D80B5F557
:10439000805F80F090801DB9A36D002B40F08B8072
:1043A0006E484FF0FF31FEF709FD002840F08F8086
:1043B0000020FEF733FD002840F08580684A012385
:1043C000C2F81038D2F81039002BFBD1636B032BE5
:1043D0004FDD063B012B4ED8A36B012B6DD8E36D4F
:1043E000012B78D8236E012B77D82046FFF764FD88
:1043F0000746002840D12046FFF70AFD074600285F
:104400003AD1626B072A36D80123934013F08A0F02
:1044100040F0818013F0440F6FD1DB072BD5504B58
:104420000122C3F87C24C3F8BC543168002D56D156
:10443000A16D09B9C3F82425494BD3F81079002F91
:10444000FBD1616B072917D801228A4012F08A0F2D
:104450006FD112F0440F0FD0D3F860242260D3F84C
:1044600064246260D3F86824A260D3F86C34E360FB
:1044700002E0002BB0DA3B4F394AD2F81039002B5A
:10448000FBD1C2F810380120FEF7C8FCB8B9334898
:10449000FEF79CFC00283FF46FAF3348FDF782FD28
:1044A0006AE74FF4710767E7012B7FF474AFB5F546
:1044B000803FFFF470AF2D4F5EE72D4FDCE72D48B6
:1044C000FDF770FDE3E72C48FDF76CFD76E72B4820
:1044D000FDF768FD6CE72A4FCEE72A4FCCE7E26D87
:1044E000012A33D0C3F8301C1020C3F8345CFEF727
:1044F000CFFB074600289FD0BEE7194B2268C3F8C0
:1045000060246268C3F86424A268C3F86824E2687F
:10451000C3F86C2483E7124B2268C3F84024626816
:10452000C3F84424A268C3F84824E268C3F84C24C2
:1045300075E7D3F840242260D3F844246260D3F8AE
:104540004824A260D3F84C34E36095E7C3F8281CF4
:104550004020C3F82C5CCAE70B00F100C40900201E
:1045600000B002500100F10078D702000500F10010
:104570000200F10058D7020038D7020020D702000D
:104580000300F1000400F10029B9044B002814BF16
:104590001846002070470248704700BF0100F7002E
:1045A0000300F70029B9044B002814BF1846002067
:1045B00070470248704700BF0100F7000300F70092
:1045C000034B00200122C3F8380AC3F8782470474F
:1045D00000B002502DE9F047CCB00024579DDDF823
:1045E0005881824689461646214674220EA81F46E7
:1045F00007F0E4FE802221462CA82B9407F0DEFE73
:104600008423B5F57F6FCDE90A44CDE90C440593C9
:1046100063D8FFF7C3FC05AB30462BAE0193029580
:10462000DDE954233946009600F062F800284FD1A6
:1046300003238DF813309DF813308DF87430072361
:1046400000221C9010210EA81B9301240123CDE908
:104650002423CDF86890CDF878A026940DF1200998
:10466000FEF794FB102200920599CDF804900AAB56
:10467000304606AAFFF722FA074670B11DE00EA9E0
:1046800008EB0700FEF77EFB10210EA8FEF77EFB6D
:104690000134AD1B3744E4B224D0102D4A46059BAB
:1046A0008DF8AC4006A90EA82E4628BF1026FFF7AD
:1046B00041FE32460028E2D007460EA874220021AF
:1046C000FEF762FBFFF76AFC38464CB0BDE8F087A6
:1046D000054F38464CB0BDE8F087044F38464CB023
:1046E000BDE8F0872F46E8E70E00F1000F00F1006B
:1046F0002DE9F04182B01E460A9D0023B5F57F6F7B
:1047000001933ED8ED00B5F5807F174601F1FF32E9
:1047100034BF032304233F2A0C46009331D880B3CF
:1047200066BB089A6AB3099A116851B3A219134477
:10473000994226D3089B01462246581CFEF722FBCD
:10474000089B04F102081C440023637026BB089BED
:104750000095FF2D03EB080017D92B029BB243EA0B
:104760001523022201A90193FEF70CFB08F10203B5
:10477000099A0020136002B0BDE8F0810FB1402E0D
:10478000CFD90A4802B0BDE8F08101226946FEF7A0
:10479000F9FA08F10103EBE7089B324603EB080046
:1047A0003946FEF7EFFAB044D1E700BF06000080BB
:1047B00000201870704700BF08B5054B044613B1C0
:1047C0000021AFF3008000F013FB2046F0F73AF928
:1047D00000000000F8B50E4B1D68AB789B0706463D
:1047E00012D56F6816F8014B29462CB90A20B84734
:1047F000002805DB204609E02046B8470028F1DA0A
:10480000AB7843F00403AB704FF0FF30F8BD00BF4E
:104810000CD102000CB430B589B005460C461C2200
:10482000002101A807F0CAFD02238DF806300E4BC7
:104830000293059523462CB1B4F1004F28BF4FF0E9
:104840000043013B1D440DAA0C99069501A8009256
:1048500000F072F814B1059B00221A7009B0BDE88F
:10486000304002B0704700BFF7C40200242AF0B500
:10487000044601D8012A40D107F046FE2D4B1622EE
:104880001A5001B10C600020F0BD2F463D4615F8CE
:10489000010B2028F9D0A0F10906042E0346F4D913
:1048A0002B282CD02D282CD101267B78BD1C302B19
:1048B0002DD1287840F02000782824D132F0100043
:1048C00021D16B782C46102202350020392B82BF73
:1048D00003F1FF3343F02003263B303B9A421AD9C1
:1048E000A0FB02040CB9C01801D346F002062F4603
:1048F0002C4617F8013B3D46E8E70746C6E7002689
:10490000D3E70026D3E7002A08BF0822DDE7002A04
:1049100008BF0A22D9E701B10C60F20748BF404244
:10492000B307B1D507F0F0FD024B22221A504FF029
:10493000FF30A9E70C0000002DE9F04F8DB043686F
:104940000293837815469A07804640F10D81002432
:104950000E78002E00F00A81252E0BD04B1C0393FD
:104960000134029B4146304698470028C0F2F68049
:104970000399EDE74E788B1C252E0393F0D000278A
:10498000B946BB46BBF11F0F38D8A6F12003102B48
:104990000AD8DFE803F02A090930090909210909C1
:1049A0000928092D09091F00A6F13003092B33D965
:1049B0002A2E37D11BF0400F55F8043B40F082807F
:1049C000002BA7BF4BF0200B9946C3F100094BF019
:1049D000280B01E04BF0010B039B13F8016B0393D1
:1049E000002ECFD130E04BF0020B4BF0040BF3E77D
:1049F0004BF0080BF0E74BF0100BEDE7BBF17F0F2E
:104A000019D8A6F13003092BD2D81BF0400F03D0E0
:104A10000A2101FB0737DFE70A2101FB09394BF0C7
:104A2000200BD9E72E2E06D11BF0400F40F09E80C0
:104A30004BF0400BD0E76C2E31D02BD8682E36D0FF
:104A40006A2E3CD04C2E3AD0002F46F02003B8BF3F
:104A50002BF04002A3F16501BCBF1FFA82FB0027C7
:104A6000022901D9612B2FD1073525F00705DFF881
:104A7000ACA2083507271BF0080F66D00AEB070B1E
:104A800056465E4563D1A4EB0A0A06EB0A02A9EB7F
:104A900007096FE1742E9FD07A2E9DD0D4E71BF0CA
:104AA000800F18BF4BF4007B4BF0800B94E71BF496
:104AB000807F18BF4BF4007B4BF4807B8CE74BF47A
:104AC000207B89E71F4687E7A6F16301122900F2E0
:104AD000F080DFE811F013004F00EE00EE00EE0072
:104AE000EE004F00EE00EE00EE00EE00EE00FE00E5
:104AF000E900EE00EE001B00EE00AF0055F8043BAD
:104B00008DF8183001270DF1180AB4E755F804ABF9
:104B1000834BBAF1000F08BF9A461BF0400F14BF39
:104B200039464FF0FF31504607F082FC0746A2E7B6
:104B3000029B41462020984700280FDB013EB742E8
:104B4000F6D34C44A41BB14698E74E46F7E716F857
:104B5000010B029B41469847002892DA98F80230F0
:104B600043F0040388F802304FF0FF3420460DB0C4
:104B7000BDE8F08F1BF0800F34D01BF4007F2CD0E9
:104B8000073525F00705AA4669685AF8080B2BF087
:104B900010050029ADB237DA404261EB410145F41E
:104BA00080650DF1180B0A235A4607F04DFCA0EB67
:104BB0000B0301936B0662D5019B25F001019F4217
:104BC00089B240F3A180002E00F0998015F0100208
:104BD00040F09C80BB460D4623E0AA465AF8040BE1
:104BE000C117D4E7AA461BF4807F5AF8041B01D1F1
:104BF0000846F5E71BF4007F15BF48B208B241F341
:104C0000C01141F3C031C2E750EA0103C9D11BF022
:104C1000400FC6D0002FC4D12BF0110295B2BB4675
:104C2000019740F2064115EA01021CBF0BF1010B8E
:104C300000222CE02BF010021FFA82FB0A231BF04B
:104C4000800C49D01BF400711DBF073525F0070506
:104C5000AA46AA461ABF5AF8080B69685AF8040B04
:104C600050EA010545D12BF016051BF0400FADB2FF
:104C700042D0002F40D12BF0170295B2019715F0CA
:104C8000100248D0019B002E42D103F1010B2907ED
:104C90005AD4EB0706D5D9456FDD0199A9EB0B0373
:104CA0005F18CB465B4649E04BF0100B102378268B
:104CB000C5E7782B04D1C6F1780343F01003BEE7B3
:104CC000029B4146252098470028FFF647AF023453
:104CD00047E608230026B2E7AA461BF480715AF87B
:104CE000040BBDD01BF400711ABFC0B2614680B284
:104CF000B6E72BF0060295B20DF1180B54E725F03C
:104D00001105ADB2BB468CE70D46B8E73B460D46F4
:104D100003F1020BBBE7DDF804B082E7ADE6020069
:104D2000A6E60200CDE904324146029B20209847C6
:104D30000028FFF613AF049B059A01339945F1DC77
:104D4000A4EB0B01CC189B460AB3029B41463020D2
:104D500098470028FFF602AF8EB901342744019B23
:104D6000391B994224DC1D465DBB019AA9EB0B0956
:104D7000224455461446914435E0019F92E702349F
:104D800041463046029B98470028E7DAE6E640F2C3
:104D900006410D42E2D015F0020F14BF2B20202057
:104DA00015F4806F04F10104414618BF2D20E9E796
:104DB000029B414630209847002804F10104CEDAD6
:104DC000CCE606AB013D4146585D029B9847002862
:104DD000CADAC3E6029B414620209847002804F126
:104DE0000104FFF6BBAEA9EB0403002BF2DCBFE528
:104DF00038B5074D074C641BA41024B9064B0BB102
:104E0000AFF3008038BD013C55F824309847F4E7F3
:104E100000000000000000000000000070478368F0
:104E20009B6903B1184770477047EBF7DBBF1FB5AD
:104E300001240294CC680194BDF81840009403F05A
:104E40008BFE04B010BD1FB502240294CC680194FF
:104E5000BDF81840009403F07FFE04B010BD2DE9AA
:104E6000FF41D1F80C80054640461F460C461646C9
:104E7000EBF740FCBDF82830009380B2CDE901800B
:104E80003B4632462146284603F066FE04B0BDE8A4
:104E9000F08108B5002005F02DFA012005F02AFA6E
:104EA000022005F027FABDE80840032005F022BAE9
:104EB000F0B587B004460F46164600211822684612
:104EC0001D4607F07BFA69462046CDE90176ADF82C
:104ED0000C50F4F729FC07B0F0BD30B585B040F2B6
:104EE00067620023684606F0B9FADDE9004522460C
:104EF0002B460DF10F00ECF7AFF818B19DF80F300D
:104F00000A2BF4D105B030BDF7B5002304464FF4A9
:104F1000767268460D4606F0A1FADDE90067254481
:104F200032463B462046ECF797F810B10134A542D3
:104F3000F6D103B0F0BD83685B6C0BB1012218475A
:104F40007047BFF35B8F50E8003F40E80012002A33
:104F5000F9D1BFF35B8F704738B5044606F07CFA91
:104F60004FF47A75A0FB053205FB0121DB0B43EA08
:104F700041412046BDE83840FFF7E3BF1FB500239D
:104F800002A8CDE90233ADF80430EBF7F3FF01A836
:104F9000ECF72AF800214FF4A47006F0D1F902A82A
:104FA000EBF7E8FF01A8ECF71FF805B05DF804FB8C
:104FB000F0B50024451C10F81430A3F13007FFB2FF
:104FC000092F0BD9A3F14106192E98BF2033DBB26C
:104FD000A3F16106052E1CD8573BDFB215F814600B
:104FE000A6F13003DBB2092B0BD93346413E192E13
:104FF00098BF2033DBB2A3F16106052E09D8573BD9
:10500000DBB243EA07130B550134A242D3D101208E
:10501000F0BD0020FCE710B5044606F01DFABFF312
:105020005B8F4FF47A72A0FB02032468BFF35B8F9F
:1050300002FB0133C00B40EA4340001BB0F57A6F1E
:105040002CBF0020012010BD836800EBC101B3F527
:10505000004F2CBF51F8220031F81200704700EBCE
:10506000C1018068B0F5004F2CBF41F8223021F813
:105070001230704708B50122FFF7E6FFD04008BDA7
:105080008368B3F5004F00EBC10108D34B681AB138
:1050900043F001034B60704723F00103FAE74B88AC
:1050A0001AB143F001034B80704723F00103FAE784
:1050B00053000122FFF7D3BF8368B3F5004F34BF1D
:1050C00004230823C91A081AC00870478368B3F577
:1050D000004F34BF04230823481C0833A0EBD3003F
:1050E000B0FA80F0C0F11F0070472DE9F04117467B
:1050F00003220E460446FFF7A7FF8642054607F146
:1051000004080AD1E3680122BA4023EA0203E360FB
:10511000002344F82830BDE8F081314602222046C1
:10512000FFF792FF2B460646014644F828502046DA
:105130000322FFF794FF3346294620460222BDE8AA
:10514000F041FFF78CBF70B50D4686680446FFF747
:1051500091FFB6F5004F014601D3012809D0204642
:10516000FFF7B4FF294602462046BDE87040FFF72E
:10517000BCBF70BD2DE9F0470546FFF7A7FF05EB63
:10518000800A8846DAF810900646B9F1000F1BD065
:105190000327DAF8104028462146FFF76BFF404509
:1051A00007D3324621462846FFF79FFF2046BDE839
:1051B000F087032221462846FFF746FF013FCAF841
:1051C000100001D08145E4D1EB6801364FF0FF3487
:1051D000B4401C40EAD094FAA4F2B2FA82F2131D51
:1051E00055F82340DEE72DE9F041144605460E460A
:1051F000FFF740FFA4EB0608371B07444246314641
:105200002846FFF755FF3A4621462846FFF750FF4C
:105210004346002221462846FFF721FF2146284623
:10522000FFF728FF3B46211800222846BDE8F04141
:10523000FFF715BF2DE9F041164604460F46FFF76C
:1052400019FF314605462046FFF714FF05442A465C
:1052500039462046FFF72CFF31462046FFF70AFF6C
:105260002B46311800222046BDE8F041FFF7F7BE7B
:105270002DE9F0410D4686680446FFF7FBFEB6F5C2
:10528000004F014601D3012832D02046FFF71EFF10
:1052900004EB80010E6996B9E36801228240134352
:1052A000E36002220D612B4629462046FFF7D7FE18
:1052B000032229462046BDE8F041FFF7D0BE022276
:1052C00031462046FFF7C0FE2946034607462046E2
:1052D000FFF7C5FE0322334629462046FFF7BFFEEF
:1052E00039462B462046FFF7BAFE02223146E1E757
:1052F000BDE8F081F8B50C460546FFF7BBFE261861
:10530000012231462846FFF79FFEC3070CD43146E1
:105310002846FFF718FF21462846FFF7ABFE214637
:1053200022182846FFF786FF002221462846FFF76D
:105330008BFE271A012239462846FFF785FE10EA20
:10534000020613D139462846FFF7FDFE21463246B4
:105350002846FFF779FE2246211A2846FFF76AFF02
:10536000214632462846FFF76FFE241A214628467A
:10537000BDE8F840FFF77CBF38B571B10568284635
:10538000FFF79AFE0022044601462846FFF778FE02
:105390002146BDE83840FFF7ADBF38BD70B50568A0
:1053A00009B9002070BDAB6801F00704B3F5004FE8
:1053B0002CBF0822042207341444E40804EBD1046F
:1053C0009C4228BF1C4621462846FFF7D3FE0646CE
:1053D0000028E6D001462846FFF74CFEA04209D936
:1053E0003444314628462246FFF7FDFE2146284632
:1053F000FFF73EFF284601223146FFF741FEAB682A
:10540000B3F5004F34BF0423082303EBC60318444D
:10541000C8E71146FFF7C2BFB2F5802F2CBF0823A3
:105420000423D21A2DE9F0418C18CD1D25F0070573
:1054300024F00704641B0026E40805602146AC60E4
:10544000EE602846FFF742FE421D9200013002F155
:1054500007074FEAD707A2F110023146B8BF32461C
:1054600005F1100006F0AAFF3A4631462846FFF73C
:105470001FFE3346324631462846FFF7F0FDA4EBC7
:105480000708284631460122FFF7FAFD4246394611
:10549000FFF70EFE3B46324639462846FFF7DFFD52
:1054A00021462846FFF704FE434632462146284659
:1054B000FFF7D5FD214628460122FFF7E1FD3946D9
:1054C000BDE8F041FFF7D4BE002070470FB407B528
:1054D00004A951F8040B0191ECF7D8FD03B05DF875
:1054E00004EB04B070470FB407B504A951F8040BDE
:1054F0000191ECF7CBFD03B05DF804EB04B070470D
:10550000F0B564230546042600200A2769B9F0BDDA
:105510009A42B2FBF3F40CD2012B0AD048B903FB38
:105520001422D2B20A24B3FBF4F3013EF0D12E7060
:10553000EDE7303405F8014BB2FBF3F4013903FB1E
:1055400014220130B3FBF7F3C9B2C0B2D2B2DBB25E
:10555000DCE7A0F13003DBB2092B02D80B7000208E
:105560007047A0F16103052B02D85738C3B2F5E7A5
:10557000A0F14103052B01D83738F7E76FF015008C
:105580007047F7B5054601F0010000EB51069E4259
:105590004FEA510703D90026304603B0F0BD58B199
:1055A00028780DF10701FFF7D4FF0028F3DB9DF801
:1055B000073002F8013B013501351744BA42EBD000
:1055C00015F8010C0DF10701FFF7C3FF0028E2DB1E
:1055D0009DF807402401E4B2147015F8020BFFF7A0
:1055E000B8FF0028D7DB9DF807301C4402F8014BB8
:1055F000E4E7036800220BB9184670478B4210D1CC
:105600000B6842B942680360914200D143600023B5
:105610000B600120704713604368994208BF4260E5
:10562000F5E71A461B68E6E7038B13F0070305D17D
:105630000368002B0CBF002003207047022B05D10C
:10564000408BB0FA80F0400980007047012B05D1F3
:105650000368002B0CBF0020052070470020704716
:1056600010B50C4600B111B96FF0150010BD081D42
:1056700000F0D2F80028F9D1A368032BF6D9F3E79C
:105680002DE9F0410D4607461946281D90461E4655
:1056900000F0D6F8044638B133464246294638462B
:1056A000A446BDE8F0416047BDE8F08110B4EFF3D7
:1056B0001182402484F31288BFF36F8F416110BCC4
:1056C0000121ECF72DBD38B50C46054658B151B156
:1056D0000B6843B14B6833B11C22002106F06EFE0B
:1056E0002C61002038BD6FF01500FBE770B5054652
:1056F0000E46FFF7B5FF041E14DBEFF311824023C3
:1057000083F31288BFF36F8F6B8B2C8B4FF6FF7177
:105710008B4204F0070407D182F31188BFF36F8F27
:105720006FF00A04204670BD022C0CD101336B834C
:1057300082F31188BFF36F8F00232246314628463B
:10574000FFF79EFFEEE7062C14D8DFE804F0041301
:105750001313041A0400002333606B683BB9C5E9D6
:105760000066ACB902212846ECF7DAFCDAE71E60E5
:105770006E60F6E782F31188BFF36F8F6FF0040459
:10578000D0E782F31188BFF36F8F6FF08504C9E70C
:1057900082F31188BFF36F8FC4E710B5EFF3118266
:1057A000402383F31288BFF36F8F048B04F0070448
:1057B000022C0AD0012C0CBF6FF004006FF08500A2
:1057C00082F31188BFF36F8F08E0438B013B9BB2DC
:1057D000438323B92146ECF7A3FC204610BD2046A5
:1057E000EEE738B5A8B1A1B1EFF31185402282F3FD
:1057F0001288BFF36F8F048BFFF7FBFE30B104F00C
:10580000070085F31188BFF36F8F38BD6FF0770005
:10581000F7E76FF01500F8E7034640B1426802F081
:105820000302022A06D0032A04D0012A05D06FF011
:10583000150070471A68002AF9D000209860704758
:1058400010B54268816002F00302022A03464FF05D
:10585000000407D0032A02D05C60002001E0186831
:105860005C6010BD18685C600028F6D0FAF760FD37
:10587000F3E770B50C8806468888241A3069A4B20C
:10588000844285B224BF641BA4B22D1BA8B29842E7
:1058900028BF18463368234413600B8803440B80E9
:1058A00070BD70B4838985880669ED1AADB2731B2B
:1058B000934228BF134670BC0A46011DFFF7D9BFAB
:1058C00070B40E460146C58831F80A3FEC1AA3B2FF
:1058D000934228BF1346324670BCFFF7CABF10B5CB
:1058E0004B880C88E41AA4B294420ED31A4492B2A4
:1058F0008B884A800A800069D21A92B2824201D211
:10590000002010BD03448B80FAE76FF01500F8E724
:105910002DE9F34106460F4615464FF000082A468A
:1059200001A93046FFF7BDFF044640B102463946A3
:10593000019806F01BFD2D1BA0442744EFD14246E1
:10594000311D3046FFF7CBFF404602B0BDE8F08185
:105950002DE9F34107460E4615464FF000082A464A
:1059600001A93846FFF7ACFF044648B12EB1024604
:105970000199304606F0FAFC26442D1BA044EED1D6
:10598000424607F10A013846FFF7A9FF404602B038
:10599000BDE8F081704770B4C6680468806A0D0C79
:1059A00006FB054414FA81F184682468A44670BC9F
:1059B00060472DE9F0431C46C36A1D686D4289B0FB
:1059C00006468846174605F020051CB9204609B052
:1059D000BDE8F083AC42A14628BFA9464B466A46C3
:1059E00041463046FFF7D7FF0028F0D16B464845C7
:1059F00002D1241A8044E8E713F8012BBA4201D1FE
:105A00000130F4E70120E2E70B6803F580330B6017
:105A1000008A1A0CB0EB134F04BFA3EB02430B60D8
:105A2000704738B5C26803680D0C090C04462D0494
:105A3000806A02FB013100F0FBFD50B9E26AE368C5
:105A4000527929462046FFF7B4FF002818BF6FF0AF
:105A5000050038BD10B5014604460722FF20F5F7C2
:105A600099F8E07110BD0368012B81BFC91801F1DD
:105A7000FF315B421940084670472DE9F0410C4662
:105A800005460821C06AFFF7EEFF072207462146B8
:105A9000FF206688B4F80480F5F77CF8E379834248
:105AA00008D1E8684644C01BB04294BF00200120E2
:105AB000BDE8F0810020FBE738B505460C46FFF74E
:105AC000DCFFA0B1A08898B922884FF6FF739A42F4
:105AD0000DD1E86A0821FFF7C6FF6288EB689B1AC0
:105AE000B3FBF0F202FB1030B0FA80F0400938BD91
:105AF0000020FCE7F7B504460D46C06A0821FFF711
:105B0000B2FF2968074608232046FFF744FF0646F0
:105B1000002836D12B683B442B60E26899B2D21B37
:105B200091422ED11A0C03BF228A02F1FF3203EBFD
:105B30000241A3F58031296008236A462046FFF719
:105B40002AFFE8B9E36A5A796B4613F8011B8A42C7
:105B50000CD101300828F8D1636805E02B68BDF846
:105B600002201B0C1B0413442B600AE069462046EC
:105B7000FFF7A2FF0028F1D129462046ECF7DEFB13
:105B80000646304603B0F0BD2DE9F043074689B024
:105B900090461C461BB9002009B0BDE8F083FD68A3
:105BA0003B68080C05FB003313FA81F6FB6A1D689D
:105BB0006D4225400CD0B86A83683146D3F8049012
:105BC0002B46C8470028E7D1641BE4D02E44A844E4
:105BD00022464146684606F0C9FBFD6A2A68697993
:105BE000121B0DEB040006F0E9FBB86A2B68826813
:105BF000314654686A46A047CEE710B50A460823E6
:105C000041680446FFF7C0FF08210246E06AFFF73B
:105C10002AFF63681B1A6360104610BD13B54FF668
:105C2000FF7300220446ADF800308DF8063083681B
:105C3000ADF804206846ADF80230FFF70BFF694667
:105C40002046FFF7DAFF02B010BD2DE9F04F044601
:105C500095B0C06A0821FFF706FF63681B0C1B04A0
:105C6000054603A920460393FFF7CEFEDDF80CB0EE
:105C7000E6685E44761B06AA082331462046049651
:105C8000FFF789FE021EC0F2A980E36A06AA5979CD
:105C9000002312F8010B814240F08F800133082B62
:105CA000F7D1A36862682B449A427ED259462046B7
:105CB000FFF7B7FE024691E0BDF81A30360C360405
:105CC0001E44049608AA04A92046DDF810A0FFF798
:105CD00011FF0246002840F0818008A92046FFF706
:105CE000CCFE18B9019B5345ECD1DAE76368059304
:105CF0000AAA05A92046059EFFF7FCFE02460028D9
:105D00006CD1BDF82820BDF820309A4227D06268B7
:105D1000059B9A42ECD1B245E4D1BDF82430002B6A
:105D2000E0D0BDF822704FEA1A431B041F4408A8B4
:105D3000A368ADF82230FFF78DFEE36ABDF824902A
:105D40001E68764206F02006B9F1000F0ED108A9B0
:105D50002046FFF752FF02460028C3D03EE00AA9C2
:105D60002046FFF78AFE0028D1D0D4E74E45B04642
:105D700028BFC8460CAA434639462046FFF70BFE0B
:105D8000024658BB4346A1680CAA2046FFF7FCFE1A
:105D900041460246E06AFFF766FEA3680344A3603B
:105DA000E2B9A9EB08094744CEE72046FFF736FFE2
:105DB000024600283FF47AAF10E0731B06A9204684
:105DC0000193FFF779FE00287FF476AF04A92046FF
:105DD000ECF7B4FA024600283FF474AF104615B051
:105DE000BDE8F08F2DE9F04F1D4691B0837C029104
:105DF00004460092002B00F0BE80C26A08211046C3
:105E0000FFF731FE294601901046FFF72CFEE368AC
:105E1000019AA3EB8203AB420746C0F0AF801DB1ED
:105E2000009B002B00F0AA806368059306AA05A9D1
:105E30002046DDF814A0FFF75DFE064600283ED19F
:105E4000BDF81830029A934206D06268059B9A42C8
:105E5000ECD1002D39D132E006A92046FFF70DFE26
:105E60000028F2D0BDF81A80BDF81C305DB39D4209
:105E70002BD1E36ADDF800B01B684FEA1A4A5B4297
:105E80004FEA0A4A03F02003D0440393AA46DDF800
:105E90000C90D14528BFD1464B4608AA4146204622
:105EA000FFF779FD00284DD14A4608A9584606F06B
:105EB0008DFA50B9BAEB090AC844CB44E7D1304651
:105EC00011B0BDE8F08F002BF9D0002F3DD1B846BE
:105ED00004F1140A4FF0FF324FF0FF335046F8F749
:105EE000D5FF238A9E4243D0A168626808EB010374
:105EF0009A422FD3029BADF82030FF238DF8263035
:105F0000009AADF822102B462046ADF82450FFF73A
:105F10003BFE29460746E06AFFF7A5FDA368034458
:105F2000A36057B908A8FFF795FD08A92046FFF719
:105F300064FE002814BF07462F465046F9F71EF8A6
:105F40003E46BCE7C1DC0646B9E7019B1F441FFA89
:105F500087F8BDE72046ECF723FA07460028ECD186
:105F60002046FFF772FE07460028E6D10136B8E763
:105F70006FF01B07E1E76FF00C06A0E76FF0150666
:105F80009DE700231A46FFF72DBF2DE9FF471E4668
:105F9000837CBDF8309004460F469046002B4ED0CF
:105FA000C06A0821FFF75FFDE368A3EB4003B3423B
:105FB00048D3D4F804A0CDF804A000254D4551469F
:105FC000DDF804A00BD96368534520D1BDF8083033
:105FD000BB421CD06FF0010004B0BDE8F08702AAFC
:105FE00001A92046FFF786FD0028F5D1BDF808304D
:105FF000BB4206D102A92046FFF73FFD08B101359B
:10600000ADB26268019B9A42D8D15146DEE7BDF835
:106010000C30002BDED0A945DCD8BDF80A00090CF5
:10602000B3424FEA014128BF33460144424620466D
:10603000FFF7B1FC0028CFD1BDF80C00CCE76FF022
:106040000C00C9E76FF01500C6E713B500240094F3
:10605000FFF79BFF02B010BD002908DB8068884273
:1060600005D9401A904234BF00200120704700201B
:106070007047704710B50B460446FFF7EDFF40B17F
:106080006168E068194483689B682BB1BDE81040E3
:1060900018476FF0150010BD6FF05700FBE770B5A3
:1060A0004C680368A34201D2012070BD8A68224473
:1060B000934201D30020F8E7D1E903254E69B542A8
:1060C00003D36FF00B038B61F4E71B1B42F83530F1
:1060D0004368086902EBC00253600B6901330B612E
:1060E000E2E737B50C46C0B201A91546ECF7EEFA67
:1060F00000280CDB019850B121462A46ECF70CFB36
:1061000004460198FFF7B5FF204603B030BD6FF09D
:106110001504F9E710F0700F08D100F07F0310F0BC
:10612000800F18BF1033012098407047002070473F
:106130002DE9F84306460F469046994604254B46FE
:10614000424639463046F5F79FF910F10B0F0446E9
:1061500003D1F9F7F7FC013DF1D12046BDE8F88302
:106160000020ECF77BBE006840B150F8043C5B684F
:106170008B42A0F1040001D04068F5E77047006849
:1061800050B150F8043C5B685B689B788B42A0F18F
:10619000040001D04068F3E7704730B5006888B16B
:1061A00050F8043C5B681A6A1D7F04380023043AE7
:1061B000DCB2A54201D84068F1E7013312F8334060
:1061C0008C42F5D130BD08B5EDF71CF828B1406818
:1061D00010F1100F14BF0020012008BD4B1CDBB2D2
:1061E0008170817680F82530C37600F8061C7047F0
:1061F00050E90231D0F89C0018470369002283F867
:106200004A207047036993F84A0050B193F8480058
:1062100038B1D3F890209388918910695B1A9BB2AA
:10622000C01A70470369002283F84B207047036946
:1062300093F8490008B193F84B00704708B502463F
:10624000FFF7F5FF30B91046FFF7DCFF003818BF45
:10625000012008BD0120FCE70369C3E90012704773
:106260000229036908D004290BD001290ED1D3F8E3
:10627000943013600020704793F89B30C3F34003C1
:10628000F7E793F89B3003F00103F2E76FF0850026
:10629000704708B5402903693DD013D8102931D083
:1062A00006D801291ED0082920D06FF0120008BDA1
:1062B0002029FAD193F89C1001F0FB01EAB141F0DA
:1062C00004011AE0B1F5807F2ED0B1F5007F34D003
:1062D0008029EAD193F89C1001F0EF016AB141F0F6
:1062E00010010AE0C3F894200020E0E793F89C1026
:1062F00001F0FE010AB141F0010183F89C10EDF7B5
:10630000F9F9F1E793F89C1001F0FD01002AF4D0AF
:1063100041F00201F1E793F89C1001F0F701002A27
:10632000EBD041F00801E8E793F89C1001F0DF01A1
:10633000002AE2D041F02001DFE793F89C1001F041
:10634000BF01002AD9D041F04001D6E770B50469F9
:106350000546D4F88C00FFF7FBFA94F8A030064607
:10636000B3B1D4F88C209388918912695B1A9BB2DF
:10637000D31A3F2B0CD994F89E3033B16B681B6A4B
:106380002246187B0021EDF755FA002384F8A0304F
:10639000304670BD08B50122FFF7D8FF013818BF9D
:1063A0004FF0FF3008BD0269D2F8901088898B88C1
:1063B00009691B1A9BB2994204BF002382F8483036
:1063C000D2F88C30D9885B89994204BF002382F8C7
:1063D0004930012070470020EDF7F4BA0022114641
:1063E000EDF7BEBA034610B508460AB100211160A8
:1063F00053B1D0B1411E11F8010F80B113F8014B18
:10640000A04201D13D28F6D100200EE001331360F7
:106410000AE03D2808D0B0FA80F0400905E018787D
:106420002F28F6D1002AF1D1012010BD10B509B1F5
:1064300000230B6058B103461A781C4601332AB179
:106440003D2A03D02F2AF7D101B10B60201A10BDCD
:106450002DE9F341DDF82080019007460C461546F2
:106460001E46B8F1000F07D0D8F8001081B9D8F84F
:1064700004E0BEF1000F14D101A93846EDF7E8FAA7
:1064800058B1C768019833462A462146B84704E008
:1064900001AAFFF7A7FF0028E9D1002002B0BDE85C
:1064A000F081D8F80830019808932A4633462146EF
:1064B000F44602B0BDE8F04160470830704710B5BF
:1064C000134614460A4681880068FFF7BEFDA042C5
:1064D000A8BF204610BD2DE9F04F97B004460192A9
:1064E0009A46894600297CD0DAB1BAFA8AF676094A
:1064F000258F0135ADB2A84604F1080B6F1EBFB25F
:10650000B7F5004F26D04A2303AA39465846FFF76D
:106510009CFD002807DA10F1020F08BFB8463D467F
:10652000ECE70126E4E700F158030DEB030000233C
:1065300000F84C3C03A94846EAF7CAF80028EED117
:1065400026B339465846FFF71CFD002805DA17B078
:10655000BDE8F08FBEB30020F9E705F57F513F316C
:1065600089B25846FFF70DFD0028F0DB238FBB42B0
:10657000F1D12246013B22F8383F4FF4004102237B
:106580005846FFF72FFC00EAE070E0E7B846B8F5A0
:10659000404F29D0238F434504F1080515D308F552
:1065A0008041019A534689B22846FFF71BFC002818
:1065B000CDDB002ECFD04846EAF79CF84A4603468A
:1065C00041462846DDE70126E1E72246022322F87C
:1065D000388F4FF400412846FFF704FC0028DEDA2C
:1065E000B5E76FF01500B2E76FF00B00AFE773B5DA
:1065F000C36B03630446C3B100F108063046EBF7F2
:10660000FBFE054670B902230DF106024FF400416E
:106610003046FFF71AFD0028ACBFBDF806304FF436
:1066200000432387284602B070BD6FF01205F9E7DA
:106630002DE9F0418768FB6804460D4616469847E9
:10664000BB682BB1324629462046BDE8F0411847C9
:106650006FF05700BDE8F08108B50020EBF748FD6A
:1066600005F0ACBE05F082BE01460068EDF784BCC3
:1066700008B5EDF7B1FCBDE80840EDF7D1BC00214D
:106680000120EDF779BC6FF08500704761B662B606
:1066900080F31188BFF36F8F704772B6002383F3C6
:1066A0001188BFF36F8FBFF34F8F30BF62B6BFF358
:1066B0006F8F704772B6002383F31188BFF36F8F1B
:1066C000BFF34F8F20BF80F31188BFF36F8F62B687
:1066D0007047202809D9B0F1004F08D80138B0FA26
:1066E00080F0C0F11F0040007047082070473E2036
:1066F000704708B5EEF7AEF9002008BD70470023DB
:1067000003824369C3607047416A8968EEF702BA41
:10671000EFF31182402383F31288BFF36F8F0023BE
:106720000B60436833B9C0E9001182F31188BFF3ED
:106730006F8F704719604160F7E710B50346EFF3BC
:106740001181402282F31288BFF36F8F006828B155
:106750005C6802681A60A04208BF5A6081F3118821
:10676000BFF36F8F10BD027A013202727047034689
:1067700018465B68002BFBD17047426810B52AB100
:106780000B461C465B68002BFBD16260416010BD6C
:1067900010B5044620B90B7A01330B72084610BDC0
:1067A000034618465B68002BFBD1FFF7E6FF204647
:1067B000F5E783680B440360704703680B60436828
:1067C0004B6083688B6070478388026819448180BE
:1067D000D018704730B484880568A31883802819BE
:1067E00030BC05F0C3BD10B5838802685C1C848092
:1067F000D154D01810BD034600689A88401A11443D
:106800001860998070470268531E036083880133C3
:10681000838002F8011C70478288521A03468280E6
:106820000068084418607047034600689A88521A46
:1068300001449A801960704710B503681C780121E3
:10684000FFF7EAFF204610BD10B503681C8802213F
:10685000FFF7E2FF204610BD02688068101A7047FB
:106860008388C2888168D21A03685B1AD01A70477D
:1068700030B585B014460A888B78ADF800200546FF
:106880000D2200210DF103008DF8023005F096FD78
:106890006A466946284603F0BEFD28B9BDF80020C7
:1068A0009DF802302280A37005B030BD13B50C46B0
:1068B00001AA0331FFF7DCFF48B9032201A92046F2
:1068C00005F084FDB0FA80F0400902B010BD002050
:1068D000FBE770B50D4600210446FFF7A7FD0D2824
:1068E00018D1237B302B13D0312B13D1012305F882
:1068F000063B04F10C062A462046012302210234FD
:10690000FEF73FFEB44205F1FF35F4D1002070BD23
:106910000023ECE76FF01500F9E7EDF755B900201B
:10692000704710B50C46017822788A428AB00FD0A1
:106930006946EEF7B9FB05A92046EEF7B5FB102234
:106940000DF115010DF1010005F040FD0AB010BD7B
:10695000012A06D0022A07D072B940886388C01A7B
:10696000F4E740686368FAE71022611C01300AB05E
:10697000BDE8104005F02ABD6FF01500E6E7042AD7
:106980000AD0102A0DD0022A4FF0000315D103704F
:106990000B88438001207047012303700B6843601C
:1069A000F8E7022300F8013B01F1100351F8042B32
:1069B00040F8042B9942F9D1ECE7184670470123BF
:1069C00010B50621044600F8013BF7F7B1FB18B9F2
:1069D000A37963F03F03A37110BD0B6803608B883C
:1069E00083808B798371037823F0020303707047EF
:1069F0000078C0F34000704738B50446807AEEF75F
:106A00005FF86169054649B1637ADB0704D4436ADC
:106A10001B6820469B6898470023636121462846EF
:106A2000BDE8384004F09CBA2DE9F04101F10C08B2
:106A30000C46054600F10C01404617461E46FFF77E
:106A4000BCFE4046FFF708FF012310FA87F068827A
:106A50006B722F8239464046FFF7DEFEE3687360B3
:106A6000628A0023E3607281638234602846BDE855
:106A7000F08138B5D1E90032DA600B684A895A8270
:106A80000C4605460868EEF7C3F8204610220021A0
:106A900005F094FC2846BDE83840FFF7ADBF438AB7
:106AA00023B9C068B0FA80F04009704700207047F1
:106AB0007047D0F8A43083B15A7BD1070DD5D206E8
:106AC0000DD51B7B102B14BF032304234372807A44
:106AD00098428CBF0020012070470223F6E7032371
:106AE000F4E70F2807D80D280BD8052808BF032086
:106AF00018BF02207047132803D01A2808BF0120AE
:106B0000F6E70120704710B50346BFF35B8F53E8EB
:106B1000000F40EA010243E80024002CF7D1BFF344
:106B20005B8F10BD0B4601461878EEF761BB38B598
:106B3000C3681D78B3F8010065B90F21F0F71EFA9C
:106B4000044638B12946F0F785F92046BDE83840BB
:106B5000F0F740B938BD08B5C3680121B3F80100AA
:106B6000F0F70CFA18B1BDE80840F0F733B908BDEA
:106B700008B5C36801211888F0F700FA18B1BDE81C
:106B80000840F0F727B908BD01210C30FFF74CBED3
:106B900038B5C5680121B5F80100F0F7EFF90446F2
:106BA00098B12B783BB9D5F80330C0F89930D5F8B7
:106BB0000730C0F89D30201D4FF48031FFF7A3FF50
:106BC0002046BDE83840F0F705B938BD30B402EBD7
:106BD000C303044608469A4201D130BC70471146AF
:106BE00011F8085BA54206D1018A53789942F4D383
:106BF00030BC536818470A46EDE7BFF35B8F50E897
:106C0000003F0B4040E80032002AF8D1BFF35B8F11
:106C1000704710B5EFF752FC6FF480711030FFF73A
:106C2000ECFF0020EEF750FB044648B13C23037311
:106C30000021F0F70FF92046BDE81040F0F7CAB880
:106C400010BDC0F307231070000E5370D0700023E6
:106C5000C1F30720090E9370137150719371D171B4
:106C600070472DE9F047D0F80C8098F800200123F8
:106C700003EB8203028A934241D9BDE8F08708EB17
:106C800086030F21B3F80100B3F80370F0F776F92B
:106C9000044628B100F1C00947B92046F0F79AF838
:106CA000013698F800309E42E9DBE6E76569002D81
:106CB000F3D0A2692B686361954208BFA3612046A7
:106CC000F0F726F8F8F7DCF9C5F800A0236A9BB9BD
:106CD000C4E90755BFF35B8F59E8003F013B49E822
:106CE0000032002AF8D1BFF35B8F00212046013F1C
:106CF000F0F71AF8BFB2CFE71D602562EAE7002679
:106D0000B246CEE773B5C5680121B5F80100F0F7CA
:106D100035F90446002851D02B781A2B00F10406CF
:106D200019D1C378012B2DD14FF480413046FFF7A4
:106D3000EAFE42040FD4D4F88C3000936946D4F8AC
:106D4000943001932046F0F781FE204602B0BDE862
:106D50007040F0F73FB82B78A3B9B5F8033040F294
:106D6000E2425343C4F88830B5F80530A4F89030B7
:106D7000B5F80730A4F892306FF480513046FFF731
:106D80003CFF17E0BFF35B8F6368BFF35B8FDB04EF
:106D9000F2D52B78202BEFD194F89830002BEBD044
:106DA000013B84F898304FF42032002304F1400076
:106DB000F8F7E8FB2046F0F7A5FAC6E702B070BD89
:106DC00010B5EFF77BFB6FF4807104461030FFF7CE
:106DD00014FF2046BDE8104000F0B5BBC368DB7867
:106DE000012B01D1FFF7ECBF7047C368DB78012BA3
:106DF00001D1FFF7E5BF70470020704710B5038849
:106E00004288934219D8052B17D9B2F5486F14D888
:106E10008388B3F5FA7F10D2C088A0F10A0189B245
:106E200040F67644A14208D801339BB25343B3EBFA
:106E3000800F34BF0120002010BD0020FCE738B5D2
:106E4000C3680F21B3F801001D78F0F797F80446E6
:106E500020B365B12846EEF76FFC2946024620466E
:106E6000F0F710FB2046BDE83840EFF7B3BF83785A
:106E7000012BEFD102F034FC2046FFF71AFE002868
:106E8000E8D10520EEF758FC052102462046F0F730
:106E9000F9FA0521204600F02CFCE3E738BD70B577
:106EA000C6680F21B6F801003578F0F767F8044698
:106EB00088B34DB12846EEF73FFC294602462046EE
:106EC000F0F7E0FA204603E0F378C27A9A4203D161
:106ED000BDE87040EFF77EBF8278C372012A05D00B
:106EE0000020EEF729FC00210246E8E70BB102F092
:106EF000F7FB2046FFF7DDFD0028F1D10520EEF776
:106F00001BFC052102462046F0F7BCFA052120466D
:106F100000F0EFFBD6E770BD6FF00B0070474FF449
:106F20007070704708B5F3F753FD18B1C089003889
:106F300018BF012008BDF0B5C5682F8887B00121B2
:106F4000B8B2F0F71BF8064660B302ACD5F80220E1
:106F5000D5F8063001946989009102F058FA18B307
:106F60004FF0FF304FF0FF31EEF79CFB0546B0B11C
:106F700012210C30FFF728FC0346224623F8027B3F
:106F800006AF144603CCBC4218605960224603F198
:106F90000803F6D1294642F21A00EEF7EFFB30461D
:106FA000EFF718FF07B0F0BD4FF0FF304FF0FF31A3
:106FB000EEF778FB04460028F1D002210C30FFF7F1
:106FC00003FC2146078042F21B00E6E770B5064647
:106FD0000D464FF0FF304FF0FF31EEF763FB0446F4
:106FE00060B103210C30FFF7EFFB0680857021466E
:106FF00042F22100BDE87040EEF7C0BB70BD73B532
:10700000C368D9789A781E8842EA0122ADF8002038
:1070100059791A7942EA0122ADF80220D9799A7990
:1070200042EA0122ADF804201A7A5B7AB4B242EA4D
:10703000032301212046ADF80630EFF79FFF0546F8
:1070400028B902212046FFF7C1FF02B070BD694692
:10705000F0F7ACF938B91E212046FFF7B7FF2846F4
:10706000EFF7B8FEF1E74FF0FF304FF0FF31EEF7EA
:1070700019FB04460028F2D00E210C30FFF7A4FBC8
:1070800000230680C0F80A30BDF800304380BDF808
:1070900002308380BDF80430C380BDF80630038120
:1070A000214642F22000EEF769FBD8E773B50646A9
:1070B0000D4601AA002142F22F00EEF7FBFB044629
:1070C00048B90198C368B3F801203280B3F803309F
:1070D0002B80EDF79DFD204602B070BD70B50646D1
:1070E0000D464FF0FF304FF0FF31EEF7DBFA04466C
:1070F00068B103210C30FFF767FB068085702146DD
:107100000022BDE8704040F20640EEF7D3BB6FF0BE
:10711000680070BDC06803781BB13C2B03D1FFF73A
:1071200078BDEEF7E9BC704738B54FF0FF31054642
:107130004FF0FF30EEF7B6FA044668B102210C308A
:10714000FFF742FB2B88038021460022BDE8384030
:1071500042F21600EEF7AEBB6FF0680038BDF8B52E
:1071600007460E464FF0FF304FF0FF311546EEF761
:1071700099FA044678B106210C30FFF725FB3B88CD
:1071800003804680858021460022BDE8F84042F217
:107190002200EEF78FBB6FF06800F8BD08B5002045
:1071A0000021EEF72FFB18B1BDE80840EEF7E0BA7A
:1071B000BDE80840EFF740BF08B5072205F006F923
:1071C000B0FA80F0400908BD0B6803608B888380AB
:1071D0008B7983717047BFF35B8F0068BFF35B8F60
:1071E0007047F8B50F46144638BB4FF0FF304FF0EC
:1071F000FF31EEF757FA054610B327210C30FFF7A1
:10720000E3FA3946FFF7E0FF06462246C31D04F1C4
:10721000100152F8040B43F8040B8A42F9D11022F2
:10722000002106F1170005F0C9F829460022BDE843
:10723000F84042F22700EEF73DBB6FF01500F8BDB5
:107240006FF06800FBE7037A5B07024605D501464D
:107250002A3211F8010BFFF7C4BF704738B54FF061
:10726000FF3105464FF0FF30EEF71CFA044658B1E7
:1072700029460C30FFF7B7FA21460022BDE8384016
:1072800042F22D00EEF716BB6FF0680038BD10B467
:1072900000F11003BFF35B8F53E8002F22F400517D
:1072A00043E80014002CF7D1BFF35B8F930403D5A0
:1072B00010BC012100F045B910BC704770B5044600
:1072C00086B00E4601300131FFF776FF2A341622D0
:1072D00000210546684605F071F8102269462046EF
:1072E00005F074F840B1102206F12A01204605F09D
:1072F0006DF8002808BF0125284606B070BD38B5D6
:107300004B6805460C4673B90B7A13B9037A5B07D1
:1073100009D520682A7803789A4204D02946FFF7D5
:10732000CDFF00B1656038BD00F1100208B503461D
:107330001046FFF750FFC10511D5BFF35B8F52E830
:10734000000F40F4005042E800010029F7D1BFF3DC
:107350005B8F18460021BDE8084000F0F2B808BD78
:1073600010B50C4630B919B1F3F7F0FA00B1441C6E
:10737000204610BD0024FBE718B111B10846EEF716
:107380002BBD6FF01500704713B5044680B1062180
:107390006846F6F7CDFE48B99DF80530694603F01A
:1073A0003F0320468DF80530FFF7E6FF02B010BD21
:1073B0006FF01500FAE7003818BF01207047037A14
:1073C000D90704D523F001030372EEF771BD9907C5
:1073D00004D523F002030372EEF7F4BD70470020DA
:1073E0007047034610F4004F0CBF07200620DA0355
:1073F00048BF00F005009B0348BF00F0FB0070474A
:10740000BFF35B8F0068BFF35B8F70472DE9F74FC9
:107410008A4601904FF0FF314FF0FF30EEF742F90E
:107420000446002849D020210C30FFF7CDF9202256
:10743000002180464FF0000904F0C0FFDAF8007028
:1074400008F1010B4D46DAF80420914509D3019863
:1074500088F800500022214603B0BDE8F04FEEF757
:1074600029BA7A7897F800C0A81C81181F2908D972
:10747000BCF1090FC0F11F0217D1002A15DD4FF032
:10748000080CD6B2711C0BF80510691CC9B2023683
:107490000BF801C079685BFA80F02E4404F066FFB7
:1074A000F5B209F101090837CDE72046EDF7B0FB49
:1074B0006FF0150003B0BDE8F08F6FF06800F9E7DA
:1074C000012303FA01F15AB1BFF35B8F50E8003F8B
:1074D0000B4340E80032002AF8D1BFF35B8F7047BE
:1074E000C943BFF35B8F50E8003F0B4040E80032D8
:1074F000002AF2D0F7E770B5064686B00D464FF089
:10750000FF304FF0FF31EEF7CDF80446B0B10C304C
:1075100095B10121FFF767F906F1100203A9204692
:1075200000950823EEF7ACF80022214642F20A004B
:10753000EEF7C0F906B070BD2946EBE76FF06800C2
:10754000F8E7FFF7D8BF183003F0F4BDEFF7E0B865
:107550000368D90444BF43F48063036003689A045A
:1075600044BF43F400630360704701F12003013816
:1075700013F8012D00F8012F8B42F9D17047002339
:107580000B60436813B9C0E900117047196041608E
:107590007047D0F8B400003818BF01207047084683
:1075A00089691160C2691A60C27A0021183004F03A
:1075B00005BF10B50346BFF35B8F53E8000F40EAE9
:1075C000010243E80024002CF7D1BFF35B8F10BD0C
:1075D0002438EFF76DBB036800220BB918467047DB
:1075E0008B4210D10B6842B942680360914200D1CE
:1075F000436000230B600120704713604368994289
:1076000008BF4260F5E71A461B68E6E710B5044676
:10761000006918B1EDF7FCFA0023236110BD70B5C5
:1076200016460D4601210446EFF77EFB012E17D0CA
:10763000022E17D1236913B12046FFF7E7FF25611A
:1076400021690A8A012A37D9CB681B8804339BB287
:107650009A4231D328D92046BDE87040FFF7D6BF03
:10766000206918B92046FFF7D1FF01E02E8A26B91C
:107670002846BDE87040EDF7CBBA0C30FFF7F0F8C4
:10768000864207D921690022204600F06AFA0023C9
:107690002361EDE720692A8AE9680C30FFF79AF840
:1076A0002846EDF7B5FACBE70023236120460122F7
:1076B000BDE8704000F055BA70BD10B5BFF35B8FE8
:1076C000D0F8C830BFF35B8F00F1C8027BB1BFF3C5
:1076D0005B8F591C52E8004F9C4204D142E8001CC9
:1076E000BCF1000FF6D1BFF35B8FE7D110BD184698
:1076F000FCE710B5437B023B0446062B16D8DFE8B7
:1077000003F009041515150B09000173002120462B
:10771000EFF7A0FB002010BD0088FFF7DFFC00287A
:10772000F9D1637B072BF5D10821F0E76FF07F00DB
:10773000F1E710B50446D0F8A40028B9207A04F186
:107740007001F3F745F938B1E278C3892AB913F02B
:10775000210F14BF0120002010BD13F0240FF8E703
:107760008278012A034606D1C07A28B1D3F8A40052
:1077700010B1007B70470020704738B58378012B2B
:10778000044629D1437B072B29D10B0601F07F0545
:107790000BD54FF400410430FFF70BFFA5722046D4
:1077A000F2F774FDA8B9002038BD437AAB42FAD293
:1077B000837AAB42F7D2BFF35B8F031D53E8001F00
:1077C00021F4004143E80012002AF7D1BFF35B8F98
:1077D000E4E7637AA372E7E76FF01500E4E76FF080
:1077E0007F00E1E78378012B0CBF407A00207047CF
:1077F00038B5037A8B420446154615D100F1700165
:107800000722284604F0E2FD80B1E378072243B95D
:1078100004F17E01284604F0D9FDB0FA80F0400959
:1078200038BD04F17701F5E70020F9E70120F7E71B
:1078300008B5EFF77BFE10B1EFF7CCFA012008BDD9
:107840008378012B0CBF703000207047F8B50746D5
:107850000D464FF0FF304FF0FF31EDF723FF0646A6
:10786000D0B10E210C30FEF7AFFF0E2204460021EE
:1078700004F0A4FD3B8823802B8863806B88A38061
:10788000AB88E380EB88238131460022BDE8F840D5
:1078900042F21300EEF70EB86FF06800F8BD70B555
:1078A0008478012C0A4621D1BFF35B8F4568BFF372
:1078B0005B8FC5F3C0242D0500F1040603D5BDE898
:1078C0007040EFF7D7BE0988A0F88C105188A0F857
:1078D0008E109188A0F89410D288A0F896204FF4CA
:1078E00000513046FFF765FE204670BD6FF0150071
:1078F000FBE7704710B50446F8F7D4F8234653F871
:10790000482BD2F8B41061B9A164D2F8B81061B9AB
:10791000C2E92D33F8F7DAF82068BDE81040EFF738
:1079200075BA8B42F6D00968EDE70B60C2F8B83043
:10793000F0E703682BB141681A6802608B4208BF08
:107940004260704770472DE9F843446B002C55D0D6
:1079500054F8085905B1083D002701E02C461D46A2
:10796000D4E900682EB3F8F79DF8D6F8B43004F1E6
:107970004801002263B1994232D1A36C42BBD6F8D0
:10798000B820C6F8B430914201D1C6F8B830A76427
:10799000F8F79CF804F13009002200234846F7F775
:1079A0003DFB0646F8B9D8F804300BB1204698479D
:1079B0002760E3680BB120469847D8F820300BB118
:1079C00020469847D5B1AB68002BC7D0083BC5E728
:1079D0001360D6F8B830994208BFC6F8B820D6E789
:1079E0001A461B68C6E7B36923B1F16920686FF0D6
:1079F0006D0298473046EDF70BF9CDE7BDE8F88307
:107A000038B5436B0D46BBB1184650F8084904B170
:107A1000083C53F8043C9B680BB1294698475CB17D
:107A20002046A468436824B19B68083C002BF4D12D
:107A3000F6E79B68002BF0D138BDF8B50E46002163
:107A40000746154600234FF480320846EFF720FF23
:107A5000044630B104210C30FEF7B6FE07704670C4
:107A600045802046F8BD70B505460068B8B1407B3A
:107A7000072814D1002A0E7A14BF02200120864262
:107A800010DCC87A07280DD98A61CB6105F1300076
:107A900003F05BFA2846FFF72DFF002070BD6FF062
:107AA0007F00FBE76FF01500F8E7406B30B1838B88
:107AB0008B42A0F1080001D08068F7E7704710B54D
:107AC0004AB989B2FFF7F1FF28B143689B6913B146
:107AD000BDE81040184710BD38B50D460521FFF729
:107AE000E4FF00231A462946FFF7BDFF044610B104
:107AF0002846EDF78DF8204638BD38B50B8A032BA4
:107B000005460C4621D9042104F10C00FEF78CFE39
:107B1000238A42889A4218D14178B1B10378012B67
:107B200013D0132B11D0022201202D68FFF785FFFF
:107B3000044650B102210C30FEF746FE00230370CC
:107B4000437021462846FFF7C7FF002038BD406B31
:107B500030B183898B42A0F1080001D08068F7E73B
:107B6000704738B50B8A032B05460C4604D82046CF
:107B7000BDE83840EDF74CB8042104F10C00FEF7E5
:107B800053FE41882846FFF7E2FF0028EFD0436804
:107B900021465B699847EAE770470346006828B1C9
:107BA000596802681A60884208BF5A6070470346E5
:107BB000002003B970471A8A5B681044F9E710B5D2
:107BC000D4682378023113B92170012010BD8B4293
:107BD000FBD0038A023B038200201061F6E773B5F5
:107BE0001446014605464FF49572206801F07FF86F
:107BF000207530B92068294601F0B9F920B9082369
:107C00002375002002B070BD237AB3B1A3F118022E
:107C1000534253419B000193638A0093AE68238AC9
:107C2000E26820682946B047002808DB238A83429F
:107C30000CD1002323750120E4E70223EBE710F1C8
:107C4000FF0F03D34042C0B22075DAE70E20FBE7F6
:107C50001FB5CDE90123002300931A46F1F70EFA70
:107C600005B05DF804FB2DE9F04F91B01668804631
:107C70000F46002542F601030068D6F804908DF8FF
:107C80002C500BA91446ADF82E30FEF74AFE002802
:107C900000F089804FF42053D8F800008DF82C5064
:107CA0000BA9ADF82E30FEF73CFE38B1A3681BB12E
:107CB0005A88BA4200D25F8001200EE0616808460F
:107CC000FFF775FF728B738D9A4294BFC0EB020071
:107CD000C0EB0300032803D8002011B0BDE8F08FEB
:107CE0000846FEF744FD05466068FFF760FF728DA9
:107CF000738B05F10C0B9A4294BFC0EB020AC0EBE8
:107D0000030A5846FEF7ACFD824544D26068FFF78F
:107D10004EFF728D738B9A4294BFC0EB0200C0EB92
:107D2000030070B96368987AECF7CAFE002200235A
:107D3000FEF7EAFC05460028CED001466068FEF753
:107D400027FD00230093D8F80460102302AA4146BF
:107D50004846B047061E26DB227CE068B2421ED0B1
:107D600001460BA8FEF70BFEE8B1F2B202A906A885
:107D7000FEF705FEB8B106A90BA8FEF7D2FD90B933
:107D800000236374042105F10C00FEF71DFDA060C3
:107D90000780A3688FE75846FEF762FDC1E702A996
:107DA00004F014FBEBE70023A36085E7F8B59368C4
:107DB000166805460F46144663B9506801210C3019
:107DC000FEF702FDA0602B681B78002B14BF022376
:107DD00001230370A3681B78012B03D0022B1FD053
:107DE00000201CE02B681B78002BF9D1606804216F
:107DF0000C30FEF7E9FCE06007802A68E3685288EF
:107E00005A806168728D738B088A9A4294BFC0EB66
:107E10000200C0EB0300042894BF00200120F8BD3D
:107E20002B681B78022BDBD1606812210C30FEF727
:107E3000CBFCE06007802B68E268591C02321133EA
:107E400051F8040B42F8040B9942F9D16168728D24
:107E5000738B088A9A4294BFC0EB0200C0EB030008
:107E60001228D9E770B405686A6A52B3136803B17F
:107E7000A83BA2F1A8040022114600E0A83B8442DE
:107E800007D0668D648BB14238BF3146A24238BFFD
:107E900022461C462BB1D3F8A830002BEED18442E9
:107EA000EFD1438D408B8B4201D890420BD9824257
:107EB00038BF02469942286838BF194670BCF1F7AE
:107EC00073BD1146EDE770BC7047D068037804318C
:107ED00013B90170012070478B42FBD091680B8A67
:107EE0000020043B0B82106170472DE9F04F0446DF
:107EF00085B0104690469946FFF759FE638B628D18
:107F0000934228BF134683428B4640F293806368B6
:107F100003934046FEF72BFC4FF0000A064640460E
:107F2000FFF745FE628B638D06F10C079A4294BF02
:107F3000C0EB0205C0EB03053846FEF791FC854215
:107F400017D24046FFF733FE628B638D9A4294BF8F
:107F5000C0EB0205C0EB03058DBB98F80A00ECF7F7
:107F6000AFFD00220023FEF7CFFB064630B957468F
:107F700036E03846FEF774FC0546EDE7014640461C
:107F8000FEF706FC4046FFF712FE628D638B06F19A
:107F90000C079A4294BFC0EB0205C0EB03053846BC
:107FA000FEF75EFC85421FD24046FFF700FE628D61
:107FB000638B9A4294BFC0EB0205C0EB0305F168E6
:107FC000328ACDF80090DBF8047003980A44ABB213
:107FD0005946B847071E0CDABAF1000F18BF5746CA
:107FE000384605B0BDE8F08F3846FEF739FC054647
:107FF000E5E70E9BB3B9394606F10C00FEF7E4FB4A
:108000004046FFF7D4FD638D628B934228BF134631
:10801000B9448342BA441FFA89F9A8D9AF423FF460
:108020007EAFA4E70F9A0E9B39463046984700284A
:10803000E1D19CE70027D3E70368002203B970472A
:108040008B420FD10B683AB942680360914200D16C
:10805000436000230B60704713604368994208BF78
:108060004260F6E71A461B68E8E7BFF35B8F50E80B
:10807000003F43F0080240E800210029F7D1BFF398
:108080005B8FC3F3C00070472DE9F3411768D7F841
:108090000480002314461373014606469522404689
:1080A00000F025FE0546207330B93146404600F009
:1080B0005CFF28B908232373002002B0BDE8F081DB
:1080C000CDE900553146A388A2683846FFF70DFF79
:1080D000002807DA10F1FF0F26BF4042C0B20E2081
:1080E0002073E9E70120E8E72DE9F3411768D7F8A5
:1080F0000480002314461373014606469522404629
:1081000000F0F5FD0546207330B93146404600F0D9
:108110002CFF28B908232373002002B0BDE8F081AA
:10812000A068798B7A8D038A914294BFC3EB0103D7
:10813000C3EB0203012BEFDD02210C30FEF744FB01
:10814000CDE900558046A388A26831463846FFF73E
:10815000CCFE031E06DA13F1FF0F26BF5B42DBB233
:108160000E23D8E7A8F800300120D6E708B5437BF6
:10817000072B01D0002008BD0421FFF7E8FC0028F0
:10818000F8D0BFF35B8F036DBFF35B8FDB07F1D5D7
:1081900050F8040CEFE72DE9F04104468868FFF73A
:1081A00006FD638B628D934228BF134683420D46C2
:1081B0001DD3A165D1F8088000278F60F7F772FC06
:1081C00041462046EFF796FE064638B1C5F80880CE
:1081D000A765F7F77BFC3046BDE8F081618D638BC6
:1081E000994228BF1946284600F0BEFEF1E76FF01D
:1081F0007906F0E738B5BFF35B8F0B68BFF35B8F91
:10820000DB07054616D550F8040C98B16B6D8BB999
:108210000430FFF7C2FC044660B10146281FFFF797
:10822000BAFF38B155F8043C5A6822609A685C601D
:1082300002B99C6038BD2DE9F041446A074634B369
:1082400054F8A86906B1A83E00231D4607F10408AA
:1082500001E034461646A26D92B905B983B940468D
:10826000FFF79BFC054650B101462046FFF793FF00
:1082700068B17B682B60BB687D6003B9BD60234635
:108280002EB1D6F8A820002AE3D0A83AE1E7BDE84D
:10829000F08170B504460E46002200230846F6F72A
:1082A000BDFE054658B101462046EFF723FE0446C1
:1082B00018B12946304602F053FE204670BD6FF0DB
:1082C0000104FAE7F8B50546071F00F1500350F81E
:1082D000044CBFF35B8F53E8001F21F0040143E817
:1082E0000012002AF7D1BFF35B8FFCB16B6D83B92D
:1082F000636873B1201DFFF750FC064601463846FF
:10830000FFF749FF90B163683360A368666003B903
:10831000A66005F158013846FFF7BBFF30B104F104
:108320000C013846BDE8F840FFF7B3BFF8BD38B5DB
:1083300004460D46EFF7DEFD30B1294604F15C003E
:10834000BDE8384002F001BE38BD2DE9F041884655
:1083500017460121042205461E46EFF7D9FB0446C5
:1083600070B104210C30FEF72FFA80F80080A0F8DD
:108370000170C67021462846BDE8F041FFF7D7BF1F
:10838000BDE8F08107B5CA681388528800920C21B5
:108390000D22EFF7CDFF03B05DF804FB07B5CB6806
:1083A00000221B8800920A210B22EFF7C1FF03B0C5
:1083B0005DF804FB2DE9F041CB681F88BBB2162B9A
:1083C00005461BD90321EFF7F3FB0646C0B1022196
:1083D0000C30FEF7F9F900244FF0410880F80080D6
:1083E000447031462846FFF7A2FF2846A5F81A80B8
:1083F0006F85FFF737FD2046BDE8F0810420FBE7DD
:108400000E20F9E737B50C46054601F10C00FEF7E2
:108410001BFA228A0192E26800920346132212217B
:108420002846F0F7EDF803B030BD37B50C460546E9
:1084300001F10C00FEF708FA228A0192E26800922C
:108440000022034611462846F0F7DAF803B030BDA3
:1084500070B50E461546FFF789FE78B1436A6BB1D9
:10846000184650F8A83903B1A83B691C428D448BCB
:10847000A24228BF2246914202D93BB9002070BDDA
:108480002A463146BDE87040EFF742BBD3F8A8401A
:1084900004B1A83C18462346E8E7F0F76FBD0A8A06
:1084A000C9680023F0F74AB970B5054650F8043C96
:1084B00055F804690446002B32D031B1436D7BB3CB
:1084C0001B7CDA072CD505231DE03046F1F78CFA2A
:1084D000737A012B24D0646D14B3237CDB071FD582
:1084E000E368002BEFD06269617C2846EFF710FB50
:1084F000064638B1D4E90512E368984750B13046D2
:10850000ECF786FB0E23002228461146BDE870409A
:10851000F0F714B931462846EFF7ECFC0028EED10D
:1085200070BD30B5054689B055F8043B044618685F
:10853000FFF786F96946EFF77FFB2846F0F738F931
:1085400060681321FFF7D5F809B030BD10B50446B7
:1085500088B054F8783D1868FFF772F96946EFF76C
:108560006BFB2046FFF7DDFF08B010BD70B50E466F
:10857000FFF7FCFD044628B93046ECF749FB6FF0E5
:108580007F0070BD00F10C052846314602F0DDFC8D
:10859000606A38B150F8A84904B1A83C2946FFF7F1
:1085A00078FE20B90020ECE71C466FF00100002C9B
:1085B000F8D0D4F8A83023B90230F5D020461C46B4
:1085C000ECE7A83BF8E738B505460C46F7F76AFA3A
:1085D0002846FFF7CBFD20B9F7F778FA6FF07F0058
:1085E00038BD0023236083683BB9C0E90144FFF72D
:1085F00022FEF7F76BFA0020F2E71C608460F6E7D2
:108600000120704708B5FFF7B1FD98B1436A8BB1FF
:10861000BFF35B8FA83B03F1540252E8000F20F038
:10862000080042E800010029F7D1BFF35B8FD3F8BF
:10863000A830ECE708BD08B50421FFF788FA30B18F
:10864000BFF35B8F006DBFF35B8FC0F3C00008BD4D
:1086500010600020704710B5029CA36833B1B1F5DB
:10866000807F28BF0E21CAB221469847A37DE268C9
:10867000013BDBB2A37522B11BB92046BDE8104017
:10868000104710BD10609180002070470020704797
:1086900008B5072203F09AFEB0FA80F0400908BD41
:1086A00010B503789342044607D10130FFF7F0FF7D
:1086B000002814BF2046002010BD0020FCE710B5A4
:1086C0000346BFF35B8F53E8000F40EA010243E823
:1086D0000024002CF7D1BFF35B8F10BD10B503460B
:1086E000BFF35B8F53E8000F00EA010243E8002468
:1086F000002CF7D1BFF35B8F10BD0B6803608B8834
:1087000083808B7983717047BFF35B8F0068BFF301
:108710005B8F704770B50D46064611F8010BEEF7FA
:1087200005FF044610B12C89EEF754FB6B89A34278
:1087300007D0EB686C8123B121463046BDE870401C
:10874000184770BD38B5BDF81040A24215460CD888
:108750004CB16BB1A21A8A42A8BF0A4694B2224613
:10876000591903F003FE204638BD6FF00600FBE701
:108770006FF00D00F8E730B585B0C96814461D46A6
:10878000F0F78EF900B10089ADF80E0002230093D6
:10879000BDF820200DF10E0329462046FFF7D2FF39
:1087A00005B030BD1FB50C461946E3681C7810466D
:1087B000BDF818203CB110240133069404B0BDE884
:1087C0001040FFF7BFBF5B88ADF80E300223009367
:1087D0000DF10E03FFF7B6FF04B010BD30B585B044
:1087E0001D46002314468DF80C30F0F72BF910B11C
:1087F000037A8DF80C3001230093BDF8202003ABE1
:1088000029462046FFF79EFF05B030BD2DE9F04117
:1088100014461D46BDF81870ECF7A6FF0646E7F7AC
:1088200069FF80B2069033463A4629462046BDE8A5
:10883000F041FFF787BF30B585B014461D46FEF7FF
:108840006EFB0223ADF80E000093BDF820200DF161
:108850000E0329462046FFF775FF05B030BD10B561
:10886000F0F76AF8044640B1014611F8010BECF745
:1088700059FB002323606360A360002010BD70B526
:1088800000F1700605463146007AFEF74BFB0446C0
:108890003146287A1CB1BDE87040FFF7E0BFF0F721
:1088A0004BF810B104604460846070BD022A10B5BA
:1088B00008D1002300F170011A46007AF0F744F95C
:1088C000022010BDFFF7DBFFFAE737B504460D467F
:1088D000EFF7F0FF024688B1037A8DF804300C30D0
:1088E000FFF712FF00F001008DF80500022301AA36
:1088F00029462046ECF71EFB03B030BD0346F7E7E0
:10890000F0B507683D7889B00646144635BB7B88CC
:10891000B3F5245F04D01BD8A3F52053032B1DD837
:10892000ADF80A1002220DF10A01204603F0E0F82A
:1089300048B97B88ADF80A3002220DF10A012046C1
:1089400003F0D6F870B16FF01502C4F85C2106E0B0
:1089500003F55643FF339BB2042B12D90125284659
:1089600009B0F0BD009003AA776813233146B847D9
:10897000021EEADB03A9204603F0BAF80028EDD076
:10898000E1E7ADF80A1002220DF10A01204603F0DA
:10899000AFF80028D7D17B88ADF80A3002220DF15C
:1089A0000A01E8E708B50C3029B10121FFF787FE7D
:1089B000C043084008BD6FF00101FFF78FFE00F0D3
:1089C0000100F7E710B50446FFF7ECFF38B1214688
:1089D0000122BDE8104011F8010BF0F775B810BD89
:1089E0002DE9F0411F46BDF81830012B0646904690
:1089F0002DD83B44012B3D462CDCF0F723F80446F0
:108A000018B9F0F71FF8044638B397B1217A98F8EF
:108A10000020002321FA03F0C70703D522FA03F050
:108A2000C0071DD50133032BF4D102F00702114317
:108A3000217206F17001601CFFF75FFE337A23702C
:108A400001212046FFF7BEFF2846BDE8F0816FF008
:108A50000605F9E76FF00C05F6E76FF01005F3E790
:108A60006FF01205F0E770B504461546FFF7C8FD34
:108A700048B12046EFF7E6FF28B1037ADB0702D5BD
:108A80000121FFF79FFF85B9207A04F17001EFF70C
:108A900053FF024648B101468560BDE8704011F8B9
:108AA000010B04230832ECF72FBA70BD2DE9FF410A
:108AB000884616461F46044628B96FF01505284615
:108AC00004B0BDE8F08102A9FDF703FF05460028C8
:108AD000F3D101A92046FDF7A9FC0198D0B902A95C
:108AE0000020EFF7E7FE044648B9EFF7ABFF044676
:108AF00078B3002300F8013B02A9FFF7FEFDB8F1AF
:108B0000000F22D0022269463846B047002808DA12
:108B10000546D4E70A222946FBF7A8FE0028DED046
:108B2000CBE79DF800302372022804D000212046B4
:108B3000FFF748FFC3E79DF801100129F6D801F0BF
:108B400001012046FFF72EFFB9E72046F0F7D4F8E1
:108B5000B5E76FF00B05B2E738B5BDF81010BDF8FA
:108B60001840059DA14210461A460CD84CB16DB173
:108B7000631A9A42A8BF1A4694B22246294403F0C7
:108B8000F5FB204638BD6FF00600FBE76FF00D00E7
:108B9000F8E713B5044610B9002002B010BD002359
:108BA0008DF80430006842F6030301A9ADF80630E1
:108BB000FDF7B7FE0028EFD1E36898880028ECD1D4
:108BC0002046F0F72BFA013080B2E6E770B5CC68AA
:108BD00088B008461E46A3798DF80C301546FFF77D
:108BE000D8FFADF80D00246823786BB96388ADF821
:108BF0000F3005230093BDF8302003AB31462846E3
:108C0000FFF7A0FD08B070BD631C0DF10F02113419
:108C100053F8041B42F8041BA342F9D11323E9E7DC
:108C20001FB5CDE90123002300931A46F0F726FA79
:108C300005B05DF804FBF0F70FBB38B5044659B139
:108C400000F170052946007AF0F79CFB207A29464E
:108C5000BDE83840FFF739BE38BDF8B506460F46C7
:108C6000EFF748FE394604463046FEF75BF968B335
:108C700064B304F108056FF001012846FFF72EFDEB
:108C8000C20703D539463046F0F77CFB6FF002018E
:108C90002846FFF723FD830703D539463046FFF703
:108CA00014FE2846FFF730FD80B9234603F8010B78
:108CB000C4F80100C3F80300BFF35B8F55E8003F21
:108CC00045E80002002AF9D1BFF35B8FF8BD10B56B
:108CD0000446A0F1170110F8180CFFF7BEFF14F8B6
:108CE0000C0CA4F10B01BDE81040FFF7B6BF38B57E
:108CF0004C8AD3070546C4F30E0404D514F0950F2F
:108D00002AD04B6843B3900704D514F4957F25D03F
:108D10008B681BB3144014F4DE7F0DD0EB7A2BB9B3
:108D20002846FEF706FDD8B9052038BD14F0300FEF
:108D300004D114F4C07F07D10020F6E72846FEF7DF
:108D400051FD0228F5D8EFE7D5F8A430002BEBD081
:108D50005B7BDB06E8D5EFE70220E6E70320E4E7EC
:108D60000F20E2E72DE9F041437B072B86B0054653
:108D70000C46174640F0848000238DF8143020689C
:108D800042F6030305A9ADF81630FDF7CAFD90B908
:108D90006668002E74D00090012304AA2146B047D3
:108DA00001286DD19DF8103013F0300F68D02046A7
:108DB000F0F734FB0446002320688DF8143005A931
:108DC00042F60213ADF81630FDF7ABFD18B12046A0
:108DD000F0F724FB0446002642F6021820688DF8BE
:108DE000086002A9ADF80A80FDF79BFDF0B90023E9
:108DF00020688DF8143005A942F60213ADF816303C
:108E0000FDF78FFD00283BD16668002E38D000901A
:108E1000022305AA21462846B047022830D1BDF8D2
:108E200014301F4214BF012000202AE020688DF872
:108E30000C6042F6030303A9ADF80E30FDF771FD97
:108E40000028D4D020688DF810604FF4205304A976
:108E5000ADF81230FDF765FD0028C8D020688DF808
:108E6000146042F6010305A9ADF81630FDF759FD6F
:108E70000028BCD02046F0F7D1FA04460028ADD136
:108E8000002006B0BDE8F081F8B514460F469422E4
:108E900061680646FFF72BFF20BB61680122304660
:108EA000FFF760FF08B3A2891B2102323046FFF7AB
:108EB000CFFA0546E0B1A1890C300231FDF784FC00
:108EC00020F8027BA289A16803F050FAD4E90412C9
:108ED00028460123EFF7D0FC29463046BDE8F8408C
:108EE000FFF744BB4FF0FF30F8BD6FF01500FBE714
:108EF0006FF00B00F8E72DE9F04105468846EFF7E3
:108F0000A1FD0446E0B1037ADB0719D500F10C0797
:108F10003846FFF7F9FB10F0010611D1B8F1000F48
:108F20000FD06FF002013846FFF7D8FB10F0020FA8
:108F3000284609D0FFF766FB01212046FFF742FDD6
:108F400001263046BDE8F081FFF75AFB0028F8D033
:108F50002846FFF770FB0028F3D06FF00201384677
:108F6000FFF7BCFB2846E5E770470120704701206A
:108F700070470720704708B50621FEF7E8FD00B1ED
:108F8000EC3808BDBFF35B8F0068BFF35B8F08410F
:108F900000F00100704738B50A46034609B90120C0
:108FA00038BDC88910F0240FF9D0197D5D7B147B82
:108FB000A94228BF29468C4201D90020F0E7840647
:108FC00008D4507B197AC0070BD4187A003818BF20
:108FD0000120E5E70521181DFFF7D4FF0028F0D197
:108FE000EBE70029E9D00521181DFFF7CBFF18B9E1
:108FF000197A01390129E0D9527BD207CFD4E4E7AD
:1090000001238B40DB43BFF35B8F50E8002F1A40F6
:1090100040E800210029F8D1BFF35B8F704707209B
:109020007047002370B51A460446EC300D46FEF733
:109030001AFD20B12846BDE87040EBF7E9BD04F504
:10904000A0704FF47022BDE870400023F6F7CEBA4E
:1090500001238B40BFF35B8F50E8002F1A4340E899
:1090600000210029F8D1BFF35B8F704708B50E21AE
:10907000FFF7EEFF002008BD38B505460B4604306B
:109080000D21FFF77FFFA0B1DC68D5F8EC3002209E
:10909000197A03F1700200F0ABFB80B1224600F1B7
:1090A0002A0304F1100152F8040B43F8040B8A421E
:1090B000F9D128460921FFF7CBFF002038BD082051
:1090C000FCE770B5051D0E4628460421FFF75AFF40
:1090D00068B10022002100230846EEF7D9FB0446C0
:1090E00040B904212846FFF7B3FF204670BD4FF476
:1090F0007022EFE701210C30FDF766FB0670F4E704
:1091000038B504210446FFF7DCFF054698B110216D
:109110000C30FDF759FB04F1270304F1370253F833
:10912000041B40F8041B9342F9D120462946FFF75F
:1091300078FF002038BD0820FCE72DE9F04790B00B
:1091400004460CAD10220021284603F037F9237A9B
:10915000052B1ED8DFE803F0060303061D21D4F813
:10916000D8300C93D4F8EC3004F1470204F1C7076F
:10917000CDE9017204F1370803F17E0204F12709F9
:10918000009277334A46414604F19700F1F732FCEA
:1091900098B1082010B0BDE8F087D4F8E430002B77
:1091A000E0D02E4603F1100718685968324603C212
:1091B0000833BB421646F7D1D4E7D4F8EC3003F1BC
:1091C00077027E3308AE019304F1110302920093FB
:1091D00003962B4642464946384600F0CAFB002813
:1091E000D7D1237A052B0FD1D4F8E010002948D02D
:1091F0000B46AC4601F1100E18685968624603C26E
:10920000083373459446F7D1D4F8EC3003F17E026D
:1092100077330DF1100A019304F10A0302920093CF
:10922000CDF80CA02B464A464146384600F0A1FB3B
:109230000028AED11022514604F1B70003F0C6F861
:1092400020BB0D212046FFF73CFF07460028A0D099
:1092500010210C30FDF7B8FA32460346164603CE0D
:10926000AE4218605960324603F10803F6D1394620
:109270002046FFF7D6FE201D0121FFF7E9FE002062
:1092800088E71022284603F099F8BDE70B2081E714
:1092900070B5D0F8EC30DB78012B044619D1CD68DD
:1092A000061D10213046FFF7ABFE2B4604F1B70236
:1092B00005F1100153F8040B42F8040B8B42F9D16D
:1092C00007213046FFF75EFE28B109213046FFF73F
:1092D000BFFE002070BD0A213046FFF753FE002874
:1092E000F3D12046BDE87040FFF727BF70B5061DDB
:1092F000CD6804460B213046FFF782FE2B4604F171
:10930000170205F1100153F8040B42F8040B8B42CD
:10931000F9D1237A012B09D0022B13D12046042145
:10932000FFF796FEBDE87040F0F71EBD0A213046FB
:10933000FFF728FE0028F1D030460021FFF788FE15
:10934000002070BD0820FCE7072070470720704709
:109350000720704730B5012303FA01F1CA43BFF378
:109360005B8F50E8003F03EA020440E80045002D0F
:10937000F7D1BFF35B8F194214BF0120002030BD2D
:1093800038B50446031D0025BFF35B8F53E8002F5B
:1093900043E800510029F9D1BFF35B8F04F5A070B9
:1093A00001F0C8FE2572BFF35B8F54E8003F44E82C
:1093B0000052002AF9D1BFF35B8F20460121BDE89E
:1093C0003840FFF745BE70B500F1700605460C4603
:1093D00007220968304602F0F9FFB8B963681A68D5
:1093E0002A679A88A5F874209B7985F87630D5F895
:1093F000A4305BB1A268934208D062681168C3F8D8
:1094000001109188A3F805109279DA7170BD2DE9E9
:10941000F84FDDF82C80BDF82890044692461F4690
:10942000FFF7A9FD054600285AD0061DB9F1000F27
:1094300027D15AEA070324D103213046FFF7A2FDC2
:10944000D0B301213046FFF79DFDA8B32C7D6B7B87
:109450009C4228BF1C46224605F14701404602F0C7
:1094600085FF0F2C06D8C4F11002002108EB040080
:1094700002F0A4FF30460121FFF7EAFD0120BDE81C
:10948000F88FD4F8A430F3B904F1700B217A5A465E
:109490002020F1F73FFAC4F8A40030B9217A5A46E7
:1094A0000120F1F737FAC4F8A400B9F1000F0AD18E
:1094B0005AEA070704D006E0D4F8A430002BE3D022
:1094C000D4F8A41071B90F213046FFF75BFD20B12D
:1094D000022206212046EDF7D5FF2846FFF750FF70
:1094E0000020CCE7CB899B06EDD50C7B1A312246B8
:1094F000B4E76FF085007047F8B5031D06460F46C8
:1095000018460221FFF73EFD044620B1B6F8E840B8
:10951000B4FA84F4640903211846FFF733FD58B107
:1095200039463046F0F776FF052194B1D6F8EC00C5
:10953000FEF7DFF80020F8BD01211846FFF722FDF5
:109540000028EDD10F211846FFF71CFD0028E7D1B8
:10955000EAE73046FFF7B5FD054688B101210C303A
:10956000FDF732F9234607702246294606F1EC0042
:10957000FEF779FA0028DDD02846EBF749FBD9E75A
:109580006FF06800D7E770B504460820F0F7BCFA22
:109590000546E0B1061D08213046FFF731FDBCB39A
:1095A0000721FFF72DFD234605F1970204F1200165
:1095B00053F8040B42F8040B8B42F9D10A213046D0
:1095C000FFF7E0FC70B109213046FFF741FD0720AD
:1095D000F0F79AFA0446E8B1F0F7E8FA0146C8B1A4
:1095E000204612E010213046FFF7CCFC092100286C
:1095F000EAD13046FFF7C6FC0028E8D02846FFF73E
:109600009CFD01460028E2D02846FFF775FFDEE703
:109610000B21F9E770BD2DE9F0410E460446D0F864
:10962000EC80F0F77FFAF768261D05460A213046E0
:10963000FFF790FE38B16DB920463978F0F7EAFEB1
:109640000020BDE8F0810B213046FFF783FE0028A3
:10965000F1D1F1E72B69002BEED040469847EBE7BC
:1096600070B50446A0F1EC0650F8543BE83CD3F842
:10967000A45001F05FFD03212046FFF783FCA0B159
:1096800008213046F0F7C6FE3DB1EB8913B16B7B84
:109690009B0702D5284600F0BFF830464FF4BC7255
:1096A000BDE87040002102F089BE01212046FFF78D
:1096B00069FC0028E4D10F212046FFF763FC002855
:1096C000DED1E1E710B508210446A0F5A070F0F75F
:1096D000A1FEA4F59E700421BDE81040FFF7B8BCC0
:1096E00070B50446FFF747FC0546002879D0061DF3
:1096F00003213046FFF746FC002872D0D4F8A400BE
:1097000008B100F089F8207A04F17001F1F7A2F8AD
:10971000C4F8A40028B928460821BDE87040FFF726
:10972000EBBE0E213046FFF72DFC28B1D4F8A42063
:10973000537B43F0020353732B7A032B11D823B1CD
:1097400005213046FFF71EFCA0B9D4F8A420537BB6
:1097500023F020035373D4F8A420537B23F0010398
:109760000DE0053B012BF0D8D4F8A420537B43F047
:1097700020035373D4F8A420537B43F001035373A5
:109780002B7D697BD4F8A4208B4228BF0B46137332
:1097900005213046FFF7F6FBD4F8A4305A7B08B316
:1097A00042F010025A730D213046FFF7EBFBC0B1B7
:1097B000D4F8A400202100F02BF8D4F8A43005F14F
:1097C00047021A33573552F8041B43F8041BAA42C8
:1097D000F9D1D4F8A420002313615361D4F8A42054
:1097E000138370BD22F010025A73FAE7ECF734BB12
:1097F00070B504460D461646F1F78CF838B9314677
:109800002846F1F727F810B1C3891C43C48170BD05
:10981000C3891943C181704710B5037A5B070446B9
:1098200001D5ECF7CFFB214611F8010BEBF70AFC51
:1098300020464022BDE81040002102F0BFBDF0B537
:10984000064691B01446184626B3342203A9A04711
:10985000051E1FDB01A93046FDF73BF80446C8B9D9
:1098600069463046FCF7E2FD009868B9ADB901AA37
:1098700029463F20F1F74EF818B14022294602F060
:109880009DFD204611B0F0BD0A222146FAF7EEFFF9
:109890000028EBD06FF01504F3E701A90020F0F7E2
:1098A000D9FF0246E8B1342D02D0FFF7B5FFF1E74A
:1098B00003AB00F10C050FAF1E4603CEBE4228607D
:1098C0006960334605F10805F6D130682860537B9E
:1098D000D907D6D513F0300FD3D123F0010353733A
:1098E000CFE76FF00B04CCE701460246342311F8B2
:1098F000010B0C32EBF798BB531E1944024411F8CC
:10990000013900F8013B9042F9D1704710B5431E70
:1099100000F11002073013F8011F12F8014D1C70FE
:1099200083421170F7D110BDF0B597B014460E46C2
:109930002022014605A81D461C9FFFF7DDFF2022BF
:1099400031460DA8FFF7D8FF2146102201A88DF857
:109950005450FFF7D1FF3B46412205A901A8F1F77A
:10996000DFF8044610B93846FFF7D0FF204617B09D
:10997000F0BD2DE9F04397B00446164605A8102225
:109980001D46DDE91F98219FFFF7B6FF10223146E3
:1099900009A8FFF7B1FF102229460DA8FFF7ACFF79
:1099A0001E99032211A8FFF7A7FF4946D9F8010025
:1099B00011F8013B8DF8473012908B88ADF84C3090
:1099C000062212A8FFF798FF4146062211F8013B34
:1099D0008DF84E30D8F80130CDF84F300DF14F00F2
:1099E0008B88ADF85330FFF787FF2146102201A87E
:1099F000FFF782FF3B46412205A901A8F1F790F845
:109A0000044610B93846FFF781FF204617B0BDE87D
:109A1000F08310B50369C0E905330023C360837F79
:109A2000044613B1407AF2F7DDFB012323770023CC
:109A30006377E377A37710BDF5F728BAF5F79EBAF9
:109A40000378027903F00F011AB959B14FF0FF30D2
:109A500070470829FAD8012A04D183F0080040F39E
:109A6000C000704743F3C000704738B50446F1F7B3
:109A7000A7F8054660B1037A6BB120460024F2F7DF
:109A800035FC2846AC77FFF7C4FF2C72204638BD62
:109A90006FF01500FBE76FF07700F8E770B504464C
:109AA0000E461546F1F76CFD30B906B925B12046D2
:109AB000BDE87040F1F7ACBD70BDC343C3F3C01344
:109AC00000F00F0000EB0310704708B5F1F722FE1D
:109AD000818208BD08B5F1F71DFEEFF31183402226
:109AE00082F31288BFF36F8F02690A60027B2AB982
:109AF000807D83F31188BFF36F8F08BD0420F8E7E2
:109B00000369C9B20C2201FB0233186C00F0070094
:109B1000704770B5C9B20369EFF31185402484F32F
:109B20001288BFF36F8F0C2606FB0134246C14F0EF
:109B3000C00408D0A24206D085F31188BFF36F8F0E
:109B40004FF0FF3070BD06FB013301221A6485F32C
:109B50001188BFF36F8F436803EBC1035B689847BD
:109B60000020EFE78022FFF7D4BFF8B5069F046915
:109B7000C9B2EFF31186402585F31288BFF36F8FCA
:109B80000C2505FB0144256C05F0070CBCF1010F09
:109B90000CD1276486F31188BFF36F8FC4E90E23BD
:109BA000436853F8313098470020F8BD05F0C005F0
:109BB000AF4286F31188BFF36F8F0CBF6FF0770051
:109BC0004FF0FF30F1E713B580240094FFF7CDFF8D
:109BD00002B010BD10B40069CBB21C2403FB04001A
:109BE000002110BC10471046F5F74ABA00F06BBCD4
:109BF000F4F748BB4FF4AF607047002208B5114638
:109C00001046F8F7F1F9002818BF6FF0150008BDED
:109C1000F7B50F4616464FF480650024A64203D8D8
:109C200016D0162003B0F0BD331BB3F5806F38BFDC
:109C30001D462A4601AB39190020F8F705FA20B96C
:109C4000019BAB4201D12C44E8E76FF01500E9E736
:109C50000020E7E7F7B51C4616460023826823601C
:109C6000A36053690D4601AA69469847019B5A1E95
:109C700001921BB96FF0150003B0F0BD0098A26807
:109C800047682168676085B9B31AD0F800C063459A
:109C900028BF63461A4403FB07112160A2600268D3
:109CA0009A4206D808300090E0E76B1AB3FBF7F34E
:109CB000EBE70020E0E713460022FFF7CBBF2DE9DA
:109CC000F047836886B05B698846914601A902AA7D
:109CD00098470024A2462546029BAB4202D806B014
:109CE000BDE8F087019F07EBC50700267B6804935A
:109CF0003A68B2420AEB060302D801359A46EBE70E
:109D000003940593494603A8C0470028E7D0049B65
:109D100001361C44ECE710B50C4600F00DFF0023A3
:109D2000C4E90003184610BD38B505460C4600F0DE
:109D300003FF002D07DBA84205D9401B84428CBFDE
:109D40000020012038BD0020FCE770B50D462846F4
:109D5000194616461C46FFF7E7FF38B124B12246E4
:109D60002946304602F002FB002070BD6FF015005E
:109D7000FBE743685B68D3F810350B600020704741
:109D800043685B6802EA010021EA0201C3F80805A2
:109D9000C3F80C150020704743685B680020C3F8C7
:109DA0000815704743685B680020C3F80C157047BE
:109DB00043685A68D2F8043521EA03000B40C2F820
:109DC0000805C2F80C350020704710B503695868C3
:109DD000F8B1884219D19C6808685860A14200D146
:109DE0009860002008602AB15A680A609A68596031
:109DF00002B99960002010E0814206D10868206015
:109E000098688142EDD19C60EBE704460068002829
:109E1000F2D1002AE8D16FF0150010BDF4F7EEBCC6
:109E200013B54FF080520829136E526E28BF0821D7
:109E300012BA00921BBA0C460A466946019302F018
:109E400095FA204602B010BD30B543681360057A1C
:109E5000446804EBC504A34202D36FF0010030BD97
:109E60005C798C4201D00833F0E70020F7E74368C3
:109E70001B68D3F88004C3F88004704742681368F5
:109E8000D3F8100150B1D269002012780A70C3F8DB
:109E90001001D3F8102101221A6070474FF0FF30F3
:109EA0007047002A0FDD42681368D3F8100158B1DB
:109EB0000020C3F81001D269D3F8100112780A709B
:109EC0000120186070470020704710B543681C6877
:109ED0000369EFF31180402282F31288BFF36F8F82
:109EE0001A68D17B39B991731B680122DA734FF478
:109EF0008003C4F8043380F31188BFF36F8F10BD63
:109F000003691A68D17B21B1012191731B6800227A
:109F1000DA737047026911680346C87B40B15B6819
:109F20001B68D3F8580118B100230B611368988996
:109F3000704743681B68D3F81001003818BF012030
:109F4000704743681B68D3F80423D2065CBF102215
:109F5000C3F80423704743681B68D3F80423D20670
:109F600044BF1022C3F80823704743681B684FF4AE
:109F70000072C3F80423704743681B684FF40072F3
:109F8000C3F80823704738B543681D68D5F8043313
:109F90005B02044605D4D5F8040310F0100006D186
:109FA00038BDFFF7B7FF0028F5D00120F8E72046BD
:109FB000FFF7BFFF003818BF0120F1E7012070470D
:109FC0000369186801601B685A607047026803469D
:109FD000D2F8580140B95B68DB0706D4D2F82001FB
:109FE000003818BF012070470120704710B4436843
:109FF00002691B68D3F80413C90517D5D3F82011DB
:10A00000A1B1EFF31181402484F31288BFF36F8F65
:10A01000D3F8204134B10024C3F82041D3F82041C3
:10A020000124DC6081F31188BFF36F8F1168D3F8CE
:10A03000584171B17CB100240C611168C97B19B918
:10A040004FF48001C3F8081311688C7B1CB1002306
:10A050008B7310BC7047D3F8241121B10021C3F8D1
:10A060002411D3F8243112681368002BF1D0516801
:10A0700010BC184713B501AA0446FFF7E5FE0028F7
:10A0800005DB019B226819791868F2F783FF02B09B
:10A0900010BD6FF085007047F8B50022054601211C
:10A0A0000220EAF7C9FA0220EAF796FA6C68012161
:10A0B000E068FFF7DFFF6B681A682369C2F8243590
:10A0C000617D237D0B43A17D0B43C2F86C356E6827
:10A0D000D6E9004313F001033CD02F6904F10C01D1
:10A0E00007F10C0204F5907000F044FA002830DB10
:10A0F000387BF4F7DFFA0823C4F80035B369C4F8F5
:10A1000044350023C4F848350123A360D4F85831FE
:10A11000002BFBD00026C4F800656B683146D86878
:10A12000FFF7A8FF6D6831462C68E868FFF7A2FFCB
:10A130000823C4F800352A7A52B9EB69C4F83435DB
:10A140000123C4F83835C4F81021D4F81021236055
:10A150000020F8BD0822C4F80025B269C4F84425DF
:10A16000C4F848350123A360D4F82031002BFBD07C
:10A170000023C4F82031D4F820310123E3604FF4E8
:10A180008073C4F80433C1E72DE9F04106693368F0
:10A190009C89BFF35B8F94420546A8BF14461033D9
:10A1A000012753E8002F002A03D143E8007000285C
:10A1B000F7D1BFF35B8F0CBF3B4600232BD1336835
:10A1C0002246986802F0D2F8EFF31188402383F317
:10A1D0001288BFF36F8F69680846FFF7F7FE326891
:10A1E00040B91061044688F31188BFF36F8F204691
:10A1F000BDE8F0810B689268C3F844250022C3F8DB
:10A200004845C3F82021D3F82011C3F85821D3F8CA
:10A2100058219F60E7E71C46E9E700F150039B00E7
:10A220009BB203F1804303F5883300221A601B6858
:10A2300070474FF0FF30704708B5006990F8343030
:10A240008B4207D990F835303BB1C9B2F4F790FC96
:10A25000002008BD6FF01500FBE76FF00A00F8E77B
:10A260001FB5046900230193CA070393236B02936C
:10A270005CBF012301938B0758BF019B01A958BF05
:10A2800043F00803204658BF019300F0B3FC0028B8
:10A2900006DB204600F0BDFC012384F835300020A9
:10A2A00004B010BD70B403460C46DA880068197912
:10A2B0002243056986682B6801248C4012F0010F47
:10A2C00014BF2343A3432B60336870BC184701239A
:10A2D00003FA01F103691B68194203D022B18368B4
:10A2E0001B6903E0002AFAD08368DB681847012164
:10A2F000F3F72ABA0021F3F727BA10B54FF0FF3071
:10A300004FF0FF31F3F730FA044628B9D7F746FF8C
:10A31000044618B1F3F730FA204610BDF3F72CFAD3
:10A320002046EAF739FFF7E738B50B8A0D463BB10F
:10A3300001F10C00FCF780FA012818D0022803D0A4
:10A340006FF01504204638BD4FF0FF304FF0FF315D
:10A35000F3F70AFA04460028F4D1E868E3F707F8AF
:10A360000446F3F709FAACB1F3F7E6FAEAE74FF07F
:10A37000FF304FF0FF31F3F7F7F904460028E1D141
:10A38000E868F3F781FB0446F3F7F6F9002CD9D11E
:10A39000F3F7D2FA2846EAF73BFC0024D2E7F3F7BA
:10A3A000F5BA10B531220446002102F007F8202347
:10A3B00023708023A3706FF03F0363710423A372A3
:10A3C0002823A3730223E3730423A3756FF0080308
:10A3D00063760323A3766FF00F03E3767E23237760
:10A3E000302384F820306FF03F0384F82130792344
:10A3F00084F822306FF0010384F82330012384F8BD
:10A400002430802384F82630042384F82730402326
:10A4100084F82D3010BD08B50323E2F79BFB002024
:10A4200008BD08B5F3F79AFE002008BD08B5F6F799
:10A43000C9FD48B1002383F31188BFF36F8F042354
:10A44000184602DF6FF0040008BD08B54FF0FF3179
:10A450004FF0FF30F3F788F9E6F724F9BDE808403C
:10A46000F3F78AB9684620F007018D4601B5E1F798
:10A470006FF9BDE8014085467047684620F0070146
:10A480008D4601B5E0F716F9BDE8014085467047F5
:10A49000684620F007018D4601B5E0F7FFF8BDE8FA
:10A4A00001408546704708B5E5F74BFF002008BD21
:10A4B000F7F744BD08B5E9F74BFCE9F71FFDBDE828
:10A4C0000840F7F73BBD7047012802D10020E1F7B3
:10A4D0007DBD70477047E1F777BB08B5E2F770FACA
:10A4E00030B1EFF305800338032894BF002001202A
:10A4F00008BD704703460020184700F0C1BB10B5E7
:10A5000002461168B1B1BFF35B8FB1FA81F3C3F1B9
:10A510001F000123834021EA030352E8004F8C42CD
:10A5200004D142E8003CBCF1000FF6D1BFF35B8FD1
:10A53000E7D110BD6FF00B00FBE710B50368CB400F
:10A54000DB0714D401238B400268BFF35B8F43EA1F
:10A55000020150E8004F944204D140E8001CBCF1D5
:10A56000000FF6D1BFF35B8FEED1002010BD6FF06E
:10A570001500FBE770B50C46002105460846164657
:10A58000F4F78AF800280ADB3378DB0003F1804314
:10A5900003F5F8330020C3F81055C3F8144570BD17
:10A5A000F7B5019001A8DDE9084716461D46F4F706
:10A5B00089F8019BB6F1000C18BF4FF0010C00EBBD
:10A5C00083000B1E18BF0123002D43EA4C0314BF68
:10A5D0004FF00C0C4FF0000C002C43EA0C0314BF9E
:10A5E0004FF4E06C4FF0000C002F43EA0C03D0F85E
:10A5F000002714BF4FF4403C4FF0000C43EA0C031B
:10A6000022EA030301B109780EB1367876001943C6
:10A610000DB12D78AD0031430CB1247824022943CB
:10A620000FB13F783F040C433C43C0F8004703B0F0
:10A63000F0BD1FB50DF10F03019300238DF80F102E
:10A6400000931A461946FFF7ABFF05B05DF804FB0F
:10A6500010B504460846F4F745F804EB4004A08A18
:10A66000C0F3401010BD10B504460846F4F73AF8A0
:10A6700004EB4004A08AC0F3400010BD10B50446AE
:10A680000846F4F72FF804EB4004A08A400B10BDF5
:10A6900070B5044608461646F4F724F808300D460F
:10A6A00034F81030DA0509D5C3F3432304EBC302B1
:10A6B000314654F83330526828469847A3682BB186
:10A6C000E26831462846BDE87040184770BD10B5B5
:10A6D00004460846F4F706F800B204EB4000838A0B
:10A6E000DA051DD5C3F3432123F4F853838204F123
:10A6F000120204F1720032F8023F13F4807F03D09B
:10A70000C3F3432399420BD08242F4D104EBC1033B
:10A7100000225A6004F17800BDE81040FFF70DBF39
:10A7200010BDF0B5034600F58074002005460127F2
:10A73000844695420AD1D3F87C2132B10022C3F875
:10A740007C21D3F87C3140F00040F0BD25F040463C
:10A7500007FA06F6314209D0D4F800E0BEF1000F46
:10A7600004D0C4F800C0D4F800E03043013504340C
:10A77000DFE738B504460D46FFF76AFFB0B1204663
:10A78000FFF771FF90B92046FFF778FF2268012399
:10A790008340C2F80833236800B203EB8003D3F888
:10A7A000102522F00302C3F8102538BD28460021E9
:10A7B000BDE83840FFF73DBF2DE9F043174685B0AF
:10A7C00004460846F3F78EFFD7F800800E4605468C
:10A7D000B8F1000F1FD02046FFF745FF18B1204603
:10A7E000FFF736FF30BB0023CDE900338DF80E3084
:10A7F0008DF80F300DF10F0243460DF10E0130467A
:10A80000FFF7CEFE2AB204EB4202938A23F0020342
:10A8100043F0010393827B68002B34D031462046FD
:10A8200093F80080D3F80490FFF71DFF28B1B9F129
:10A83000000F1FD06FF0150028E028B204EB400095
:10A84000838A23F4604323F020038382B9F1000F4D
:10A8500010D0B8F1030FEDD87B6821685B6893F8DE
:10A8600000C001EB8C01B8F1000F12D1C1F81085C6
:10A87000C1F810852AB204EB4202938A23F01C032C
:10A8800043EA88039382BB684BBB002005B0BDE858
:10A89000F083D1F8102522F00302C1F810252268B8
:10A8A00002EB8C03D3F8102522F44F3222F44072CD
:10A8B000C3F810253202D3F8101502F47C5242EA94
:10A8C00008420A43C3F8102504EB4C03A3F87C604C
:10A8D000838A43EA4C3343F020038382CAE7D3E9F7
:10A8E000007831462046FFF7F2FE002FCDD0636896
:10A8F0009F4206D004F17800FFF701FE002804DA39
:10A90000C4E7A3689845F5D1002004EBC003C3E970
:10A9100001782DB204EB4505C0B2AB8A43EA40236F
:10A9200043F48073AB82B0E72DE9F043054685B070
:10A93000084617461E46F3F7D5FE0C46804637B349
:10A940002846FFF790FE18B92846FFF781FE28BB7E
:10A950000FFA88F905EB4909B9F8143013F01C0F08
:10A9600002D07B78012B19D001238DF80F30002302
:10A97000CDE900737A1CBB1C0DF10F012046FFF7D7
:10A980000FFEB9F8143043F00303A9F81430002E79
:10A9900041D021462846FFF766FE20B96FF015002A
:10A9A00005B0BDE8F08337782B6803EB87030022FE
:10A9B000C3F81025C3F810250FFA88F205EB420200
:10A9C0004FEA870C938A23F4604323F02003938299
:10A9D000707800B32968B67861440004D1F8103566
:10A9E00023F4991323F4F853C1F81035230200F42B
:10A9F000403003F47C5303433005D1F8105500F484
:10AA0000801003432B43C1F81035938A43EA473340
:10AA100043F0200393820020C2E7C0E9031270478D
:10AA200070B504461546FFF713FE48B10846F3F724
:10AA300059FE04EB40040020A38A5B0B2B7070BD11
:10AA40006FF01500FBE738B590F88C4005469CB9CF
:10AA500060222146143001F0B1FC2868C0F87C4126
:10AA6000D0F87C3140F30730E9F7B6FD012385F8D3
:10AA70008C30AB67204638BD6FF07700FBE790F86D
:10AA80008C00003818BF01207047F3F767BE2DE92E
:10AA9000F34104461746FFF7DBFD0D46266800B379
:10AAA0002046FFF7E0FD8046D8B92046FFF7E6FDD7
:10AAB00005B2AD0005F5807246F802802168B258F3
:10AAC0002944D1F8102542F00102C1F810252FB118
:10AAD0002168012202FA00F3C1F8043302B0BDE894
:10AAE000F081D6F80433002BA4BF4FF00043C6F822
:10AAF00004332846F3F7F6FD04EB4004A38AC3F3BE
:10AB00008203042B12D0052B12D001A80195F3F774
:10AB1000D9FD019BD0F81015D94001F00101023197
:10AB2000284602B0BDE8F041FFF783BD0321F7E7F7
:10AB30000221F5E7FFF71DBE4FF080531A695869EF
:10AB4000504370474FF08053186970474FF080535F
:10AB50005869704700F180431A68002A1FBF00221D
:10AB60001A601B68012008BF002070474FF0804327
:10AB70004FF46072C3F8042370474FF080434FF4E2
:10AB80006072C3F80823704708B5F3F7A1FFBDE86A
:10AB90000840FFF7A0BC38B5D1E9005104460023B6
:10ABA000C8034FF47A72490CE2F762FA2368C3F8DB
:10ABB0000C55C3F80405A36863B124680023C4F8E6
:10ABC000003144F30730D4F80031E9F705FD0123E3
:10ABD000C4F8043338BD38B5C0E90223437933B92A
:10ABE0000123437109B1FFF7D6FF002038BD6FF094
:10ABF0007700FBE708B543792BB1022B06D0FFF7AE
:10AC0000CAFF002008BD6FF07600FBE76FF00F0071
:10AC1000F8E7036801221A6002234371704710B5F8
:10AC2000EFF31184402383F31288BFF36F8F03790E
:10AC3000072B11D80B700133037102680978D2F821
:10AC4000080501238B400343C2F80835002084F334
:10AC50001188BFF36F8F10BD6FF00B00F7E703682B
:10AC6000D3F80414D3F800214AB10022C3F800211C
:10AC7000D3F80031D0E902324FF4807018477047A2
:10AC800008B1EAF705B8704710B5436904463BB907
:10AC90000020E268537843F001035370404210BD36
:10ACA00098470028F4D00028B8BF4042E368FF2846
:10ACB000A8BFFF201870ECE740B1C368587810F0C7
:10ACC00001001EBF1878B0FA80F040097047EFF31A
:10ACD0001183402383F31288BFF36F8FFEE708B51B
:10ACE000FFF7F5FF10B400F10C04C0E9034410BCF9
:10ACF000FAF792BB38B50446EFF31185402383F38E
:10AD00001288BFF36F8FFAF737FB04F10C0000F0E5
:10AD100003FB30B1294604F11400BDE83840F4F7D4
:10AD20009BBE85F31188BFF36F8F38BD4169826880
:10AD300042EA010313F003030FD1C3600369013B2F
:10AD400003FB0122002B01DA00207047C16811606B
:10AD50004169C260013B521AF4E76FF01500704779
:10AD600010B5C0E904320023816083610446FFF717
:10AD7000DDFF0028A8BFC4E9004410BD2DE9F04163
:10AD800005460F46EFF31188402383F31288BFF383
:10AD90006F8FC668F6B90468A0421BD0D4B1D4E95D
:10ADA000003213605A60637BA66023F00203637372
:10ADB000C4E9006604F1180000F022FB2046E667B3
:10ADC000276100F04AFA414605F10800BDE8F0416C
:10ADD000F4F742BE3E60AB69EF60013BAB6188F3C4
:10ADE0001188BFF36F8FBDE8F08108B54024EFF301
:10ADF000118384F31288BFF36F8FFBF74EFCF6E7E5
:10AE000090F90E308B4201D0F4F7B4BD00207047AA
:10AE100003460020C3E90200C3E900337047D0E9CC
:10AE2000003213605A60427B002322F00202C0E924
:10AE300000334273836070472DE9F843914604461E
:10AE40009DF820200D4600F10807EFF31186402100
:10AE500081F31288BFF36F8F02B14568D4F8088080
:10AE6000474518D0B8F1000F15D04046FFF7D7FF7F
:10AE700008F1180000F0C4FA0023C8F87C30C8F8C4
:10AE80001090404600F0E9F938463146F4F7E4FD09
:10AE90000020BDE8F883A3B10820F5F793FA002855
:10AEA00038D00122C0F804900260016801F003016B
:10AEB0005DB922680A430260626820606AB9606016
:10AEC0000BE0C9F800304846EFE72A68032A16D895
:10AED0000160616869B9C4E90000042104F110004F
:10AEE00000F06DFB0028CFD186F31188BFF36F8F80
:10AEF000CFE70A6802F0030202430A60DFE722F0AC
:10AF000003020A4302602A6802F0030240EA0203D5
:10AF10002B60E2E76FF00B00E6E710B5044630B1B6
:10AF20000268930703D0446809B100F07FFB204614
:10AF300010BD0023C0E9003300F10803C0E902336B
:10AF400000F11003C0E90433704707B501230093F3
:10AF500000230A461946FFF76FFF03B05DF804FBB4
:10AF600007B500230A4600931946FFF765FF03B0B3
:10AF70005DF804FB00680021FFF7CFBF5AB18A4299
:10AF800009D300F11003C0E90212C0E90000C0E9D2
:10AF90000433002070476FF01500704702680123EA
:10AFA0008B4022EA0303036022FA01F000F0010063
:10AFB0007047704710B5032104460C30FFF7EEFFD1
:10AFC00030B104F1100000F01BFAB0FA80F0400933
:10AFD00010BD20B1002211468C3000F0D8B9704766
:10AFE00070B5C368C3F340069B07044616D4856852
:10AFF00002210C30FFF7D2FF80B1D5F884206AB16E
:10B0000094421DD122689EB9D5F88830C5F88420B5
:10B010009C4201D1C5F8882000232360E36813F027
:10B020001F001EBF43F00203E36040F0020070BD4A
:10B030003260D5F88820944208BFC5F88860EBE7F5
:10B0400016461268DBE773B50446EFF3118540231B
:10B0500083F31288BFF36F8F0023A0F11006032142
:10B0600004380193FFF79AFF28B1A369019301A95E
:10B070003046F4F77FF985F31188BFF36F8F02B084
:10B0800070BD38B504460D461022002101F096F936
:10B09000656038BD13B501900846EFF31184402375
:10B0A00083F31288BFF36F8F01A9F4F763F984F378
:10B0B0001188BFF36F8F02B010BD10B5FFF7EAFF24
:10B0C000041E08DDEFF31180402383F31288BFF3E1
:10B0D0006F8FF4F7D3FC204610BD70B50D46EFF32B
:10B0E0001186402383F31288BFF36F8FF4F79EF924
:10B0F000044686F31188BFF36F8F38B14FF0FF32EB
:10B100004FF0FF3305F11000F3F7F4FF204670BD58
:10B1100008B5A022002101F051F908BD38B5302250
:10B1200004460D46002101F049F94FF48073656033
:10B13000E36038BD38B50446EFF31185402383F34F
:10B140001288BFF36F8FFFF735FF2046FFF748FFE8
:10B1500085F31188BFF36F8F38BDF8B504460D46EF
:10B16000EFF31186402383F31288BFF36F8FC36818
:10B1700003F01F03002B14BF0127002705D186F31E
:10B180001188BFF36F8F3846F8BDFFF713FF2046D5
:10B19000FFF726FF29462046F4F7CEF886F31188FC
:10B1A000BFF36F8F0028EED04FF0FF324FF0FF3328
:10B1B00005F10800F3F79EFFE5E7D0E900321360E0
:10B1C0005A60427B002322F00202C0E9003342733E
:10B1D00083607047EFF30580003818BF0120704787
:10B1E0006FF057007047D0E9003213605A600023B7
:10B1F000C0E90033704708B5FFF7F5FF437B23F044
:10B20000020343730023836008BD38B504460D462E
:10B21000F4F70EFB637B43F002036373E5B1A560B3
:10B220002B689D4209D16B68C4E900531C606C60B7
:10B2300012E06A689A42F6D01B68002BF3D094F9AA
:10B240000E2093F90E108A42F3D09142F1DD5A6834
:10B25000C4E9003214605C6038BD10B5EFF31184AE
:10B26000402383F31288BFF36F8FF4F79FFA84F3C0
:10B270001188BFF36F8F10BD08B5EFF31181402225
:10B2800082F31288BFF36F8F83680BB1FFF7B3FFB0
:10B2900081F31188BFF36F8F08BD10B50146EFF33E
:10B2A0001184402383F31288BFF36F8F437B13F025
:10B2B000280F0AD183680BB1FFF79DFF4B7B23F06A
:10B2C00004034B730846F4F771FA84F31188BFF353
:10B2D0006F8F10BD01211838FFF7DFBF08B5034697
:10B2E000EFF31181402282F31288BFF36F8F006861
:10B2F000834207D008B1FFF77EFF81F31188BFF3C7
:10B300006F8F08BD0020F8E710B5FFF7B5FFBDE867
:10B310001040183000F074B838B504680546AC42E7
:10B320004FF0000000D138BD002CFCD02046FFF7C4
:10B33000EBFF2046FFF791FF2C680120A542F1E7C3
:10B3400038B504460D46F4F741FCB5F1FF3F08BFA0
:10B35000B4F1FF3F0246204618D000204FF47A7423
:10B3600047F6FF730146C2FB0431B3F5004F71F19C
:10B3700000020BD36FF400429A4243F6FF728A41F7
:10B3800026BFD80B40EA41406FF0004038BD38B5C9
:10B39000EFF31185402383F31288BFF36F8F0468A6
:10B3A000A04212D09CB1E16722612046FFF723FF43
:10B3B00004F1180000F024F82046F4F7F7F9012012
:10B3C00085F31188BFF36F8F38BD0020F8E7204662
:10B3D000F6E708B50246F4F7B5FD70B1D0E90431DF
:10B3E0009B1A61EBE272B3F1004F72F1000104DAD3
:10B3F000002AACBF1846002008BD6FF00040FBE7F4
:10B4000038B50246EFF31185402383F31288BFF36A
:10B410006F8F0368CBB1F4F795FD04461046F4F73F
:10B42000A3FD00224FF000438442C0E9042306D16B
:10B43000F4F790FDFFF7CDFF0021F2F797F8002019
:10B4400085F31188BFF36F8F38BD6FF01500F7E7F4
:10B4500008B5F4F795FE08BDF4F792BEB3F1FF3FCF
:10B4600008BFB2F1FF3F70B506461D46144614D022
:10B470001A4316D0002B08DBF4F782FE041941EBC7
:10B480000501C6E90041304670BD6FF001031C1B89
:10B490004FF0FF3363EB0501F3E74FF0FF34214634
:10B4A000EFE70024FBE7B3F1FF3F08BFB2F1FF3F36
:10B4B000F8B5074616461C4610D054EA020311D0D0
:10B4C000F4F75EFEB0420A46A14103460AD2F31ADF
:10B4D00064EB0204C7E900343846F8BD4FF0FF338F
:10B4E0001C46F7E70023FBE70023C0E9081200F140
:10B4F0001802C0E90622C0E90033036343637047C2
:10B5000010B50446FFF77CFFA8B9636A0BB120466B
:10B51000984704F11800FFF7E1FE60B1FFF79DFEC8
:10B52000EFF31180402383F31288BFF36F8FBDE8E0
:10B530001040F4F7A3BA10BD2DE9F0418468054628
:10B540000E46D4B16378012B22D114F8533C9A07EC
:10B5500011D5A4F160073846FFF7D6FE082E0CBFC0
:10B560006FF003030023E36114F8533CDB0602D1C0
:10B570003846FFF772FE00232370EB68C3F3863270
:10B580001643002066F39433A860EB60BDE8F081B9
:10B59000022BF0D12378002BEDD054F8048CB8F1B5
:10B5A000000FE8D004F11400FFF72AFFA4F11407FC
:10B5B0000023E36239464046FFF76CFDDBE738B510
:10B5C000EFF31185402383F31288BFF36F8F046874
:10B5D000A04211D0D4E9003213605A600023C4E9BC
:10B5E00000332046FFF7A8FF85F31188BFF36F8F64
:10B5F000201E18BF012038BD0024F5E7043270B5C5
:10B6000004460ED2EFF31185402686F31288BFF36D
:10B610006F8F41F00401984785F31188BFF36F8F56
:10B6200008B9002070BD40F8044BFBE720B1011FB2
:10B6300050F8040CFFF75EBB70470020704770475E
:10B6400010B5044608B1F5F77DF82046BDE8104076
:10B65000F5F768B80346C068E0B15888D0B11B88D8
:10B6600003F44F42B2F5824F09D1DBB2272B2AD027
:10B6700008D8172B0FD0222B34D0122B16D06FF0F6
:10B6800085007047302B2FD0413B012BF7D8FF2886
:10B6900039D100207047C028FBD0E128F9D0B0F59F
:10B6A000807F0CBF00206FF08600704720F02003E1
:10B6B000C02BEED020F08003B3F5807FE9D040F2BC
:10B6C00009239842EDE7E928E3D0EF28E1D040F2E2
:10B6D0001B139842DDD040F299139842D9D040F222
:10B6E0003B23EEE7E928F1E720F02003C02BD0D080
:10B6F00020F04003B3F5807FCBD0B0F5C07FC8D039
:10B70000B0F5007FCDE7B0F5E07FCAE73AB1002998
:10B7100018BF0023D21A2121184400F04FBE7047F1
:10B720002DE9F04F89B09B4600238DF81B30159B07
:10B73000DDF85080002B91460B460D460CBF4FF4B0
:10B7400000624FF4806207A9DDE912A7F5F762F9FC
:10B750000446D0B9079E0DF11B0231882846F5F743
:10B76000F5F9044688B99DF81B30BB421FD8CDE9D6
:10B770000338CDE901BACDF80090D6E909122B467D
:10B780003046F5F7B3FD044608B1C8F80070D8F8A4
:10B7900000303A4621465046FFF7B8FF0798F5F7C4
:10B7A00087FD002C18BF204609B0BDE8F08F6FF070
:10B7B0008904EAE741F2062398421AD8B0F5905F6F
:10B7C00009D241F2010398420CD0B0F5885F09D04C
:10B7D0006FF085007047A0F5905080B26923C34098
:10B7E000DB07F5D511F0070F0CBF00206FF08600C6
:10B7F0007047B0F5105FEBD121F04003802B06D0ED
:10B80000B1F5807F0CBF00206FF0860070470020EC
:10B81000704770B5446A05460E463CB90120F4F7FE
:10B820007BFF686228B1AE62204670BD6FF08A006F
:10B83000FBE76FF08C00F8E7F8B51E460F4603886B
:10B840001546C2B103F4E043B3F5805F02D0B3F50F
:10B85000005F10D1089BE90019600088FFF7AAFF7C
:10B86000044630B92A463946304600F07FFD079B32
:10B870001D602046F8BD6FF08504FAE710B5044658
:10B88000406A10B1A16AFFF7DBFE0020C4E909009D
:10B8900010BD38B50546FFF7F1FF2B7F012B04469D
:10B8A0000ED0023B012B0ED82B6A012B18BF6FF074
:10B8B00096042C220021284600F080FD204638BD49
:10B8C0002B6A002BF2E76FF09604F2E770B504885C
:10B8D000049E154604F4E042B2F5805F19D0B2F53B
:10B8E000005F16D024F4405044F20102904210D080
:10B8F00004F44F42B2F5824F0BD0B2F5884F08D016
:10B90000B2F58E4F05D0803C24F0FF04B4F5485FBB
:10B910000ED1B5420FD818462A4600F027FD721BFB
:10B920000021284400F04AFD059B00201D6070BDE9
:10B930006FF08500FBE76FF08900F8E77FB50E46F2
:10B940001D461446BAB100232B60012203A9F5F766
:10B9500061F870B9CDE9004503983346D0E9091282
:10B9600000F06BFA04460398F5F7A2FC002C18BF10
:10B97000204604B070BD6FF08900FAE770B5048806
:10B98000049E154604F4E042B2F5804F22D124F41F
:10B99000405044F2010290420DD004F44F44B4F5FB
:10B9A000824F08D0B4F5844F05D0B4F5884F02D04B
:10B9B000B4F58E4F0ED1B5420FD818462A4600F086
:10B9C000D5FC721B0021284400F0F8FC059B0020E8
:10B9D0001D6070BD6FF08500FBE76FF08900F8E730
:10B9E000F0B50F4685B01E4615460AB300233360F6
:10B9F0001A4603A9F5F70EF8044638B903980388E8
:10BA00005B0406D4F5F754FC6FF08604204605B0BD
:10BA1000F0BDCDE900563B46D0E9091200F018FA16
:10BA200004460398F5F744FC002C08BF0446EDE7F4
:10BA30006FF08904EAE710B50368044653B100F0DB
:10BA400070FA00232360A38823F4FF7323F001031B
:10BA5000A38010BD1846FCE72DE9FF410C460168A4
:10BA600098460023054617460393A9BB4FF4A872D6
:10BA7000083000F0A3FCB8F1000F20463B4614BF8D
:10BA80004FF480624FF4006203A9F4F7C3FF044649
:10BA900020BB039E2A1D31883846F5F757F8044627
:10BAA000E0B96B7968F300036B710097D6E909235D
:10BAB00031462846B8F1000F0BD0F5F72FFC0446AD
:10BAC00060B90398F5F7F4FB0446204604B0BDE8DE
:10BAD000F081F5F743FCF2E76FF088042846FFF7A2
:10BAE000AAFF0398F5F7E4FBEFE70123FFF7B4BFE4
:10BAF00038B50468054664B112B90024204638BD43
:10BB000000F0FAF904460028F7D02846FFF793FF23
:10BB1000F4E76FF08804F1E72DE9F0411746026879
:10BB200005460E46984682B14279D2070DD5027974
:10BB30005AB1BA4216D800F0E8F9044638B9A6B9A5
:10BB40002846BDE8F041FFF776BF6FF08804002378
:10BB5000C8F800702B7146B92846FFF76CFF2046E5
:10BB6000BDE8F0816FF08904F1E72146D8F8003094
:10BB70003A463046FFF7CAFD2846FFF75CFF002C27
:10BB800008BF0446EBE71FB501240394089C029408
:10BB9000079C0194069C0094FFF7C2FD04B010BD01
:10BBA0002DE9F04788B005469A460023079325F013
:10BBB000004323F47F03B3F1106FDDE91096DDF845
:10BBC0004880084617461CD12B464FF4804207A9EF
:10BBD000F4F720FF0446B0B9CDE90368CDE901A927
:10BBE00007980097D0E909122B4600F0A2F9044605
:10BBF00048B90798F5F75CFB0446204608B0BDE855
:10BC0000F0876FF0860431464846F5F781F90798CA
:10BC1000C8F80060F5F74CFBEFE7034608461B88C1
:10BC200003F4E043B3F5805F114602D0B3F5005F43
:10BC300001D1F5F76DB96FF0850070477FB500222F
:10BC400003880A60CDE90122428806460D46002A93
:10BC500069D0028802F4E042B2F5804F63D023F04D
:10BC6000FF03B3F5E24F02D0B3F5824F04D1304663
:10BC7000FFF7F0FC0446D8B902AA01A93046F4F750
:10BC8000D5FF0446002843D1019B9B6A9BB10199D3
:10BC9000304601F12803D1E9091200F087F8044683
:10BCA000002839D101982946F4F726FF044678BBCD
:10BCB000204604B070BD73681B0A22D13088718899
:10BCC00000F4E043B3F5805F15D0B3F5005F12D008
:10BCD00020F0FF03B3F5E24F22D1C0B242280ED1CB
:10BCE0000831C908039103990198FFF792FD0446B2
:10BCF0000028CCD00CE0FFF75DFD044640B90731C9
:10BD0000EFE703A9304600F04CF804460028EAD0DB
:10BD10000198F4F7EDFFCBE70198FFF7AFFDF7E7E8
:10BD20006FF08504F4E76FF08604C1E71C22002160
:10BD300000F044BB03466FF040420846591E914252
:10BD400007D338B103F1404393428CBF0020012058
:10BD5000704701207047034668B1017F8A1E012A9F
:10BD60000BD80329026A03D1012A01D1FFF791BD43
:10BD70001AB1013A1A62002070476FF096007047BE
:10BD800000207047C0B2002814BF6FF0850000206B
:10BD9000704700207047704700221A606FF08600DD
:10BDA000704700230B606FF0860070472DE9F0416B
:10BDB00047683F0A04460D461646984611D1078843
:10BDC0007F0407D44346324629462046BDE8F04169
:10BDD000FFF723BF00F0E9F810F1860FF2D0BDE8BD
:10BDE000F0816FF08600FAE72DE9F04F476885B0E3
:10BDF0003F0ADDE90E9ADDF840B004460D461646CE
:10BE0000984615D1CDE901ABCDF8009000F0BFF810
:10BE100010F1860F0ED14346324629462046CDE921
:10BE20000FABCDF8389005B0BDE8F04FFFF704BD7B
:10BE30006FF0860005B0BDE8F08F10B44468240AA6
:10BE400002D110BCFFF742BD6FF0860010BC7047F6
:10BE50002DE9F34747683F0ADDE90A9A04460D4693
:10BE60001646984611D1CDE9009A00F082F810F1FB
:10BE7000860F0CD14346324629462046CDE90A9A20
:10BE800002B0BDE8F047FFF779BD6FF0860002B061
:10BE9000BDE8F08713B504464868000A0AD1049843
:10BEA000009004F10800F5F701FB08B91C2323609A
:10BEB00002B010BD6FF08600FAE710B404681C2CC5
:10BEC00003D110BC0830F5F71DBB6FF0860010BC25
:10BED000704738B503681C2B0CD100F108042046CC
:10BEE00000F06AF94FF4907105462046F4F72AFCF9
:10BEF000284638BD0025FBE703681C2B02D108301B
:10BF000000F035B96FF08600704710B404681C2C3F
:10BF100003D110BC083000F033B96FF0860010BCBC
:10BF2000704703681C2B02D1083000F035B900209F
:10BF3000704710B44468240A02D110BC00F044B920
:10BF40006FF0860010BC70470020704713B50020CA
:10BF500001AB1446F6F778F830B9019BA34218BF3D
:10BF60006FF0930002B010BD6FF09200FAE700206E
:10BF7000704710B4048804F44F44B4F5824F02D1E2
:10BF800010BC00F046B96FF0850010BC704710B4CB
:10BF9000048804F44F44B4F5824F02D110BC00F081
:10BFA00068B96FF0850010BC704710B4048824F0A5
:10BFB000FF04B4F5E24F02D110BC00F0ADB96FF050
:10BFC000850010BC7047024612F8103BDB0903EBFA
:10BFD000C303C3EB031312F8011D83EA410390422C
:10BFE00013704FEA1323F6D170472DE9FF4705463A
:10BFF0008846144622B3D0F8486100F5947786B994
:10C00000A0444FF010090DF10C0A102CA8EB04020B
:10C0100037D823463946384600F0EEF8C5F848418F
:10C020000EE0C6F110094A450FD8B9191346084663
:10C03000424600F0E1F8D5F848312344C5F84831CC
:10C040000026304604B0BDE8F087B9F1000F08D0F3
:10C05000B91942464B46084600F0CEF8103EC84497
:10C06000344403AB1022019300923B4639462846E4
:10C07000FFF723FF06460028C2D02846FFF729FF16
:10C08000DFE710233946384600F0B6F8CDE9009ACC
:10C090003B46102239462846FFF70FFF0646002888
:10C0A000EBD1103CB1E72DE9F0439846D0F8483188
:10C0B000102B174685B00446894600F59C7200F5A2
:10C0C00094751CD12946284600F096F803AB10223F
:10C0D000019300922B4629462046FFF7EEFE0646C6
:10C0E00030B93A462946484600F040F9C8F8007091
:10C0F0002046FFF7EEFE304605B0BDE8F083C618D7
:10C10000104696F8283183F0800386F82831FFF72F
:10C110005AFF10230246D5E7F0B5D5B004460E46C7
:10C12000174600214FF4A67201A81D4600F046F9FB
:10C1300021463B46324601A8F5F730F9044680B95E
:10C140005A9A294601A8FFF750FF044648B9DDE98D
:10C150005C235B9901A8FFF7A6FF0446204655B073
:10C16000F0BD01A8FFF7B5FEF8E7F5F73DB990F887
:10C170004C31022B01D1FFF738BF6FF088007047B8
:10C1800010B490F84C41022C02D110BCFFF78BBFC9
:10C190006FF0880010BC704710B590F84C31022B3E
:10C1A000044607D1FFF795FE4FF4A8720021204600
:10C1B00000F004F9002010BD08B54FF49072002182
:10C1C00000F0FCF8002008BD10B4048804F44F44CB
:10C1D000B4F5824F02D110BCF5F7BAB96FF0850003
:10C1E00010BC704703460144002013F8012B8B421A
:10C1F00040EA0200F9D1704730B50B4411F8014B09
:10C2000012F8015B994284EA050400F8014BF5D16C
:10C2100030BDF8B5054614466F882D8805F4E04C0E
:10C22000BCF5804F1846DDE9063606D19A421DD886
:10C2300000F09CF834600020F8BD47F212129542DD
:10C2400002D06FF08500F7E7640001349C420DD8FE
:10C250000423B7F5807F34600370F2D10130F5F725
:10C26000F5FA0028E7D06FF08600E5E76FF0890067
:10C27000E2E72DE9F0411F460388DDF820800E46F5
:10C2800044F212118B42154642882ED047F2121109
:10C290008B423BD102B9EA00B2F5807F36D1202D26
:10C2A00003D06FF08600BDE8F08129463046FFF7E5
:10C2B00099FF0028F5D03046F5F7B4FA0028F0D100
:10C2C000D8F8004034F48074EBD1069B9D4220D80E
:10C2D0002A463146384600F049F8079B1D604FF466
:10C2E0008073C8F800302046DDE71AB9EB07D8D5CF
:10C2F0006A08D200B2F5807F08D1412DD1D13378C0
:10C30000042BCED1701CF5F797FAD7E76FF08500B4
:10C31000C9E76FF08900C6E7F8B50D464788018880
:10C320001E4647F21213FC1D99424FEAD40402D074
:10C330006FF08500F8BD944215D821462846F4F7E1
:10C34000E7FD0028F6D121462846FFF74BFF0028DD
:10C35000F3D0B7F5807FEBD12846F5F763FA0028D4
:10C36000EBD13460E6E76FF08900E3E70A449142DD
:10C3700000F1FF3300D1704710B511F8014B03F8FD
:10C38000014F9142F9D110BD884210B501EB020472
:10C3900002D98442234607D8431EA14208D011F88F
:10C3A000012B03F8012FF8E7024401468A4200D12D
:10C3B00010BD13F8014D02F8014DF7E702440346A2
:10C3C000934200D1704703F8011BF9E710B501391A
:10C3D0000244904201D1002005E0037811F8014F9A
:10C3E000A34201D0181B10BD0130F2E710B56AB1AD
:10C3F0000139841810F8012B11F8013F9A4203D13A
:10C40000A04201D0002AF5D1D01A10BD1046FCE799
:10C4100010B50139044632B111F8013F00F8013B73
:10C42000013A002BF7D10021FFF7C8FF204610BDCD
:10C4300010B5024601448A42134603D01C780132EB
:10C44000002CF8D1181A10BDF0B5C3F13707044617
:10C45000FFB203F01F031046082BE6B233D0102BB7
:10C460003ED06508A40844EA817445EAC1752D19D7
:10C470004FEA910242EB5102290941EA02716D181B
:10C4800042EB1212290A41EA02616D1842EB1222B4
:10C49000290C41EA02416D1842EB1242AD1842F1FB
:10C4A0000002EC0844EA4274D10804EB8402A6EBD3
:10C4B0004205EDB2092D0CD90134A5F10A0541F16F
:10C4C0000001EDB212E0E40844EA417406F0070509
:10C4D000C908303554EA010200F8015BBCD1F0BD57
:10C4E000240944EA017406F00F050909092D84BFE7
:10C4F000ED19EDB2EDE7D1E9043293421EBF5A1CAB
:10C500000A61187070470000014800687047000019
:10C5100054360020BC41FE7F010000004D4C01005C
:10C5200000000000D94C01000000000000000000E5
:10C53000FCC50200E9ED0100000000000DEE010065
:10C5400000000000000000001CC602000000000007
:10C550003CC60200B1E1010000000000A7A40200F7
:10C5600000000000B1A40200000000000000000074
:10C570009CC60200000000007CC602000000000013
:10C58000BCC6020000000000DCC602000000000083
:10C590005CC6020019D4010000000000654A0100D9
:10C5A0000000000000000000FCC602002D39010060
:10C5B0000000000029E2010000000000B5A4020014
:10C5C00000000000C1F101000000000000000000B8
:10C5D0001CC7020055500100000000004DAC0100D6
:10C5E0000000000023A40200000000002DA40200AF
:10C5F0000000000061610200000000006AE5020026
:10C60000BCD4020010C90200F60900200443002037
:10C6100051C401000000000000000000B3E502006A
:10C62000DCD40200DCC80200FE090020CC4300205C
:10C63000B9CD01000000000000000000C1E50200CB
:10C64000F0D40200DCC80200000A0020D843002019
:10C65000B9CD01000000000000000000B7DD0200BD
:10C66000A40D00202CC90200F4090020380300208A
:10C67000AD360100000000000000000079E5020076
:10C6800000000000BCC80200F80900205843002048
:10C69000C9C80100000000000000000089E5020098
:10C6A00000000000CCD40200FA09002000000000C5
:10C6B000FB9B02000000000000000000D7E5020024
:10C6C00004D5020078C90200020A0020DC0800201C
:10C6D00099A0020093A0020000000000E5E502001E
:10C6E0000000000000C90200040A00200009002028
:10C6F0007DD6010000000000000000001DE60200E1
:10C700000000000080D50200060A0020F04300204F
:10C710007DD80100000000000000000099E5020043
:10C7200000000000C4C80200FC0900200000000056
:10C73000C5C90100000000000000000089AB020034
:10C74000F5A40200000000007F660200BCC60200E3
:10C75000ED9F0200000000007F6602000000000064
:10C760007F660200000000007F66020018070020BC
:10C770001D9E0200000000007F6602000000000015
:10C780007F660200000000007F66020000000000DB
:10C790007F660200000000007F66020000000000CB
:10C7A0007F6602005843002039C9010000000000E4
:10C7B0007F660200000000007F6602000009002082
:10C7C0005FAC020000000000A9D4010000000000DE
:10C7D0007F660200000000007F660200000000008B
:10C7E0007F660200000000007F660200000000007B
:10C7F0007F660200000000007F660200000000006B
:10C800007F6602000000000019E201000000000045
:10C810007F660200000000007F660200000000004A
:10C820007F660200000000007F660200000000003A
:10C830007F660200000000007F660200000000002A
:10C840007F660200000000007F660200000000001A
:10C850007F660200000000007F660200000000000A
:10C860007F660200000000007F66020000000000FA
:10C870007F66020049BB0100F5A402000000000031
:10C880007F660200000000007F66020000000000DA
:10C890007F660200000000007F66020000000000CA
:10C8A0007F660200000000007F66020000000000BA
:10C8B0007F660200000000007F66020071C8010070
:10C8C000C9C701004B9D0200F5CB0100D9CA010088
:10C8D000BDC90100179D0200ADC90100F5CD0100E1
:10C8E000739D0200819D0200999D0200A59D02009A
:10C8F000B19D020071CC0100CB9D02000000000040
:10C9000061A2020033A202000DD6010039A202008A
:10C91000A9C40100659B0200C79B02000000000043
:10C92000019B02000000000000000000956302006F
:10C930003937010000000000653501004D63020039
:10C9400045350100FB61020005620200253501004A
:10C9500025620200000000002F62020000000000BB
:10C96000000000003D620200A7630200596202005D
:10C9700093620200616202007D9E020005D1010007
:10C980006F9E020089A10200A39E0200CB9E0200BE
:10C99000019F0200159F0200439F0200579F020063
:10C9A000159F0200339F02006B9F0200799F0200D7
:10C9B000879F0200BD9F0200C19F0200000000008F
:10C9C000000000000500000075780100060000006E
:10C9D000E59A010004000000297E0100E11A01002F
:10C9E000C51C0100D10E010000000000311401003F
:10C9F00000000000C11B010000000000000000005A
:10CA00000000000000000000000000000000000026
:10CA1000C19301000000000000000000E0D202000D
:10CA20000800000080D3020007000000FCCF0200D5
:10CA30000400000068CD02000D0000006CCE020072
:10CA40001400000010E302000000000000000000DD
:10CA50006D4D0100B94F010000000000D9E4020053
:10CA600001000000000000008D86020000000000B0
:10CA700000000000E8E402000100000000000000E7
:10CA8000AD8A02000000000000000000E0E40200A7
:10CA900001000000000000009D880100D592010007
:10CAA000000000002DE50200010000000000000071
:10CAB0003F98020001A9010000000000EEE402001E
:10CAC0000100000000000000B58B0100CD8C0100CA
:04CAD0000000000062
:10CAE00000000000401F00000000000002000000E5
:10CAF000010001000001010000010001000001002F
:10CB00000100000001000B0002000A0005000900FE
:10CB10000A000800140007001E000600320005008D
:10CB20004B0004006400030096000200FA000100BC
:10CB3000F401000002030100F401FA009600640011
:10CB40004B0032001E0014000A0005000200010024
:10CB50000C0802170D01010209090101060209185A
:10CB6000180301010909030305030201230202243A
:10CB70000910040405050B0B040B2B1B1B151A1ABB
:10CB80001C021D16130501490D150508061B1B0F78
:10CB90001D1D0A060601010000FEFEFEFEFEFEFE51
:10CBA000FEFEFEFEFEFEFEFEFEFE16FEFEFEFEFE8D
:10CBB000FEFEFEFEFEFE1F1FFEFE26FEFEFEFEFE2B
:10CBC000FEFEFEFEFEFEFEFEFEFEFEFEFE3E3EFE05
:10CBD000FEFEFE3B3B00A301B103BF05EF02490689
:10CBE000A309C505F50B25120E021C045A03B40651
:10CBF0003006600C01000000101100400000000031
:10CC00000000000000000000000000000406080A08
:10CC10000C0E10121416181C1E20222426282A2C52
:10CC20002E30323436383A3C3E40424446484A4C34
:10CC30004E021A50000000002800000018000000FA
:10CC400000000000141E0000301100000000000071
:10CC500070170000A00F00000000DC05E8030000D2
:10CC600000000000141E00003011000000002CA67F
:10CC7000E0A100003408E8030001030209000C00F1
:10CC800000009001D8ECF0F4F8FC00020304050663
:10CC90000708000000000000000000000000000085
:10CCA0000000000000000101010102020202030372
:10CCB0000303040404040505050506060608090027
:10CCC0000000000000000000000000000000000064
:10CCD0000000000101010102020202030303030438
:10CCE0000404040505050506060708090A0B0C0DD2
:10CCF00000100200FA00000000C20100000008015C
:10CD0000030062746C650000000000000000000079
:10CD10000000000000000000000000000000000013
:10CD20000000000000000000000000000000000003
:10CD300000000000010000000000000000000000F2
:10CD40000338FDD87047000009100000EEDB020038
:10CD500001010000CE09002003040000CA090020E0
:10CD600019020000C8090020B4D80200A5870200FB
:10CD700000000000B0D8020000000100ACD80200A2
:10CD8000CD8B0200000000009C0500200000010087
:10CD9000A4D802005F4E02000000000029DD02005E
:10CDA00000000100A0D80200CD8B020000000000AE
:10CDB000940500200000010098D802005F4E020098
:10CDC0000000000018DD02000000010094D80200FD
:10CDD000CD8B0200000000008C0500200000010047
:10CDE0008CD802005F4E02000000000013DD02003C
:10CDF0000000010088D80200CD8B02000000000076
:10CE0000840500200000010080D802005F4E02006F
:10CE1000000000000DDD0200000001007CD80200CF
:10CE2000CD8B0200000000007C0500200000010006
:10CE300074D802005F4E02000000000007DD02000F
:10CE40000000010070D80200CD8B0200000000003D
:10CE5000740500200000010068D802005F4E020047
:10CE600000000000CF0900200000040024D90200C7
:10CE7000A58702000000000020D902000000010088
:10CE80001CD90200CD8B0200000000001C0600200F
:10CE90000000010014D90200A50E010000000000EE
:10CEA000000000000000040010D90200CD8B020039
:10CEB00000000000140600200000010008D9020054
:10CEC000890E0100000000000000000000000400C6
:10CED00004D90200CD8B0200000000000C060020E7
:10CEE00000000100FCD802006D0E0100151C0100BD
:10CEF0000000000000000C00F8D80200CD8B0200FA
:10CF0000000000000406002000000100F0D802002C
:10CF1000510E0100000000000000000000000400AD
:10CF2000ECD8020077870200C58D0100EC050020D7
:10CF300000000C00E8D80200474E0200000000008C
:10CF400031DD020000000400E4D80200CD8B0200B5
:10CF500000000000E405002000000100DCD8020011
:10CF6000350E010000000000000000000000040079
:10CF7000D8D8020077870200C58D0100CC050020BB
:10CF800000000C00D4D80200474E02000000000050
:10CF90002FDD020000000400D0D80200CD8B02007B
:10CFA00000000000C405002000000100C8D80200F5
:10CFB000190E010000000000000000000000040045
:10CFC000C4D8020077870200C58D0100AC0500209F
:10CFD00000000C00C0D80200CD8B02000000000051
:10CFE000A405002000000100B8D8020000000000E5
:10CFF000891C010000000000000008004CD902005C
:10D00000A58702000000000048D9020000000100CE
:10D0100044D90200CD8B020000000000640600200D
:10D02000000001003CD902002F4E02000000000069
:10D03000F00900200000040038D9020077870200C0
:10D04000C58D01004C06002000000C00000000000F
:10D05000030000002000000030000000000000007D
:10D060000000000059660200FC060020F4060020C3
:10D07000EC06002000000000E4060020693E0100EC
:10D080005D3D0100B13D0100113E010005000000C1
:10D090000000000000000000001000001CC702009B
:10D0A000010000000010000000900D001CC70200ED
:10D0B0000200000000A00D00002000001CC70200BC
:10D0C0000300000000C00D00004000001CC702006B
:10D0D0000400000000000E00000002001CC7020057
:10D0E000000000200000000000000B06020000000D
:10D0F000F4D002000000000091E2020026000202CB
:10D100000000002099E2020022000B110807002015
:10D11000F14A010000000000FD66020010D102008B
:10D120002CD102004A00000000000000B09B00204B
:10D1300010D1020040D102002E00000000000000CB
:10D1400078A0002010D1020054D10200020100009A
:10D15000000000004CA100200E030000CD5C010087
:10D160000F040000095D01001A010000B16A02000D
:10D17000050400007D52010013010000636C0200F1
:10D180003E0100003553010001120000EB6D02006A
:10D190000A1E0000DD6D0200FF010000F5520100D3
:10D1A0003E01000015530100050400002F6B020032
:10D1B000080400009F6E0200300300003F6E020072
:10D1C00010010000896B0200011200004D5C01009B
:10D1D0000A1E00001571020003090000056D02001F
:10D1E000040B0000916B0200060A0000FF6F0200B2
:10D1F000070A0000716B02000C050000576B02006B
:10D20000050C0000376F020010D1020018D2020096
:10D21000470000000000000068A2002010D10200BA
:10D220002CD20200000000000000000028A3002013
:10D2300010D1020040D202004A00000000000000AD
:10D2400050A30020F378020045790200000000009E
:10D250000000000000000000FB7A02000000000057
:10D2600000000000000000000000000002020100B9
:10D27000B583020004040100958501000606010043
:10D28000D584010008040100C18301000A020100E5
:10D290009D8302000C040100858302000E0401003E
:10D2A0009582010020040100F981010010040100B1
:10D2B0000981010012020100058402001E00040021
:10D2C0009F840200520200002B84020010D1020051
:10D2D000DCD202004C00000000000000A8A40020E6
:10D2E0007CD90200A58702000000000078D9020066
:10D2F0000000010074D90200CD8B02000000000084
:10D3000070080020000001006CD90200000000003D
:10D3100000000000000000000000000068D90200CA
:10D3200077870200C58D0100780800200000030007
:10D3300064D90200CD8B02000000000068080020C4
:10D34000000001005CD90200DD870200E1890200D3
:10D35000000000000000030058D90200CD8B02003D
:10D3600000000000600800200000010050D9020009
:10D37000E191010000000000000000000000010039
:10D38000A8D90200A587020000000000A4D902006D
:10D3900000000100A0D90200CD8B020000000000B7
:10D3A000A00800200000010098D902000D880200AA
:10D3B00000000000000000000000010094D90200FD
:10D3C000CD8B020000000000980800200000010042
:10D3D0008CD9020037880200000000000000000025
:10D3E0000000010088D90200CD8B0200000000007F
:10D3F000900800200000010080D90200418C01004B
:10D40000000000000000000000000100E19F01009A
:10D41000619602002DA7010000000000000000003E
:10D4200091A50100000000000000000000000000C5
:10D430000000000000000000000000009DA00100AE
:10D44000060000004D93020006000000ED9202006D
:10D4500010000000119C010010000000179602004F
:10D4600001000000738F02001000000049930200C9
:10D470000A000000799002001000000015A60100CB
:10D480000700000051930200100000001F900200EE
:10D4900001000000399F010040000000919202004D
:10D4A000100000006D90020001000000C5AD0100F9
:10D4B0000DC40100DDC301000000000065C50100CE
:10D4C000E5C40100F19B0200ED9B0200119C0200EB
:10D4D000000000000400000000FF0000FFFF00004B
:10D4E00000030050180700200000000001000000A9
:10D4F000FFFFFFFF000000501807002000000000A1
:10D5000000000000002000400100000000000000BA
:10D5100024D502000000D601000000004A56002079
:10D52000495600200020004030D5020002000000D3
:10D5300050D502000400000040D5020004010000A4
:10D540001480000018800001118000021680000382
:10D550001400000011000002180600011606000366
:10D560003CC60200060001003CC6020008000100A3
:10D570001CC60200090001003CC602000C000100AC
:10D58000C9D70100FBA2020029A302000800000085
:10D59000030000001CC502001CC5020094C5020067
:10D5A0009CC50200FCC50200FCC5020070E602003A
:10D5B0000001000000000000512563FCC2CAB9F35D
:10D5C000849E17A7ADFAE6BCFFFFFFFFFFFFFFFF3A
:10D5D00000000000FFFFFFFFAAAAAAAAAAAAAAAAFF
:10D5E000AAAAAAAA55555555555555555555555597
:10D5F0000000000055555555522563FCC2CAB9F3C9
:10D60000849E17A7ADFAE6BCFFFFFFFFFFFFFFFFF9
:10D6100000000000FFFFFFFF512563FCC2CAB9F301
:10D62000849E17A7ADFAE6BCFFFFFFFFFFFFFFFFD9
:10D6300000000000FFFFFFFF96C298D84539A1F413
:10D64000A033EB2D817D0377F240A463E5E6BCF8BF
:10D6500047422CE1F2D1176BF551BF376840B6CB8A
:10D66000CE5E316B5733CE2B169E0F7C4AEBE78E86
:10D670009B7F1AFEE242E34F4B60D2273E3CCE3BFB
:10D68000F6B053CCB0061D65BC86987655BDEBB39D
:10D69000E7933AAAD835C65AFCFFFFFFFFFFFFFF0A
:10D6A000FFFFFFFF0000000000000000000000007E
:10D6B00001000000FFFFFFFFFF8FFFFFFF8FFFFF55
:10D6C000FE8FFFFFFE8FFFFFFD8FFFFFFC8FFFFF31
:10D6D000FC8FFFFF6D757465785F6672656520630A
:10D6E000616C6C65642077697468204E554C4C20E1
:10D6F000706172616D6574657200000043616E2730
:10D700007420696E697469616C697A65206D7574DD
:10D7100065782C20776173204E554C4C0D0A000023
:10D720004661696C20746F20616371756972652050
:10D730006D757465780A00004661696C20746F200D
:10D74000696E63726561736520504D20636F756EFD
:10D750007465720A000000004661696C20746F20D5
:10D76000646563726561736520504D20636F756EEB
:10D770007465720A000000004661696C20746F20B5
:10D7800072656C65617365206D757465780A00005B
:10D79000436F756C64206E6F74206C6F636B2070C8
:10D7A0006F7765722073617665206D75746578009A
:10D7B0004661696C20746F20756E6C6F636B206DB1
:10D7C000757465780A0000006374782063616E6E7A
:10D7D0006F74206265204E554C4C00000A637478CB
:10D7E000206973204E554C4C0A00000067E6096A18
:10D7F00085AE67BB72F36E3C3AF54FA57F520E5172
:10D800008C68059BABD9831F19CDE05BD89E05C101
:10D8100007D57C3617DD703039590EF7310BC0FF54
:10D8200011155868A78FF964A44FFABE0123456704
:10D8300089ABCDEFFEDCBA9876543210F0E1D2C35A
:10D84000647261676F6F6E2F6C6962732F736368A8
:10D8500065642F7372632F73636865645F68616CBE
:10D860005F7274632E6300000000252A0000252AE1
:10D87000000003280000282A0000282A00000328AE
:10D880000000262A0000262A000003280000272A7C
:10D890000000272A000003280000242A0000242A70
:10D8A000000003280000292A0000292A000003287C
:10D8B00000000A180000002800004C2A00004C2A32
:10D8C00000000328000002290000222A0000222A6A
:10D8D00000000328000008290000022900004D2A4A
:10D8E00000004D2A0000032800000829000002293A
:10D8F00000004D2A00004D2A0000032800004E2A97
:10D9000000004E2A0000032800004B2A00004B2A8A
:10D910000000032800004A2A00004A2A00000328C9
:10D9200000001218000000280C000C0000009001FC
:10D930000900090000009001000002290000192AD6
:10D940000000192A0000032800000F18000000281A
:10D9500000002A2B00002A2B000003280000292B9E
:10D960000000292B00000328000002290000052ADE
:10D970000000052A0000032800000118000000280C
:10D980000000042A0000042A000003280000012AE5
:10D990000000012A000003280000002A0000002ADD
:10D9A0000000032800000018000000285B506948B0
:10D9B00075625D205357312035733A20636C656181
:10D9C0007220626F6E6473202B20776970652073FC
:10D9D000657474696E67730A005B50694875625DAF
:10D9E0002073657474696E67732073746F726167F6
:10D9F00065206572617365206661696C65643A20B3
:10DA000025640A005B50694875625D207365747413
:10DA1000696E67732073746F7261676520657261E8
:10DA20007365643B207265626F6F74696E670A008C
:10DA30004556542050524F544F202575004556549A
:10DA400020434F4E4E5F504152414D5320696E74FA
:10DA5000657276616C5F6D733D2575206C617465D0
:10DA60006E63793D25752074696D656F75745F6DA2
:10DA7000733D2575004556542041445620256400C9
:10DA800045565420455252202564004F4B004556C0
:10DA90005420504F525420434D4400455654205575
:10DAA000534220310045565420424F4F5420706954
:10DAB0006875622D686964004556542042494E4598
:10DAC0005252206B622074696D656F757400455603
:10DAD000542042494E455252206B62202564004535
:10DAE00056542042494E4552522063632074696D5A
:10DAF000656F7574004556542042494E4552522078
:10DB000063632025640050494E4700504F4E470044
:10DB100053544154555300534E41500053544154B3
:10DB20005553206164763D256420636F6E6E3D25FC
:10DB300064207365633D25752072656164793D25B8
:10DB4000642070726F746F3D2575206572723D257B
:10DB500064206B625F6E6F746966793D2564206234
:10DB60006F6F745F6E6F746966793D2564206363BF
:10DB70005F6E6F746966793D256420626174745FBD
:10DB80006E6F746966793D25642073757370656E78
:10DB9000643D256420696E74657276616C5F6D7397
:10DBA0003D2575206C6174656E63793D2575207423
:10DBB000696D656F75745F6D733D257500534E41DA
:10DBC00050455654005354415455535F45565400E4
:10DBD0004556542052454144592025640045565429
:10DBE00020434F4E4E20256400494E464F00506959
:10DBF000487562206E72662052656D6F74650049CB
:10DC00004E464F206E616D653D25732066773D253C
:10DC10007320616464723D3F0032303236313030FF
:10DC2000332D303831332D656638393766622D64CF
:10DC3000697274792D31316D73007075626C69632E
:10DC40000072616E646F6D007075626C69632D693E
:10DC5000640072616E646F6D2D69640030782530E8
:10DC6000327800253032583A253032583A25303251
:10DC7000583A253032583A253032583A2530325801
:10DC8000202825732900494E464F206E616D653D61
:10DC900025732066773D257320616464723D25738A
:10DCA00000554E50414952004B4200455252202DE2
:10DCB00045494E56414C00434300455252202D45A4
:10DCC0003242494700455654204449534320726527
:10DCD00061736F6E3D2575002530325800636D64A9
:10DCE0005F7278005B50694875625D2062745F65A1
:10DCF0006E61626C65206661696C6564202865727E
:10DD000072202564290A00312E302E3000312E3049
:10DD10002E300072657641005069487562206E723F
:10DD2000662052656D6F7465005069487562000227
:10DD300001010105010906A1018501050719E02975
:10DD4000E715002501750195088102950175088187
:10DD5000019506750815002565190029658100C023
:10DD6000050C0901A1018502150026FF0319002AEF
:10DD7000FF03751095018100C00101000346616930
:10DD80006C656420746F207265626F6F743A2073E3
:10DD900070696E6E696E6720656E646C6573736C16
:10DDA000792E2E2E0A003031323334353637383959
:10DDB000414243444546006364635F61636D5F7540
:10DDC0006172743000757362776F726B71002A2A0A
:10DDD0002A20426F6F74696E67206E524620436F2F
:10DDE0006E6E6563742053444B2076332E322E3191
:10DDF0002D643838383766366633326466202A2A0E
:10DE00002A0A002A2A2A205573696E67205A6570EB
:10DE1000687972204F532076342E322E39392D6591
:10DE20006337383130346631353639202A2A2A0AA8
:10DE3000006D757465785F696E69742063616C6CE0
:10DE400065642077697468204E554C4C207061726F
:10DE5000616D6574657200436F756C64206E6F74DC
:10DE600020616C6C6F63617465206D7574657820DA
:10DE70006265666F726520696E697469616C697A42
:10DE8000696E670072302F61313A2020307825307A
:10DE90003878202072312F61323A202030782530B6
:10DEA0003878202072322F61333A202030782530A4
:10DEB00038780A0072332F61343A202030782530C8
:10DEC0003878207231322F69703A2020307825302E
:10DED0003878207231342F6C723A20203078253017
:10DEE00038780A0020787073723A20203078253014
:10DEF00038780A004661756C74696E6720696E73C4
:10DF00007472756374696F6E206164647265737393
:10DF100020287231352F7063293A20307825303827
:10DF2000780A00556E68616E646C656420495251D0
:10DF30006E3A2025640A002A2A2A2A2A204D5055A2
:10DF4000204641554C54202A2A2A2A2A0A002020F9
:10DF5000537461636B696E67206572726F722028FB
:10DF6000636F6E746578742061726561206D696796
:10DF70006874206265206E6F742076616C69642914
:10DF80000A002020556E737461636B696E672065AB
:10DF900072726F720A0020204461746120416363D1
:10DFA0006573732056696F6C6174696F6E0A002027
:10DFB000204D4D46415220416464726573733A208E
:10DFC000307825780A002020496E73747275637466
:10DFD000696F6E204163636573732056696F6C616E
:10DFE00074696F6E0A002020466C6F6174696E67F9
:10DFF0002D706F696E74206C617A7920737461740E
:10E000006520707265736572766174696F6E2065E4
:10E0100072726F720A002A2A2A2A2A20555341470F
:10E0200045204641554C54202A2A2A2A2A0A0020F3
:10E03000204469766973696F6E206279207A65720F
:10E040006F0A002020556E616C69676E6564206DF3
:10E05000656D6F7279206163636573730A002020B8
:10E060004E6F20636F70726F636573736F72206998
:10E070006E737472756374696F6E730A0020204941
:10E080006C6C6567616C206C6F6164206F66204505
:10E0900058435F52455455524E20696E746F20505C
:10E0A000430A002020496C6C6567616C20757365BC
:10E0B000206F662074686520455053520A00202066
:10E0C000417474656D707420746F20657865637534
:10E0D000746520756E646566696E656420696E732B
:10E0E0007472756374696F6E0A002A2A2A2A2A20BC
:10E0F000425553204641554C54202A2A2A2A2A0A9E
:10E10000002020537461636B696E67206572726FC3
:10E11000720A00202050726563697365206461741F
:10E120006120627573206572726F720A002020424E
:10E1300046415220416464726573733A20307825F9
:10E14000780A002020496D707265636973652064E8
:10E1500061746120627573206572726F720A0020AB
:10E1600020496E737472756374696F6E2062757383
:10E17000206572726F720A0052657365727665640B
:10E1800020457863657074696F6E20280053707540
:10E1900072696F757320696E746572727570742020
:10E1A000284952512000535053454C20696E207429
:10E1B0006872656164206D6F646520646F657320AB
:10E1C0006E6F7420696E646963617465205053508A
:10E1D0000A002A2A2A2A2A20484152442046415528
:10E1E0004C54202A2A2A2A2A0A0020204275732009
:10E1F0006661756C74206F6E20766563746F722033
:10E200007461626C6520726561640A002020446557
:10E21000627567206576656E740A00202046617518
:10E220006C7420657363616C6174696F6E20287310
:10E2300065652062656C6F77290A00415243485F2B
:10E24000455843455054207769746820726561735E
:10E250006F6E2025780A0A002A2A2A2A2A20446575
:10E26000627567206D6F6E69746F72206578636583
:10E270007074696F6E202A2A2A2A2A0A002A2A2AFA
:10E280002A2A20257320256429202A2A2A2A2A0AB4
:10E2900000464C4153485F30005352414D5F3000BF
:10E2A000657869740000000100000000FFFFFFFFB7
:10E2B000FFFF00000000000000FFFFFFFFFFFF0066
:10E2C000000000000062742F25732F25303278255E
:10E2D0003032782530327825303278253032782542
:10E2E00030327825752F25730062742F25732F2502
:10E2F0003032782530327825303278253032782522
:10E300003032782530327825750062742F257300FD
:10E310006274004254204C572057510002FB349B3A
:10E320005F80000080001000000000000001040079
:10E3300002000000020000000000000005000000D4
:10E3400000000000000000000000000005574553D9
:10E35000545F544F504449522F7A65706879722F38
:10E360007375627379732F626C7565746F6F7468FF
:10E370002F686F73742F6863695F636F72652E63B4
:10E38000006576745F666C616773202620283155BE
:10E390004C203C3C202830292900415353455254FD
:10E3A000494F4E204641494C205B25735D2040205B
:10E3B00025733A25640A0062745F6863695F657655
:10E3C000745F6765745F666C616773286864722D3B
:10E3D0003E657674292026202831554C203C3C206F
:10E3E000283129290062756600737563636573734C
:10E3F0000009636F6D6D616E64206F70636F64659B
:10E40000203078253034782074696D656F75740A12
:10E4100000657272203D3D20300009436F6E7472BA
:10E420006F6C6C657220756E726573706F6E736958
:10E4300076652C20636F6D6D616E64206F70636F05
:10E440006465203078253034782074696D656F7587
:10E45000742077697468206572722025640A00420E
:10E460005420525820575100000909090901020996
:10E47000090909090909090909090709090909090E
:10E4800006090909090909090909090909090909FF
:10E490000905E69D350E480103CCDBFDF4AC119176
:10E4A000F4EFB9A5F9E9A7832C5E2CBE97F2D2034D
:10E4B000B0208BD28915D08E1C742430ED8FC245CC
:10E4C00063765C15525ABF9A32636DEB2A65499C9C
:10E4D00080DC0101010101020362742F63636300A8
:10E4E00062742F686173680062742F6366006274DF
:10E4F0002F7363000005061F1F291812030802036B
:10E5000005080A00080103040105040509060701BE
:10E5100001060608000001000100030100030202D9
:10E520000100020000000000020301000362742FDA
:10E530006B657973006C888391AAF5A53860370BF9
:10E54000DB5A6083BE00070E091C1B1215383F36CC
:10E550003124232A2D757362645F776F726B7100AB
:10E5600001000203000101010101636C6F636B4054
:10E5700034303030303030300072616E646F6D4056
:10E5800034303030643030300063727970746F40F2
:10E59000353030326130303000666C6173682D6325
:10E5A0006F6E74726F6C6C657240343030316530F0
:10E5B0003030006770696F40353030303033303084
:10E5C000006770696F4035303030303030300000D7
:10E5D000010203040506077561727440343030305F
:10E5E00032303030007761746368646F6740343074
:10E5F00030313030303000536F6674446576696373
:10E600006520436F6E74726F6C6C6572204153535A
:10E610004552543A2025732C2025640A0062745F09
:10E620006863695F736463004D50534C20415353DA
:10E630004552543A2025732C2025640A004D50532E
:10E640004C20576F726B00000000000001010000B9
:10E65000000000002030303030303030303030308A
:10E6600030303000010000010000006D61696E0073
:10E67000737973776F726B7100141400001C203073
:10E68000401C2000001C20304000409B8FACC31D6C
:10E6900042AE44FACD1FC348A0B42FCF29EE3D00AF
:10E6A000FFFFFFFF1F00286E756C6C29002A666C47
:10E6B0006F61742A00000000FFFFFFFFFF1F0000D2
:10E6C0001F000000000000001D40000000000000CE
:10E6D000FFFFFFFF1FFF0000BAABBABA1010101007
:10E6E000000000000080004000000000000000006A
:10E6F0000C0000000000000000FF7F000000000090
:10E70000000000000000000000000000813D00004B
:10E710000000000053E7000000000000993D0000E9
:10E720000000000073E700000000000031E7000077
:10E7300000000000000000000000000000000000D9
:10E7400000000000000000000000000000000000C9
:10E7500000000000000000000000000000000000B9
:10E7600000000000000000000000000000000000A9
:10E770000000000000000000000000000000000099
:10E780000000000000000000000000000000000089
:10E790000000000000000000000000000000000079
:10E7A0000000000000000000000000000000000069
:10E7B0000000000000000000000000000000000059
:10E7C0000000000000000000000000000000000049
:10E7D0000000000000000000000000000000000039
:10E7E0000000000000000000000000000000000029
:10E7F0000000000000000000000000000000000019
:10E800000000000000000000000000000000000008
:10E8100000000000000000000000000000000000F8
:10E8200000000000000000000000000000000000E8
:10E8300000000000000000000000000000000000D8
:10E8400000000000000000000000000000000000C8
:10E8500000000000000000000000000000000000B8
:10E8600000000000000000000000000000000000A8
:10E870000000000000000000000000000000000098
:10E880000000000000000000000000000000000088
:10E890000000000000000000000000000000000078
:10E8A0000000000000000000000000000000000068
:10E8B0000000000000000000000000000000000058
:10E8C0000000000000000000000000000000000048
:10E8D0000000000000000000000000000000000038
:10E8E0000000000000000000000000000000000028
:10E8F0000000000000000000000000000000000018
:10E900000000000000000000000000000000000007
:10E9100000000000000000000000000000000000F7
:10E9200000000000000000000000000000000000E7
:10E9300000000000000000000000000000000000D7
:10E9400000000000000000000000000000000000C7
:10E9500000000000000000000000000000000000B7
:10E9600000000000000000000000000000000000A7
:10E970000000000000000000000000000000000097
:10E980000000000000000000000000000000000087
:10E99000DC0200207103010077030100790301000C
:10E9A0009F0301007D030100A9030100830301000F
:10E9B000B303010089030100BF03010095030100B7
:10E9C000990301008B03010091030100AF030100D3
:10E9D000B90301002403002001FF0000B10601007B
:10E9E000BD060100C1060100C9060100CD060100F7
:10E9F0000000000000000000000000000000000017
:10EA00000000000000000000000000000000000006
:10EA100000000000000000000000000000000000F6
:10EA200000000000000000000000000000000000E6
:10EA300000000000000000000000000000000000D6
:10EA400000000000000000000000000000000000C6
:10EA500000000000000000000000000000000000B6
:10EA600000000000000000000000000000000000A6
:10EA700000000000000000000000000084060020EC
:10EA80007006002000C20100000008000000000025
:10EA90000000000000000000000000000000000076
:10EAA0000000000000000000000000000000000066
:10EAB0000000000000000000000000000000000056
:10EAC0000000000000000000000000000000000046
:10EAD0000000000000000000000000000000000036
:10EAE0000000000000000000000000000000000026
:10EAF0000000000000000000000000000000000016
:10EB00000000000000000000000000000000000005
:10EB100000000000000000000000000000000000F5
:10EB200000000000000000000000000000000000E5
:10EB300000000000000000000000000000000000D5
:10EB400000000000000000000000000000000000C5
:10EB500000000000000000000000000000000000B5
:10EB60000000000000000000295A01000000000021
:10EB70000000000000000000000000000000000095
:10EB80000000000000000000000000000000000085
:10EB90000000000000000000000000000000000075
:10EBA0000000000000000000000000000000000065
:10EBB0000000000000000000000000000000000055
:10EBC0000000000000000000000000000000000045
:10EBD0000000000000000000000000000000000035
:10EBE0000000000000000000000000000000000025
:10EBF0000000000000000000000000000000000015
:10EC0000000000000000000000000000FCC6020040
:10EC1000FFFFFFFF000000000000000000000000F8
:10EC200000000000294E0200000000006CD8020025
:10EC30000000020078D802000000020084D8020020
:10EC40000000020090D80200000002009CD80200E0
:10EC500000000200A8D8020000000200BCD8020098
:10EC600000000400000000000000000000000000A0
:10EC7000751C01000000000000000000CCD802005C
:10EC80000000120000000000000000000000000072
:10EC9000611C01000000000000000000E0D802003C
:10ECA0000000120000000000000000000000000052
:10ECB0004D1C01000000000000000000F4D802001C
:10ECC0000000120000D90200000006000CD902006A
:10ECD0000000020018D902000000020024AA00204F
:10ECE0000000000000000000000000000001000023
:10ECF00024AB002000000000000000000000000025
:10ED00000002000000000000000000000000000001
:10ED1000B11C0100000000000000000040D902000A
:10ED200000001200C954020024AD002000000000C1
:10ED300000000000000000000004000024B10020DA
:10ED400000000000000000000000000000040000BF
:10ED5000593601008000000031330100000000003E
:10ED60003133010080000000F53B0100000000008D
:10ED70000000000000000000D76402000000000056
:10ED8000BB640200F00A00203A000000DC0A002008
:10ED90003A000000A00A00203A000000C80A002043
:10EDA0003A000000040B00203A0000008C0A00200A
:10EDB0003A0000002C0B00203A00000090D0020026
:10EDC00000000000F36602000000000000000000E8
:10EDD0000060004000000000000000000000000093
:10EDE0000000000000000000000000000000000023
:10EDF0000000000000000000000000000000000013
:10EE00000000000000000000000000000000000002
:10EE100000000000000000000000000000000000F2
:10EE200000000000000000000000000000000000E2
:10EE300000000000000000000000000000000000D2
:10EE400000000000000000000000000000000000C2
:10EE500000000000000000000000000000000000B2
:10EE600000000000994E01000000000000000000BA
:10EE7000000000009D710200000000000000000082
:10EE8000000000006D5501000000000000000000BF
:10EE900000000000A5680100000000000000000064
:10EEA000000000008D67010000000000000000006D
:10EEB000000000006D6F0100000000000000000075
:10EEC000000000005D6C0100000000000000000078
:10EED00018080020180800200000000000000000B2
:10EEE000F97B0100B1870100A98402000000000045
:10EEF000000000007D800100C5820200F581020053
:10EF0000A57B0100000000003B8C02000000000017
:10EF1000000000000000000054D9020000000200C0
:10EF200060D9020000000A0070D902000000200031
:10EF300000000000000000000000000000000000D1
:10EF4000AD8802000000000084D902000000020029
:10EF500090D90200000002009CD9020000000200CB
:10EF6000A8080020A8080020000000000000000001
:10EF70000E000000BC080020BC08002035A50100E0
:10EF80000000000000000000ED97020000000000FB
:10EF900000000000EC08002000000000000000005D
:10EFA0000000000000000000000000004B560020A0
:10EFB00020000000000000000000014000000000F0
:10EFC0000000000000000000000000000000000041
:10EFD0000000000000000000000000000000000031
:10EFE0000000000000000000000000000000000021
:10EFF0000090D003FF0000009002000044090020B0
:10F00000440900203FB602003BB60200BDC3020027
:10F01000311F0200251F0200191F0200000000001E
:10F02000811F0200A8090020A009002098090020E3
:10F030000000000090090020412102008D20020004
:10F04000C120020009210200444C00203A00003A8D
:10F05000484C00203A00003A4C4C00203A00003A5C
:10F06000504C00203A00003A98510020BC09002082
:10F070007C09002074090020700900206C09002020
:10F08000C00312180F1806554E4B4E4F574E000036
:10F090000000000000000000000000000000000070
:10F0A00000000000000000016401000000000000FA
:10F0B0000000000000000000000000000000000050
:10F0C000080A0020080A0020ECA60020000000002A
:10F0D000010000002C00000000000000240A0020B5
:10F0E000240A00200097002000000000010000001A
:10F0F000B000000000000000400A0020400A00208C
:10F10000A4A7002000000000200000001400000060
:10F11000000000005C0A00205C0A002018A7002004
:10F1200000000000050000001C00000000000000BE
:10F1300000000000B0970020000400000000000064
:10F14000000000008C0A00208C0A00200000000053
:10F15000000000000E000000A00A0020A00A00200D
:10F1600000000000000000000E000000B40A0020B3
:10F17000B40A002000000000000000000E000000A3
:10F18000C80A0020C80A002000000000000000009B
:10F190000E000000DC0A0020DC0A00200000000055
:10F1A000000000000E000000F00A0020F00A00201D
:10F1B00000000000000000000E000000040B002012
:10F1C000040B002000000000000000000E00000002
:10F1D000180B0020180B00200000000000000000A9
:10F1E0000E0000002C0B00202C0B00200000000063
:10F1F000000000000E000000400B0020400B00202B
:10F2000000000000000000000E000000540B002071
:10F21000540B00200000000001000000640B0020DF
:10F22000640B00206C0B00206C0B00200100000020
:10F23000010000007C0B00207C0B0020840B0020D0
:10F24000840B002000000000FFFFFFFF940B002054
:10F25000940B00200000000000000000A40B002020
:10F26000A40B0020AC0B0020AC0B00200000000021
:10F2700000000000BC0B0020BC0B0020C40B0020D1
:10F28000C40B00200000000000000000D40B002090
:10F29000D40B0020DC0B0020DC0B0020030003005B
:10F2A000100000000000000030D2020030A4002056
:10F2B0000000000000000000000C0020000C0020F6
:10F2C000080C0020080C00200500050010000000BC
:10F2D000A17F0100CCD2020024A600200000000083
:10F2E000000000002C0C00202C0C0020340C00200E
:10F2F000340C0020030003000000000000000000A8
:10F3000030D1020004A10020000000000000000035
:10F31000580C0020580C0020600C0020600C0020CD
:10F320000100010010000000A16B01001CD20200CE
:10F3300028A300200000000000000000840C002032
:10F34000840C00208C0C00208C0C00200200020099
:10F35000000000000000000008D20200F8A2002017
:10F360000000000000000000B00C0020B00C0020E5
:10F37000B80C0020B80C00200C000C0004000000A9
:10F38000215101001CD10200289F00200000000034
:10F3900000000000DC0C0020DC0C0020E40C00204D
:10F3A000E40C00200100010000000000000000004B
:10F3B00044D1020050A2002012010002EF020140DD
:10F3C000E32F000102040102030109020000000111
:10F3D00000C032080B000202020000090400000114
:10F3E000020200000524001001052401020104248A
:10F3F000020205240600010705800310000A090423
:10F400000100020A00000007058002400000070515
:10F410000002400000040309040E035A45504859F5
:10F420005200000000000010035553422D44455681
:10F430000000000000000022033031323334353642
:10F44000373839414243444546000000000000007F
:0BF450000000000000000000000000B1
:10F45C0000000000230D0020DD610200A93801002E
:10F46C00F535010000000000000000000300000062
:08F47C009806002015E015E0E0
:00000001FF
