:020000040000FA
:10100000808E0020554401005166020041440100D9
:10101000414401004144010041440100000000003E
:10102000000000000000000000000000BD450100BD
:1010300041440100000000005D4501004144010001
:101040007D47010081A402007D4701007D4701002A
:101050007D4701007D4701007D4701007D4701007C
:1010600097A402007D4701007D4701006BA40200A8
:101070007D4701007D4701007D4701007D4701005C
:101080007D4701007D4701007D4701007D4701004C
:101090007D4701007D4701007D4701007D4701003C
:1010A0007D4701007D4701007D4701007D4701002C
:1010B0007D4701007D4701007D4701007D4701001C
:1010C0007D4701007D4701007D4701007D4701000C
:1010D0007D4701007D4701007D4701007D470100FC
:1010E0007D4701007D4701007D4701007D470100EC
:1010F0007D4701007D4701007D4701007D470100DC
:1011000080EA101404F0F01480EA0410604081EAD0
:10111000111404F0F01481EA0411614082EA1214FF
:1011200004F0F01482EA0412624083EA131404F01B
:10113000F01483EA0413634080EA102404F47F442B
:1011400080EA0420604081EA112404F47F4481EAAB
:101150000421614082EA122404F47F4482EA0422DA
:10116000624083EA132404F47F4483EA0423634047
:1011700081EA500404F0553480EA4400614083EA77
:10118000520404F0553482EA4402634082EA900437
:1011900004F0333480EA8400624083EA910404F06E
:1011A000333481EA84016340704700BF82EA9004CF
:1011B00004F0333480EA8400624083EA910404F04E
:1011C000333481EA8401634081EA500404F05534E9
:1011D00080EA4400614083EA520404F0553482EA14
:1011E0004402634080EA102404F47F4480EA04202F
:1011F000604081EA112404F47F4481EA04216140C3
:1012000082EA122404F47F4482EA0422624083EAE0
:10121000132404F47F4483EA0423634080EA101417
:1012200004F0F01480EA0410604081EA111404F024
:10123000F01481EA0411614082EA121404F0F014FF
:1012400082EA0412624083EA131404F0F01483EA81
:1012500004136340704700BF2DE9F14F94464FEAF5
:10126000930B8A68CB6808684968FFF749FF0BF160
:10127000060E33E083EA134480EA134582EA1347FB
:1012800046BA96EA3444604000F00F1684EA063409
:1012900020F00F1684EA161054BA94EA0106724040
:1012A00002F00F1486EA043622F00F1486EA1412B4
:1012B0004CBA6540694001F00F1485EA043521F00D
:1012C0000F1485EA14115CBA67407B4003F00F14D9
:1012D00087EA043723F00F1487EA1413BCE8F00000
:1012E0006040694072407B4000F0E03400F010350F
:1012F00000F00F3040EA540040EAC50080EA900454
:1013000004F0332480EA8400604001F0E03401F00E
:10131000103501F00F3141EA540141EAC50181EA7B
:10132000910404F0332481EA8401614002F0E03446
:1013300002F0103502F00F3242EA540242EAC502CE
:1013400082EA920404F0332482EA8402624003F0C9
:10135000E03403F0103503F00F3343EA540343EA5B
:10136000C50383EA930404F0332483EA84036340CF
:1013700081EA324787EA134581EA354690EA060456
:1013800084EA034B82EA1B4280EA044484EA05446F
:1013900083EA144A85EA14448BEA044B84EA37440E
:1013A00081EA0B4181EA164104EA0A00454082EADB
:1013B00004082BEA080041408AEA0B0602EA06000C
:1013C00084EA34438AEA3A4603EA0607784045400D
:1013D000414088EA38478BEA3B4007EA000985EA42
:1013E000090583EA0709464006EA0906714085EACD
:1013F000010005EA3546464006EA314181EA3041BE
:1014000081EA364606EA304686EA3546344008EA3E
:10141000010886EA01052A4086EA364003405A4020
:1014200081EA31431F407C4080EA030709EA07094B
:1014300088EA0908544088EA020806EA0A0601EA2E
:101440000B018AEA0B0215408AEA3A4210404540F5
:101450008BEA3B4003405E404240174079404D409C
:101460004E40E443F64386EA18435D4085EA054072
:1014700083EA134386EA034183EA384284EA11434C
:1014800083EA04435FEA3343BEF1010E3FF6F2AE56
:101490001ED4BCE8F0006040694072407B4020BC34
:1014A000FFF784FE28606960AA60EB60BDE8F08FFA
:1014B0002DE9E0414FF2F00280EA1031114080EA5C
:1014C0000130484041088208C3084FF0000E4FE742
:1014D00000F0113001F0113102F0113203F011333C
:1014E00040EA410040EA820040EAC3004FF2F002C5
:1014F00080EA1031114080EA01304840BDE8E081C7
:101500002DE9F04F02F11C050646074600EB850861
:1015100051F8040B043A46F8040BF9D14FF0010CD2
:10152000FFF7C6FF5FEA302080EA0C001ECF414083
:101530004A4053405C401EC62000464517D04FEA43
:101540004C0C1CF4807F18BFACF1E50C2C2DE7D0BF
:101550003C2D06D1FFF7ACFF06CF41404A4006C6FE
:10156000100006CF41404A4006C61000D8E736E9D1
:101570000F00FFF7C5FD043D86E80F00F7D1BDE879
:10158000F08F00BF2DE9F14F03F11C0402EB840C36
:101590004FEA930B8A68CB6808684968FFF7B0FD8B
:1015A0003CE9F0006040694072407B400BF1060E60
:1015B0004EE083EA134480EA134582EA134746BAB1
:1015C00096EA3444604000F00F1684EA063420F0B6
:1015D0000F1684EA161054BA94EA0106724002F01B
:1015E0000F1486EA043622F00F1486EA14124CBA5D
:1015F0006540694001F00F1485EA043521F00F14AD
:1016000085EA14115CBA67407B4003F00F1487EA47
:10161000043723F00F1487EA141344BA44404DBA38
:101620004D4056BA56405FBA5F4087EA174886EA8F
:10163000174B84EA17464FEA38488BEA1B4485EA81
:101640001B4788EA1B4580EA3440694072407B4072
:1016500000F0703400F0803500F00F3040EA4400B4
:1016600040EAD50080EA900404F0332480EA840044
:10167000604001F0703401F0803501F00F3141EA33
:10168000440141EAD50181EA910404F0332481EA5E
:101690008401614002F0703402F0803502F00F32B4
:1016A00042EA440242EAD50282EA920404F0332478
:1016B00082EA8402624003F0703403F0803503F064
:1016C0000F3343EA440343EAD50383EA930404F067
:1016D000332483EA84036340C943DB4381EA000483
:1016E00083EA044686EA020183EA014382EA33453B
:1016F00083EA14435C4084EA00077FEA040A8AEA2A
:10170000024A8AEA010B87EA11488AEA374A80EAE4
:10171000060181EA1A418AEA030A04EA0A004540FE
:1017200088EA040707EA0B0041408AEA0B0608EA48
:10173000060084EA34428AEA3A4602EA060358403E
:101740004540414087EA37438BEA3B4003EA0009C2
:1017500085EA090582EA0309464006EA090671405E
:1017600085EA010005EA3546464006EA314181EA4C
:10177000304181EA364606EA304686EA354634404C
:101780000F4086EA010508EA050886EA364002406D
:1017900088EA020881EA314213405C4080EA020391
:1017A00009EA030987EA0907674088EA040806EAA4
:1017B0000A0601EA0B018AEA0B0425408AEA3A4448
:1017C000204045408BEA3B4B02EA0B02564084EA3C
:1017D0000B04234059406E40694087EA364080EA56
:1017E000384080EA060380EA104481EA134585EA1E
:1017F000344585EA17427D4082EA354180EA05405A
:101800003CE9F0006040694072407B40BEF1010E4F
:101810003FF6CFAE20BCFFF7C9FC28606960AA6024
:10182000EB60BDE8F08F00BFFFF76ABE2DE9F0075F
:1018300091E8F807B2E802105B1854EB0C04B2E828
:1018400002104D4156EB0C06B2E802104F4158EB26
:101850000C08B2E8021059EB01095AEB0C0A80E8B7
:10186000F80780410130BDE8F00770472DE9F00727
:1018700091E8F807B2E802105B1A74EB0C04B2E8C6
:1018800002108D4176EB0C06B2E802108F4178EB26
:101890000C08B2E8021079EB01097AEB0C0A80E837
:1018A000F80780414042BDE8F00770472DE9F00796
:1018B000524290E87800B1E880071740DB1918EA37
:1018C000020854EB080419EA020955EB09051AEA63
:1018D000020A56EB0A0678C090E87800B1E8800763
:1018E00017407B4118EA020854EB080419EA020980
:1018F00055EB09051AEA020A56EB0A0678C0804140
:101900000130BDE8F00770472DE9F007524290E83A
:101910007800B1E880071740DB1B18EA020874EB77
:10192000080419EA020975EB09051AEA020A76EBBE
:101930000A0678C090E87800B1E880071740BB41FC
:1019400018EA020874EB080419EA020975EB0905A4
:101950001AEA020A76EB0A0678C080414042BDE8E6
:10196000F00770472DE9F00152424FF0040890E86B
:10197000300091E8C000A31B1340E41AF618EB1BDB
:101980001340ED1AFF1830C0C0C1B8F10108EED104
:10199000BDE8F001704700BF00B592E8DC072DE913
:1019A000DC07B1E8805702B4A7FB02510A95A8FBF7
:1019B000020BE7FB6310E9FB62B00B91A8FB03513C
:1019C000EAFB6201E7FB64B5E7FB6605E8FB661529
:1019D000CDF830B0A9FB03B6EAFB6316ECFB635607
:1019E000E8FB640BE9FB641BEAFB645BECFB646BE8
:1019F0000D90ACFB0230059CEEFB6250E9FB64608D
:101A0000EAFB64B0E7FB6431E8FB6451069CE8FB49
:101A10006461E9FB64B1EAFB64010E93A7FB043245
:101A2000079CE7FB6462E8FB64B2E9FB6402EAFB43
:101A30006412049CE9FB6453EAFB6463089CE7FBC3
:101A400064B3E8FB6403E9FB6413EAFB64230F95CA
:101A50005DF8049B99E80006DDF80080A9FB0854B6
:101A6000EAFB68B4DDF81080ECFB6804EEFB681458
:101A7000E9FB6824EAFB6834DDF80480EEFB686566
:101A8000E9FB68B5EAFB6805DDF81480ECFB681536
:101A9000EEFB6825E9FB6835EAFB68450F96DDF843
:101AA0000880AEFB0876E9FB6806EAFB6816DDF8FD
:101AB0001880ECFB6826EEFB6836E9FB6846EAFB1B
:101AC0006856DDF80C80ECFB68B7EEFB6807E9FBB5
:101AD0006817EAFB6827DDF81C80ECFB6837EEFB33
:101AE0006847E9FB6857EAFB686708B000BD00BFBC
:101AF0002DE9F14F87B0FFF74FFFDDF81C8008F1AB
:101B0000200888E8FF00FFBC87E87F08BDE8F08F69
:101B100000B591E89857A3FB03520195A3FB04017C
:101B2000E3FB6420E3FB67100292A3FB0752E3FB95
:101B30006802E4FB6415E3FB6805E3FB6925039198
:101B4000A4FB07B6E3FB6926E3FB6A56E4FB670BDD
:101B5000E4FB682BE3FB6A5BE3FB6C6B0490A4FB88
:101B60000810E4FB6950E3FB6C60E3FB6EB0E7FB3D
:101B70006721E4FB6951E4FB6A61E3FB6EB1E4FBBE
:101B80006E010592A7FB0832E4FB6A62E4FB6CB2CB
:101B9000E4FB6E02E7FB6E12E7FB6853E7FB696349
:101BA000E4FB6CB3E7FB6C03E7FB6E13E8FB6E230F
:101BB0000695A7FB0954E7FB6AB4E7FB6C04E8FB56
:101BC0006C14E8FB6E24E9FB6E34E8FB6865E7FB08
:101BD0006AB5E8FB6A05E8FB6C15E9FB6C25E9FBD7
:101BE0006E35EAFB6E450796A8FB0976E8FB6A06A8
:101BF000E9FB6A16E9FB6C26EAFB6C36EAFB6E46EB
:101C0000ECFB6E56E8FB69B7E9FB6907E9FB6A176D
:101C1000EAFB6A27EAFB6C37ECFB6C47ECFB6E5780
:101C2000EEFB6E6700BD00BF2DE9F14F87B0FFF7F7
:101C30006FFFDDF81C8008F1200888E8FF00FFBC7A
:101C400087E87F08BDE8F08F30B44FF0000310F84C
:101C5000014B11F8015B013A84EA050443EA0403ED
:101C6000F5D1A3F101034FEAD37030BC704700BF38
:101C70004FF0000310F8012B013943EA0203F9D1B8
:101C8000A3F101034FEAD370704700BF30B411F8DD
:101C9000014B12F8015B6C4000F8014B013BF6D19F
:101CA00030BC70472DE9F00791E8F807B2E8021060
:101CB0005B1854EB0C04B2E802104D4156EB0C06D5
:101CC000B2E802104F4158EB0C08B2E8021059EB91
:101CD00001095AEB0C0A8941B3F1FF3374F1FF3467
:101CE00075F1FF3576F1000677F1000778F100080D
:101CF00079F101097AF1FF3A51F100015B184C4189
:101D00004D4156F1000657F1000758F1000859EB14
:101D1000D1795AEB010A80E8F807BDE8F00770476F
:101D20002DE9F00791E8F807B2E802105B1A74EBAE
:101D30000C04B2E802108D4176EB0C06B2E80210FA
:101D40008F4178EB0C08B2E8021079EB01097AEBCD
:101D50000C0A89415B184C414D4156F1000657F180
:101D6000000758F1000859EBD1795AEB010A80E8D5
:101D7000F807BDE8F007704718EB040859EB0509B0
:101D80005AEB060A5BEB070B5FF0000C4CF1000C02
:101D900018EB050859EB06095AEB070A5BEB070B32
:101DA00050EB0C005FF0000C51EB0C0152EB0C02FD
:101DB00063414CF1000CB8EB070879F100097AF1A6
:101DC000000A7BEB040BA841B141A241B3416CF185
:101DD000000CBBEB050BB041B941AA41BB416CF112
:101DE000000C4CF001068CF0020718EB060859EBCA
:101DF0006C095AEB6C0A7BEB6C0B70EB6C0471EBAF
:101E00006C0572EB670653EB6C076CEB6C0C18EB14
:101E10000C0059EB0C015AEB0C025BF1000354F17E
:101E2000000455F1000556EBDC7657EB0C077047C4
:101E30002DE9F14F87B0FFF7AFFDDDF81080DDF839
:101E40001490DDF818A0FFF797FFBDE8000FFFF72B
:101E500093FF03B05DF8048B88E8FF00BDE8F08FC6
:101E60002DE9F14F87B0FFF753FEDDF81080DDF864
:101E70001490DDF818A0FFF77FFFBDE8000FFFF713
:101E80007BFF03B05DF8048B88E8FF00BDE8F08FAE
:101E9000064B074A5B7802604FF41A728280C37166
:101EA0000822002382710372704700BFC80D002012
:101EB00061010100064B074A5B7A02604FF49072A1
:101EC0008280C3710822FF2382710372704700BFB2
:101ED000C80D002079FC0000F8B5C41D002824F0CE
:101EE0000704054614BF2046002000F0E7FA071E4D
:101EF00002DA6FF00B00F8BD254EB1887088F379D7
:101F0000B2790331033089B280B20BF043FD00286F
:101F1000EFDB737831783C4403341944002D24F00E
:101F2000030400FB01F114BF2046002000F04AFC2E
:101F300023180DB9002BDCDB717A184679B1033315
:101F4000002D23F0030414BF20460020728900F006
:101F5000ABFC0028CDDB20440DB90028C9DB317A69
:101F600091B1737A83B1C41D002D24F0070414BF0E
:101F70002046002003F038FC0028BADB0DB1002019
:101F8000B9E72018B7D5B4E7002DF8D1B3E700BF03
:101F9000C80D00201FB572B6194BDD68EDB9BFF34F
:101FA0004F8F1849184BCA6802F4E0621343CB60A4
:101FB000BFF34F8F00BFFDE72346B2FBF6F25C1C78
:101FC000002AF9D104AEDCB256FA83F303F80C2CE4
:101FD0000A2234B901A8A847E1E7024600230A26ED
:101FE000EDE7631E04AEDCB256FA83F3B0FBF2F603
:101FF00002FB1600303003F80C0C3046E9E700BF56
:10200000C80D002000ED00E00400FA0507B50A4BFA
:10201000DA88ADF8002068469A885B88ADF804201D
:10202000ADF8023001F074FE18B1FC219C20FFF7DE
:10203000B1FF03B05DF804FBC80D002038B50546BC
:1020400040B30AF0BDFC10B94FF0FF3038BD0AF0C4
:102050001FF8B0F5FA7FF7D8104C1148E56000F092
:10206000A7F9002323744FF4807323801B2363801C
:10207000A38040F20323E3804FF4847323811F2362
:102080006381EFF3108472B600F0E4FC04B962B629
:102090000020DBE76FF01500D8E700BFC80D002077
:1020A0000D20000010B5002840D1234C237C032BC9
:1020B00039D059B1002A3CD00239052936D8DFE899
:1020C00001F0031227352A2D137863700020FFF7E3
:1020D00003FF0028B7BF0123022323746FF00B0016
:1020E000A8BF237410BD13791BB353790BB31188A8
:1020F000FB291ED853881B3B9BB2E02B19D81A2909
:1021000017D91368C4F802300C4B92889A80DDE727
:1021100013786372DAE713886381D7E71388FF2B9C
:1021200007D82372D2E74FF0FF30DBE76FF02C00C7
:10213000D8E76FF01500D5E7C80D0020CA0D0020C4
:10214000F8B50D46064620B319B311F0070420D1A7
:10215000114F3B7C012B02D16FF00B00F8BD032B1C
:1021600002D14FF0FF30F9E700F060F80028F8D016
:102170002846FFF7B1FE0028EEDB0EF056F8304699
:10218000214601F059FEFFF741FF03233B7420462F
:10219000E4E76FF01500E1E7C80D002010B5064C2C
:1021A000237C032B03D101F05FFE02F025FE0BF030
:1021B000F2FC0020207410BDC80D002050B1074B68
:1021C00003F1140253F8041B40F8041B9342F9D1A5
:1021D000002070476FF01500704700BF80E60200D6
:1021E00008B501F0F3FDBDE808400249012000F008
:1021F0005DB900BFB51E000008B501F0FBFDBDE8EC
:1022000008400249002000F051B900BF911E0000B3
:10221000024B02681A600020704700BFDC0D0020EE
:10222000014B1B68184700BFDC0D0020024B1868EB
:10223000003818BF01207047DC0D00202DE9F7435E
:10224000264E0446071D2548376002F0EDFD0228A2
:10225000054607D1214920460AF04CFF284603B025
:10226000BDE8F0830428F9D13378072B18D13E203C
:1022700000F04AF878B9F378327901A943EA0223E9
:102280006846ADF800300BF05BF90028DBD0532135
:102290000820FFF77FFE052000F076F80028EAD03E
:1022A000314620460AF055FFB0F5817F01D37221F7
:1022B000EEE70028C7D094F8008094F802904046DA
:1022C00000F022F80028BED0B8F13E0FC6D1484633
:1022D00000F05AF80028C1D1B5E700BFE00D00209A
:1022E000074B4FF0FF3141F6FF72C3E90012054979
:1022F0000022C1E900221F21C3E90212704700BF7A
:1023000000000020240E00203F280CD801380B4B81
:10231000C0F3421200F01F0053F8223023FA00F0FD
:1023200000F001007047FF2806D04038C0F3421289
:10233000034B00F01F00EFE7012070470000002072
:10234000240E00200146074B006849681A4603C264
:1023500040F48C221A6041F0107242F4FF625A601D
:10236000704700BF000000200246024B0068516821
:1023700003C37047240E00200246024B00685168D8
:1023800003C3704708000020F42800F1FF33DBB2DC
:102390001FBF064A590902EB810203F01F031DBF4C
:1023A0009068D84000F00100002070470000002035
:1023B000014B1860704700BF2C0E002010B5FFF7CE
:1023C0008FFF0BF0A9FD034B1B68044603B1984730
:1023D000204610BD2C0E0020F0B50C88C37C02886E
:1023E000A5B2C4F30E0404F118060233865B1A4446
:1023F000334497B213FA82F3013B4288B3FBF7F3FD
:1024000013FB07439BB29A42044A93BF22EA050397
:102410002A4013439BB20B80F0BD00BF0080FFFF3A
:102420004A1E062A08B50346084604D84FF4D1715F
:102430001520FFF7AFFD094A914202D940F2A311DE
:10244000F6E711B903B1196008BD2BB11B68002272
:10245000C3E901211A1D1A600430F5E7FAFFFF7F76
:1024600010B5114B00EB41041A786389B3FBF2F30A
:1024700003FB0223013A1A44B2F5706F02798078A7
:1024800028BF00231A440B18B2FBF0F100FB112106
:102490005B1AB3FBF0F100FB113313446FEA4343C3
:1024A0006FEA5343638110BD300E0020024B03EBF3
:1024B00080035960704700BF300E00202DE9F04FB7
:1024C00010F0070A85B0054604D040F261111720CC
:1024D000FFF760FD524F07F10C06B1460446B046C7
:1024E00057F8043B8DF80BA03BB101A898479DF825
:1024F0000A30082B01D9E821E9E79DF80B1041BB10
:1025000005B131604F4506F10406E9D1002D6FD0C9
:10251000DFF81091002289F800209646022758F82B
:1025200027A0013FBAF1000F55D09AF804609AF83D
:1025300002C0FF2E60D039460023481C38D19C448D
:10254000BCF1FF0F3FD90AB189F800E040F2271132
:10255000BDE79DF80AC06046022838BF02204B1D27
:102560005A0004EB4303441E2344BDF8084064446E
:10257000013CCCF1000C04EA0C044042B4F5803F6D
:1025800003EA000301D3F821A1E775B19A1A0120EB
:10259000326091701480D0709DF80C001071019819
:1025A00010814FEA104CA2F806C004FB0134A9E7E1
:1025B00058F8210028B190F804B0B34504BF8078E2
:1025C0001B180139B9E7DBB2E6458AF804303CBF95
:1025D0005FFA8CFE01227B1CA1D10AB189F800E0D0
:1025E000022640F6FF6A58F82670B7B9013EFAD2C3
:1025F000601B05B0BDE8F08F0023E5E707EB410362
:102600003846A3F80AA0FFF72BFF09F10109BB78B0
:102610005FFA89F18B42F1D8E8E74FF00009F6E75D
:10262000340E0020300E002038B54FF6FF730380C3
:10263000184B03EB810302461869A8B1847803792B
:10264000B3FBF4F104FB1133DBB2194600EB410597
:10265000B5F90A50002D0EDB0131B1FBF4F504FB96
:102660001511C9B28B42F1D1002038BD6381BDE89C
:1026700038400BF06BB900EB41046389C3F30E03E0
:102680001380C278002AF1D14FF4D5711720FFF7DB
:1026900081FC00BF300E00201C4B03EB810370B5A2
:1026A0001C69054644B3030404D54FF4DC711720BC
:1026B000FFF770FC014620460BF02AF9FF2801467F
:1026C00004D02046BDE870400BF040B9A078B5FBBF
:1026D000F0F300FB1353DBB219460A1D04EB42066C
:1026E000B6F90260002E09DB0131B1FBF0F200FB0C
:1026F0001211C9B28B42F0D1002070BD8B4201D0C3
:102700000023E37004EB42025580DAE7300E00202C
:10271000094B03EB810310B51C69014620460BF001
:10272000F7F8FF28014604D02046BDE810400BF022
:102730000DB9002010BD00BF300E0020F8B5104BC1
:1027400003EB810307461C69014620460BF0E0F8C5
:10275000FF28054611D0E288238953EA024606D0B5
:10276000014620460BF0F2F801463846B0472046B5
:102770002946FFF775FE0020F8BD0520FCE700BFE5
:10278000300E002038B50E4B827903EB82030446ED
:10279000186908B9052038BD8278E1799142F9D2EB
:1027A0004B1CE37100EB41035D89B3F90A30002B48
:1027B000F3DBA5800BF0CAF820600020EBE700BF38
:1027C000300E002070B5044610F003000E4603D012
:1027D0004E211820FFF7DEFBFFF722FE054624B14D
:1027E000034831460460FFF71BFE284670BD00BF5A
:1027F0004C0E00202DE9F14FDFF870B09DF828A0B5
:102800009DF82C901E46DBF8003007460D4690469A
:102810001BB960211820FFF7BDFB52460921404635
:102820000AF0F3FE4A4684B2092130460AF0EDFE72
:1028300014FA80F1DBF800000BF03EF8386018B9AC
:10284000286001B0BDE8F08F04442C60386853461E
:10285000414609220AF09CFE28684B46092231466F
:1028600001B0BDE8F04F0AF093BE00BF4C0E00204F
:1028700070B50E4604460AF0DBFE054630460AF007
:10288000D7FE044B2A1821461868BDE870400BF0AB
:1028900038B800BF4C0E0020024B186808B10AF08F
:1028A000FFBF70474C0E00201F2AF8B504461346A0
:1028B0000ED89200033222F00303B3F5803F2DD2ED
:1028C000184DACB1A00710D05F210920FFF762FBC3
:1028D000FF2B4FEA420204D9FF339A42A8BF1A469F
:1028E000E8E77C2AB8BF7C22E4E729706C602B8182
:1028F00022F003022823120403FB01F001276B6876
:10290000120C0025EEB2B14200D8F8BD14B1261861
:102910001F705E60104401352833F3E74FF0FF303D
:10292000F3E700BF500E002070B5154A15785368C4
:102930000021C8B2854203D8AB210920FFF72AFB4A
:102940001C46184614F8286B01310EB92346F0E7EF
:1029500000219970128999610124D96159685C70CC
:10296000920803F11E0403F1260524F8022FA54264
:1029700043F8041F1144F8D100234361037070BD74
:10298000500E00204B782DE9F04106460C4602F02F
:10299000040702F0FB05E3B1A5BBFF23A3707B088E
:1029A00004EB57073A7D032A02D1022D18BF0133E9
:1029B000E2180121117503F10C0104EB83030022DD
:1029C00024F811205B68A2703360B2803046BDE805
:1029D000F081002DE1D101234B701D4B8D611B89CE
:1029E000CD6101F11E0249689B08204604F1260CC6
:1029F00022F8023F944540F8041F1944F8D10023FF
:102A00006361CAE7D1F80480142200216170A01824
:102A10000AF042FA0E4B1B89B3F5FF7F0FD25A081A
:102A20009B1A9BB208EB0301C4F804802384A160C5
:102A30006284C4F80C80A3842161E284ADE7B3F51D
:102A4000EE6F4FF0FF02EBD940F27263EAE700BF8E
:102A5000500E0020134B012200214FF0FF309A60EE
:102A6000C3F80012C3F80803C3F80015C3F804251F
:102A70009A60C3F80803C3F80015C3F804250A498F
:102A80000A4A03F580334FF40040C3F80825C1F823
:102A90008000BFF34F8FBFF36F8FC1F88001C3F881
:102AA0000825704700F0004000E100E00000F63F1C
:102AB0000A46192302F8033B0448C368C1F80330EF
:102AC0000369536043699360704700BF5C0E002048
:102AD000024B5A8C02435A845B6A18475C0E0020F2
:102AE000014B00215B6A18475C0E002010B5154CA5
:102AF00005F0AAFF05F0EEFA208DFFF7F1FF237E27
:102B000063B12246104952F80C3BE360636853609E
:102B100004F11900A36893600CF01DFA0B4B228D91
:102B200093E8030002F090FE236B188802F012FE77
:102B3000A36B94F8341094F835009847002384F878
:102B40003C3010BD5C0E0020B12A0000880E002031
:102B5000034B93F83C300BB1FFF7C8BF704700BF81
:102B60005C0E002070B51E4C256B636C95F88C20B4
:102B7000236494F8483095F86910064603EB820008
:102B80002EB9FF2803D195F868308B4201D005F0AB
:102B9000E3FD95F88C30E3B1E06C05F0F5FF01231F
:102BA00084F86830D5F8E8302366E16CD5F8EC306D
:102BB000206C636605F06AFA16B9304606F034F800
:102BC00095F86810002006F083F8022384F83C3062
:102BD00070BD206C05F0D8FF05F07CFAECE700BF73
:102BE0005C0E002008B5094B93F83C20022A04D063
:102BF00040F24F212720FFF7CDF9DA7A42F00102A7
:102C0000DA72BDE80840FFF771BF00BF5C0E00201C
:102C1000032810B50A4B044605D15A6FD278022A10
:102C200001D1002010BD986F0AF084FD0028F9D171
:102C3000032CF6D001F0DCFA80F00100C0B2F1E71D
:102C40005C0E00202DE9F043484C94F83C30012BF9
:102C500085B005468846DFB204D040F204512720F3
:102C6000FFF798F9266B616F02A80AF096FF96F8B5
:102C70007C309DF808903BB1002186F87C10042040
:102C8000FFF726FF86F87E70B9F1030F27D0BDF855
:102C90000C30002B18BF022796F88C3086F8827013
:102CA000BBB1236BD6F8E82093F8690022660127B0
:102CB000D6F8EC20626684F868700AF08BFF94F80E
:102CC00048902B4900220346009238464A4605F0B8
:102CD00059F96DB105B0BDE8F043FFF707BF96F8AD
:102CE00082301BB9616F0220FFF7F2FE0327D3E7A2
:102CF000B8F1000FEED0E36F284698470028E9D0DE
:102D000094F83430002BE5D194F8803023B194F856
:102D10008100FFF77DFF0546606C0CF091F8D4F858
:102D20008430B3B9B4F88830B3FA83F35B09628CAA
:102D3000910710D5626F137803F00303032BC9D1F9
:102D4000D378022BC6D1002005B0BDE8F043FFF7D1
:102D500009BF0123EBE7002ABCD1012814BF0023DF
:102D600003F001032B43EED1B4E700BF5C0E00205B
:102D7000AC0E002010B5094CD4F8843023B940F2D1
:102D8000F6412720FFF706F9B4F88820216C0332BA
:102D900018460AF0C1F8206410BD00BF5C0E002088
:102DA00010B5064B93F83C2002F0FF0422B91C76C4
:102DB00002F042FD204610BD0C24FBE75C0E002013
:102DC0000A4B0B4A70B506460D461A60FFF7E8FF3E
:102DD00018B1F4212720FFF7DDF8064C012104F19A
:102DE0008A000CF01DF86664E56470BD48000020A0
:102DF000FC3500005C0E0020024B012283F88D2080
:102E0000704700BF5C0E0020F0B5794C85B002AE73
:102E100086E8030094F83C100A9F01F0FF0511B901
:102E20000AB103B127B940F283112720FFF7B2F8A6
:102E300096E8030004F12C0C8CE8030084F88D5014
:102E400084F8345084F88E5084F8355084F88F50CC
:102E500084F8905065842585256BE3676262A763DB
:102E600005F0BEFC05F036F995F9700005F042FD5D
:102E70006E6AE86905F044FD304605F077FE95F886
:102E80009C0005F047FD236B93F89F310BB105F0D3
:102E900095FC0CF014FC95F8692000F179010120F3
:102EA00005F0BEFD534B186805F066FE2B69A3675D
:102EB000514A6B69C4F8943005F5807105F1F0034F
:102EC00053F8040B42F8040B8B42F9D1D5F80021DA
:102ED000C4F869205A68494B5A60236B93F88620DE
:102EE00093F86860A2F12501012903D993F88710AE
:102EF00025295FD193F83E322BB1012E03D0012B4F
:102F00000CBF0126022605F13007314638460CF089
:102F1000B2F831460BF0D8FDAB8F95F869108342BB
:102F200028BF0346384684F898300CF08DF895F8A1
:102F3000691095F88C70B5F84460042908BF032126
:102F40000BF0C2FD0FB9043080B2864228BF06469E
:102F500095F88C30F6B284F8996084F84860A3B193
:102F6000D5F8E83095F8690023660127D5F8EC30EC
:102F7000636684F868700AF02DFE00220346009212
:102F80001D493246384604F0FDFF0120FFF7EAFDF7
:102F9000002323606360A360B5F8803063802B88D2
:102FA000238095F89C302371EB6E0BB101221A60DF
:102FB00005B0F0BD203A012A0DD823290DD093F891
:102FC000263113F0010202D19B079CD50222012E6B
:102FD00018BF164697E7232905D193F8262193F8C1
:102FE00061301340EDE7032E08BF04268BE700BFD6
:102FF0005C0E002048000020AC0E0020C50E002012
:1030000008B50C4B93F83C201AB9BDE80840FFF70F
:103010006DBD93F83C20022A04D040F231212720D4
:10302000FEF7B8FF1B6BD3F8B001BDE8084005F010
:10303000C7BD00BF5C0E0020014B1876704700BF73
:103040005C0E0020014B93F88F0070475C0E00204F
:10305000024B93F82900C0F3C00070475C0E0020BB
:10306000014B93F88E0070475C0E00202DE9F04371
:10307000314D85B004460F4602A8296C2E6B0AF02C
:103080008CFD14F00109BDF80C8004F0020428D076
:10309000002385F89A3094B1FFF76CFE0DF102021F
:1030A00001A9D5F894000AF0F1FB01980AF0D4FBCD
:1030B000012238604146D5F894000AF07CFBB9F152
:1030C000000F0BD0D6E93A32013342F10002C6E9D3
:1030D0003A3296F88430013386F8843005B0BDE882
:1030E000F08395F89A30032B20D801A252F823F0F0
:1030F00097300000013100001B3100001B3100003F
:10310000002CEBD0FFF736FED5F8940000224146A4
:1031100005B0BDE8F0430AF04EBB002CDED0D5F878
:10312000940005B0BDE8F0430AF0ACBB40F2A24108
:103130002720FEF72FFF00BF5C0E00202DE9F04F87
:10314000A94C002389B0CDE9043394F83C30266BB8
:10315000022B8046894604D040F28B512720FEF78F
:1031600019FF216C06A80AF018FD96F88C30B8F10A
:10317000000F00F028819DF819B0BDF81C70002BDD
:1031800039D004F0BFFFB0BB6FB196F8843003F0C4
:1031900001035B450BD1012384F83530FFF7A6FC12
:1031A00009B0BDE8F08FA4F88870002006E0A4F80C
:1031B0008870D4F8940039460AF0DDFA238D9DF822
:1031C0001A20C4F8840043F40073238596F88330F2
:1031D00003F001039A4263D0256B95F88230002BEF
:1031E0003DD0022B13D1A06F04A90AF06DFA38B9B3
:1031F00040F23B41B2E7A4F88870002FD5D0D8E761
:10320000D5E93832013342F10002C5E9383295F888
:103210007E30002185F8821023B185F87E101020C1
:10322000FFF756FC95F87D30A3B14FF0000A85F802
:103230007DA000F0C7FF10B940F252418EE7514621
:103240000820FFF745FCD5E93832013342F100028E
:10325000C5E9383295F88330013385F88330238D02
:1032600043F4006323854FF0000A96F8843003F09E
:1032700001035B4544D19DF81830256B022B11D812
:10328000EBB995F88430013385F88430002F37D0BE
:10329000D5E93A32013342F10002C5E93A322FE072
:1032A000C246E2E7032BECD1238D216C012043F4CD
:1032B000805385F87C002385FFF70AFCE1E7002FA7
:1032C000DFD0238D95F88C5043F48053238505F08F
:1032D000F5F9042894F8993006D1002D0CBF1F226F
:1032E0001B22934228BF1346BB4262D3D4F88430DA
:1032F00033B194F88D30002B74D02020FFF7F0FB11
:10330000002796F88B309BB1D6F8E03096F868002D
:1033100023660025D6F8E430636684F868500AF026
:1033200059FC324900950346FB22284604F02AFE48
:10333000B9F1000F5CD1638C94F88E10180708D592
:10334000626F137803F00303032B02D1D378022BAF
:103350004ED001294CD8E36F01209847002847D070
:1033600094F83430002B43D11FB105A90120FFF799
:103370007DFE256B002395F88C208DF80D3094F898
:10338000483095F8681003EB8203FF2B03D195F8C2
:1033900069308B4202D0FF2005F0DEF995F88230CB
:1033A000032B00F21781DFE813F07A00A500FC0080
:1033B0000D0194F83430012043F0100384F83430C8
:1033C00007F006FD9CE70BB104F0D8FE94F88E30B0
:1033D000013384F88E30238D002743F480632385E6
:1033E000BA468EE747468CE75C0E0020AC0E002004
:1033F00005F07AFC002F4DD14FF00109238D5A06BC
:1034000006D44020FFF76CFB238D43F04003238557
:10341000BAF1000F0DD0B4F80720B4F8053013430B
:10342000B6F8802013431EBFB4F809300133A4F866
:103430000930B8F1000F00F0D580B4F80530013341
:10344000A4F80530002384F88E30694802F070F942
:10345000049830B10AF000FA216B0022027201F0E8
:1034600027FD059B33B1216B00221A720C220598AF
:1034700001F0ECFCB9F1000F7FF490AE238D1B0638
:103480003FF58EAE8020FFF72BFB238D43F08003AA
:10349000238585E605A90320FFF7E8FDACE794F84E
:1034A0009830ADF80E305348A5F8583000F07AFE49
:1034B00028B1012385F87D3084F890301CE0A06F9E
:1034C0000DF10D020DF10E010AF0D9F8606788B117
:1034D00095F8C73073B99DF80D302BB90380837010
:1034E000606F01210BF09CFC636FBDF80E205A70D9
:1034F0000123E1E7404B6367D4F874B095F883206B
:103500009BF80000D20002F0080200F0F30313431E
:1035100095F88420920002F0040213438BF80030E7
:1035200000F00300FFF774FB9BF8003023F010035A
:1035300043EA00138BF8003095F88B30606F002B56
:103540004BD04378002B48D0E06C05F01DFB0023E6
:1035500084F86830D5F8E0302366616FD5F8E43040
:10356000E06C636604F058FD95F86910012005F0E1
:10357000AFFB0125606F84F88F500BF061FC636F27
:1035800084F880001B7884F83C5003F0030384F82F
:103590008130002F3FF432AF05A90220FFF766FD0E
:1035A0002CE7B5F85830A06FADF80E300DF10D02D4
:1035B0000DF10E010AF063F86067002898D140F21F
:1035C000F121CBE50B4800F0EDFD002890D140F251
:1035D000FB21C3E540F20931C0E505F0D5FA04F05E
:1035E00079FDC1E7B4F807300133A4F807302CE7C0
:1035F000880E0020D00E0020E60E0020E52B0000F3
:103600003D310000452C0000512B0000F0B5070CA7
:10361000A7F5AA42144B543A012A03EA90231FD972
:1036200027F4004042F6AA22801A18BF0120002287
:10363000162116461F2487EA060562EA05050135AC
:1036400010D0DD03ADB245EA5606E503ADB201394F
:1036500045EA52024FEA53034FEA5404EBD1F0BD5E
:103660000020E4E70020FAE7E0FF3F00304BF0B530
:103670005A88B0F85C70B0F85A609D88974228BFAD
:103680001746964228BF16461B2E85B00C462ED0F4
:10369000B5F5A47F2DD040F648039D4201A928BF6F
:1036A0001D460AF0FCFABDF80A30BB4228BF3B4673
:1036B000E380BDF80C30AB4228BF2B462381BDF818
:1036C0000630B34228BF33466380BDF80830AB42B2
:1036D00028BF2B46A380FF232370E3881B3B9BB2AC
:1036E000E02B08D940F2F5613920FEF753FC1B2F7F
:1036F000CED105B0F0BD63881B3B9BB2E02B02D955
:1037000040F2F761F0E72389A3F5A4739BB2B3F508
:10371000E06F02D940F2F961E6E7A388A3F5A4734C
:103720009BB2B3F5E06FE4D940F2FB61DCE700BF88
:10373000F80E002010B501210020FEF7E9FF044635
:1037400070B90121FEF7A8FF044620B940F2933179
:103750003920FEF71FFC034B93F906100CF05EFABC
:10376000204610BDF80E002008B50BF015F900F04A
:10377000E5FE00F0A7FB0BF0C6FB02F047F801F0F6
:1037800049F9094B00221A60084B1B214FF4A47021
:1037900098801A805980064B064818605A829A759C
:1037A00099805A749A8208BD4C000020F80E0020BF
:1037B0002413002003021B00044B41F64C52C3E9C2
:1037C00002221B221A74FFF7CFBF00BF2413002070
:1037D00073B5244DAB680363234B836104460CF03F
:1037E000D8F8064600F05EFB830654BF1B236B88A7
:1037F000A4F85A3058BF1A461C4B297C1B6848BF96
:10380000AA88A4F85C2084F8381066871BB194F964
:10381000701020889847164E204631460BF076F9F6
:1038200001236A886978E385AB88019116F8121C38
:103830000091033303329BB292B204F1140104F1FC
:103840001000FEF7D7FF236923B940F2CC6139207D
:10385000FEF7A0FB636913B940F2CD61F7E70020E2
:1038600002B070BD2413002000093D00500000206C
:1038700036130020F7B504460D460CF002FA002876
:103880006DD020460CF0D9FA38B1B5F80130013BC3
:103890007F2B02D9122003B0F0BD20460CF0D1FAE4
:1038A00008B90C20F7E720460CF069F90028F8D198
:1038B00020460CF0A4F906460028F2D1204603F079
:1038C0009DF90028E6D0B5F80170E97842F210734E
:1038D00020465F430CF09DFA20460CF0A6FA014604
:1038E00048B93A46204602F039FBB0B341F6A5414B
:1038F0003920FEF74FFB31460DF10600FEF794FE2E
:10390000054608B90D20C6E7314600F0D1FFBDF8E5
:1039100006302B80204629460CF09DFA20460CF0FC
:1039200096FA88B9216A20460CF093FA0146284697
:10393000FFF74EFF3A462946204602F00FFB0246AB
:1039400020B141F6C841D3E70121F0E7054B9B6860
:103950001BB105F58D712846984700209BE7422052
:1039600099E700BFF80E0020024B1B6803B118470F
:103970000C2070474C000020034B5A8802801B78B3
:1039800083700020704700BF2413002037B5837870
:103990001A2B054608D8042B04D9144A22FA03F33B
:1039A000DB0705D412241AE0292B01D03B2BF9D1D7
:1039B0002888B0F5706FF5D269460BF03CF888B9ED
:1039C000019B93F8182102F0FF046AB9AA7883F8E2
:1039D0001921FF2283F8182168460BF06FFA204660
:1039E00003B030BD0224FAE70C24F8E720003804C5
:1039F0000188A1F11B039BB2E02B0CD84288A2F5F1
:103A0000A4739BB244F24810834204D8034B0020B5
:103A100059809A8070471220704700BFF80E00202E
:103A2000034B5A889B88028043800020704700BF68
:103A3000F80E002038B50278447802F0010354EA09
:103A4000030102F0020201D1112038BDBAB9857814
:103A5000002DF9D0002B18BF002400E01D462046A1
:103A60000AF0C8F80028EFD028460AF0C3F800286A
:103A7000EAD0054B00209C74DD749882E5E7002BAA
:103A8000ECD000242546EAE72413002013B5008873
:103A900069460AF0D0FF18B10224204602B010BDDA
:103AA000019A92F8DC31DBB292F8A820002AF3D117
:103AB00013F0FB0FF0D0019890F82A310BB13A24A3
:103AC000EBE790F8D23003F0FF04002BF7D190F829
:103AD000C9309B0706D1FF2380F82A3168460BF0D6
:103AE000EDF9DAE70249CA300BF035FAD5E700BF45
:103AF00031F60000F7B50778EF2F05460C460FD8D2
:103B000090F901204378002A0ADB8278900707D1D8
:103B100013F010001DD1990603F0030202D51AB16B
:103B2000122442E0032AFBD01E07F9D42979EA784F
:103B3000EE7942EA0122697942EA0142A97941EA31
:103B400006212E7A41EA06418A42E9D81F2A0FD877
:103B5000E6E713F0600FE3D103F00702052A05D072
:103B600003F00F010D22CA40D107D9D51A07DDD5C0
:103B70006A7A013A062AD3D8AA7A032AD0D813F04F
:103B8000040102D1023A012A03D8EA7A012AC7D8ED
:103B900011B9AA7C032AC3D82A7D48B1012ABFD112
:103BA0002A7E012ABCD830B91124204603B0F0BDCA
:103BB000022AF5D1B4E7DB0712D46B782A7D03F033
:103BC0001803082B11D1022AEED101213846FEF745
:103BD0009FFD064678B10BF0D2FFB8B10C24E4E7A4
:103BE00000F024F90028E8D1DEE7022AEDD02B7F8F
:103BF000002BEAD0D8E701213846FEF74DFD0646F6
:103C000040B3154B93F906100CF008F830460CF051
:103C100009F929462070E87430460CF04EF8EB7E26
:103C20000446002BC1D00028BFD1316B0246684644
:103C3000FEF7A8FE306B2246012109F0F3FE316B3E
:103C400068460422FEF79EFE306B2246214609F0AC
:103C5000E9FEAAE70724A8E7F80E002030B50279AC
:103C6000042A8BB003464FD84088B0F5804F4BD81C
:103C700026498D5C114400244A79ADF8004042F099
:103C8000100242EA45028D7AC97B8DF8084042EA6B
:103C9000850242EAC10202F01F028DF80020BDF841
:103CA0000020ADF809201A888DF80B208DF80E0041
:103CB000120A000A8DF80C208DF80D408DF80F00C7
:103CC0008DF810405A7B8DF811205A798DF812200A
:103CD0009A79D3F807008DF81320B3F80B209B7B5B
:103CE0008DF81A307F2305908DF81B3069464FF010
:103CF000011302A8CDE90734ADF818208DF824404F
:103D0000FFF7F8FE0BB030BD1220FBE7F0CA02004F
:103D10000278034672B1427862B142881A2A09D900
:103D200082881A2A06D9044A006810609B8893800A
:103D3000002070471220704724130020024B0268B5
:103D40009A600020704700BF241300200378A3F17D
:103D50000A02112A9DBF024A0020137412207047E4
:103D60002413002008B5052000F090F804F05AF85C
:103D7000014B024A9A6008BDF80E00206D36000023
:103D800008B502F023FF02F0D5F9BDE8084001486C
:103D900002F006BF040F002010B50B4A01231446A1
:103DA00082F8023102F01AFF0CF0FDF90AF0F2FD80
:103DB00004F203112046FFF703F8002009F0CEFDBE
:103DC000BDE8104001F028B8040F002010B5064CE3
:103DD000064904F502700AF09DFC04F503700449DD
:103DE000BDE810400AF096BC040F002054000020EB
:103DF0005C00002010B5094C094904F502700AF076
:103E000089FC04F5037007490AF084FC04F504708A
:103E10000549BDE810400AF07DBC00BF040F00203A
:103E2000640000206C00002074000020014B93F817
:103E300002017047040F002010B5074C00F0C8FFC6
:103E4000D4F808020AF05EFCFFF7B6FC01F0F6F8C1
:103E5000012384F8143210BD040F0020014B93F8A5
:103E600014027047040F002010B5074CD4F80C0260
:103E70000AF048FCD4F810020AF044FCFFF774FC86
:103E8000002384F8143210BD040F0020C208044936
:103E900000F0070001238340885C03438B54704784
:103EA00010000020014BD3E90001704710000020F2
:103EB000034B1868C0F30020400040F00100704739
:103EC0001000002008B508F0E3F8084A002332F893
:103ED0002310814205D302EB83029378044A1370C6
:103EE00008BD01330C2BF2D10023F7E704CB02000D
:103EF0001911002010B544682388A4F8683194F89B
:103F0000683084F86711012B06D0022B04D04FF4DF
:103F100061710620FEF73EF884F86A3194F8693042
:103F2000012B01D0022BF2D184F86B31044904F546
:103F3000AF700BF010F8002384F8243110BD00BFDF
:103F40008FE70000406808490388A0F85A3190F8CC
:103F5000603080F85C3190F8613080F85D3100F2BB
:103F600051100AF0F2BF00BFA5E700002DE9F043B1
:103F70008946097999F80580456801F0070108F03C
:103F800007084B1E08F1FF3202EA08020B401343F8
:103F900095F8872095F88660232A85B004463BD1A2
:103FA00005F18707FBB940460AF03DFC00283DD0EB
:103FB00095F86830984239D095F8262118EA020F12
:103FC00011D0212E32D095F8612018EA020F2DD1A0
:103FD0000138013B4D4AC0B2DBB2032B105C20D844
:103FE000D35C834222D995F82431012B53D11E2171
:103FF0002046FFF77FFF212E51D16368182283F8F6
:104000000921092283F8862093F8C230002B3ED183
:104010004FF43171AE2007E0212E75D105F18607EE
:10402000C0E74FF40F710620FDF7B4FF08460AF011
:10403000FAFB38B195F86930834203D095F82731FF
:104040001942D0D0B9F8066003AB00932846334636
:1040500042460AF0F5FB6368054678BB93F82421D5
:10406000012A28D101462046FFF744FF3D706368CE
:1040700003F18702974202D1002283F88720636808
:1040800003F1870297423BD120460BF080F80020D5
:1040900005B0BDE8F083002385F82431ABE70023A9
:1040A00020463B700BF073F81821204605B0BDE8A0
:1040B000F0430BF094B883F82401D8E7B3F88020DC
:1040C000A3F83C62013EB61AB6B247F6FD729642BC
:1040D00006D9282283F8A920204601F027F9CEE747
:1040E00093F887200D2A02D00A3A012A01D82A2201
:1040F000F0E7BDF80C20A3F83E2225233B70BEE775
:10410000002283F8C220C2E70220C1E734CB0200BC
:10411000044B002283F822204FF6FF729A84DA843F
:104120001A8570471A110020054B9A8C824201BFF4
:10413000002283F822204FF6FF729A84704700BF56
:104140001A110020014BD884704700BF1A110020BB
:10415000084B998C4FF6FF72914206D193F82220BA
:10416000012A04D00360012070470023036000206F
:10417000704700BF1A110020064B93F82220012A35
:104180001FBF0120DA8C83F822009A8408BF002028
:10419000704700BF1A110020014B1885704700BFFF
:1041A0001A110020064B0246198D988C884205D1C1
:1041B00093F8220018B11360012070470020704767
:1041C0001A110020094B998C1A8D914201D00020C0
:1041D00070474FF6FF729A8493F82220002AF6D097
:1041E000002283F822200120704700BF1A1100200E
:1041F000054B998C1A8D914203BF93F82200B0FAB7
:1042000080F04009012070471A11002050B90A4A75
:104210001346012003F8010B0868C2F801008A88E0
:104220009A807047012805D1034B0A689A608A88F2
:10423000D8719A81704700BF4411002050B90B4BD0
:10424000187888B1D3F80120B3F805300A608B8064
:1042500001207047012806D1044BD87920B19A6813
:104260000A609B89F3E70020704700BF44110020DB
:1042700010B9044B18787047012806BF014BD87954
:104280000020704744110020F7B500238A888DF87C
:104290000600ADF8042008680B4A8DF80730019D30
:1042A0001478014602F5A872D8B2844201D80820D9
:1042B00008E052F8087F5668AE4208BF8F4203F10B
:1042C0000103F1D103B0F0BD5811002030B5094B06
:1042D00001465C78002203F20113D0B2844201D877
:1042E000082005E013F8015F8D4202F10102F4D1CC
:1042F00030BD00BF58110020F8B52D4C6378013B4C
:10430000DBB22218834292F80251637030D01A0156
:104310000101961C8F1C2644274406F1100C56F808
:1043200004EB47F804EB6645F9D18232823122442E
:10433000214402F1100652F8047B41F8047BB2429A
:10434000F9D1E118221891F8026182F8026106267B
:104350007343704303F5857300F58570E618E358E1
:1043600023502718B388BB8091F83A3182F83A314C
:104370002846FFF7ABFF082818D12378013BDBB2B2
:104380009D42237012D02B3304EBC30393E8030048
:1043900005F12B0204EBC20282E803002078FFF74C
:1043A00095FF08281CBF241884F80251F8BD00BFEF
:1043B00058110020F0B5254D95F8984189B0224656
:1043C00005F29911684608F0A7FD214668460AF0F3
:1043D00002FB0446B8B300EB4001C9B202A8FDF7E6
:1043E0001FFF631E95F8A161DBB2012495F89811B7
:1043F00005E0721CB2FBF1F001FB1022D6B206F10F
:1044000020020DEB020010F8202C002AF1D103EB62
:1044100043012031694406EB46022A4411F8187C16
:1044200082F8A27111F8177C11F8161C82F8A3719A
:1044300082F8A41100F8204C013BAA19DBB2FF2B33
:1044400082F89941D2D109B0F0BD00BF58110020C7
:1044500070B5064688B00C46002A4ED0294A92F81C
:10446000A131D01890F8991119B9FF212820FDF732
:1044700091FD03EB43011144013391F8A251E57022
:1044800091F8A35191F8A41161710021257180F870
:10449000991192F89811B3FBF1F001FB103382F8F7
:1044A000A13192F8C23123B9174902F5DD700AF043
:1044B0004FFD657905F03F0545F0400565710D221A
:1044C0000021684608F0E8FCE3788DF80F30237986
:1044D0008DF80E3004AA0423694630468DF80D503D
:1044E00008F038FB9DF81F3023709DF81E30637074
:1044F0009DF81D30A37008B070BD03216018FDF752
:104500008FFED6E758110020B5430000044B5A78BF
:10451000824286BF1B1893F84A010020704700BFF3
:1045200058110020044B5A78824286BF1B1893F81A
:1045300042010020704700BF58110020064B0022A6
:104540004FF461711A8083F8C32183F8C421A3F862
:10455000C61183F8C2217047581100202DE9F04799
:104560008246894617469846FFF78EFE082805467C
:10457000064603D0FFF7AAFE082860D1324C6378C4
:10458000072B5ED8082D15D12678731C072E2370B3
:1045900003D96C212820FDF7FDFC06F12B02D9F888
:1045A000000044F8320004EBC203B9F804209A80FA
:1045B00083F806A065786B1C290163704B1C07F11A
:1045C0001002234412F8010D03F8010FBA42F9D189
:1045D000813108F11003214413F8012D01F8012F56
:1045E0009845F9D1102140460AF032FA25441021AD
:1045F00085F8420138460AF02BFA85F802616678A0
:1046000085F84A010023114885F83A3131460AF00D
:10461000E2F90128054607D80D4831460AF0DBF9D2
:10462000002818BF0135EDB284F8985100252846BE
:1046300084F8A151FFF7BEFE2846BDE8F08712209E
:10464000FBE70720F9E700BF581100209A1200206D
:10465000A212002010B5064B5878013840B200284D
:1046600000DA10BDC4B22046FFF746FE601EF5E733
:1046700058110020014B83F8C301704758110020E6
:10468000014B93F8C301704758110020431E9BB2A1
:104690004AF2B71293429DBF024BA3F8C601012014
:1046A0000020704758110020014BB3F8C601704735
:1046B0005811002030B50A4B5C7884420ED918445A
:1046C00090F802012B3003EBC004A5790D7053F86C
:1046D00030001060A3889380012030BD0020FCE7EB
:1046E000581100200246074810B590F8C34124B184
:1046F000417821B1023003F0BBFB204610BD0C46CF
:10470000FBE700BF581100202DE9F74F2F4C9A46C8
:10471000637883428046894656D9231893F84251DC
:1047200085F00105F9B193F84A31E3B945F0020784
:104730000135BAF1000F18D1FA070AD5062101FB9D
:10474000084104EB0810524601F585718230FFF7ED
:104750007FFEBB0734D504EB0810524649460230B1
:10476000FFF776FE2CE02F46E3E794F8A1614FF0C7
:10477000010B002DE0D0A319019393F8991199B979
:104780000092DAB100F02AFC06EB46012144019BBD
:1047900081F8A2014FEA102C009A81F8A3C1000C05
:1047A00081F8A40183F899B194F898310136B6FBE9
:1047B000F3F103FB1166F6B2013DDAE747F00407B7
:1047C000384603B0BDE8F08F0027F9E75811002004
:1047D000074B5A78824209D91A1892F842212AB90D
:1047E000062202FB003000F58570704700207047FC
:1047F00058110020064B5A78824281BF1B1893F84B
:104800003A01B0FA80F0400998BF0020704700BF1D
:1048100058110020F8B50E460746062130461546C9
:104820000AF016F9044670B10C4B0022587803F2D6
:104830003913D1B2884202D801242046F8BD03F8CA
:10484000015F0132F5E7314638460AF0E0F8082802
:10485000F3D0024B034483F83A51EDE7581100209E
:1048600030B50024A0F84040B0F8444042F2107542
:104870004C43B4FBF2F4A0F84440541E05FB034340
:10488000B3FBF2F3A0F84230084BB3FBF2F3013371
:10489000A0F84830838F05FB0344436BB4FBF2F46C
:1048A00059438463B1FBF2F1416330BD005A6202A7
:1048B00070B504460D4659BB4FF41A7208F0ECFA75
:1048C000012384F88E306FF0360384F8D930042346
:1048D00084F8DA306FF03B0384F8DB306F2384F820
:1048E000DC306FF03C0384F8DD306FF07F0384F838
:1048F000DF302B2384F8D830FE2384F80E317F2359
:1049000084F88530202384F8DE5084F8F73170BDB8
:10491000012923D10023A0F8B43180F8AB3182699A
:1049200040F6B833A0F8B4301146438C7830FFF726
:1049300097FF104B1B68062B01D001330CD10E4B97
:104940001B68063B083307D9E069FEF75FFE18B91C
:10495000012384F89F31DAE70023FAE70229D6D150
:10496000B0F84A32D0F844228169BDE8704078300E
:10497000FFF776BF8016002084160020034B80F8D6
:1049800070101B680BB10088184770477C0000202E
:104990000B2808B504D940F2C7112920FDF7FAFA0F
:1049A000014B33F8100008BD38CB0200074B93F9D8
:1049B00000301844142804DC10F17F0F03DB40B2F0
:1049C0007047142070476FF07E007047201300205E
:1049D00007B57F230DF107008DF8073004F060F96B
:1049E00003469DF9070053B1094B5B785B4240FADF
:1049F00083F0142806DC10F17F0F05DB40B203B012
:104A00005DF804FB1420FAE76FF07E00F7E700BFC3
:104A100020130020024B00221A705A70704700BF0A
:104A2000201300200346407898B1DB783F2B05D84F
:104A3000084AD35C1B1A58425841704703F10C02D4
:104A4000D2B2042A04D8034A134413F8B43CF1E761
:104A50000120704750CB02003F2908B5C17003D830
:104A60000B4B5B5C437008BD01F10C03DBB2042B04
:104A700004D8074B0B4413F8B43CF3E7FF2904D0E8
:104A800040F23A412A20FDF785FA0123EAE700BF08
:104A900050CB02002DE9F3478946694615469846F2
:104AA00009F0C9FF044620B9019E35B9012386F8F3
:104AB0008D30012002B0BDE8F087376929463846BD
:104AC00008F087FD01460028F4D0164B5B88AB4206
:104AD00025D3384608F0BCFE96F88D300480002BB4
:104AE0000CBF49460221824684700AF099F941467A
:104AF0002A460AF1030008F00FFA2946384608F062
:104B0000A3FD18B97E212B20FDF744FA68460AF070
:104B1000D5F9019BA3F8A24186F88D40C9E720464C
:104B2000C8E700BF24130020024B987DC04300F06B
:104B30000100704724130020044B987DC0F340000F
:104B400080F0010000F00100704700BF2413002036
:104B500083230B70014B1B78CB7070473C130020F4
:104B60002DE9F84FD0F80480D8F8146030460D468F
:104B700008F060FE044618B9FF211020FDF70AFA7C
:104B80000146304608F064FEB4F800B01FFA8BF915
:104B90008246B9F1000F02D140F20311EDE71E4B3E
:104BA0001B68C71C8BB9B8F80030AB8000236B7250
:104BB000A5F806B09AF8003003F00303012B0FD0DC
:104BC000022B0DD040F21D11D7E7B8F800004A467D
:104BD0003946984704460028E5D12046BDE8F88FBD
:104BE0002B72304608F03AFE044610B94FF4937128
:104BF000C3E7B9F1FB0F02D940F23511BDE72868D0
:104C000010B94FF49B71B8E74A46394608F084F969
:104C1000304608F07EFDE0E7800000202DE9F347F4
:104C2000DFF850818246894605270026D9F81030E2
:104C300053B11B7A1BB980211020FDF7ABF9D9F8CD
:104C40001040B4B9002071E0D9F80440237A012B58
:104C5000F8D0EFF3108372B6D9F804201268C9F8BF
:104C6000042003B962B6C9F81040237A0BB9A62113
:104C7000E2E7257AEDB227726B1E0B2B6AD8DFE8CC
:104C800003F066061C3463693D69696969586368A5
:104C900013B94FF4D771CFE7204651469847042007
:104CA000EFF3108272B6237A052BD9B25CD126724B
:104CB000C9F81060B2B962B614E0636813B940F283
:104CC000B711B9E75146204698470346C3F3072377
:104CD000012BADF80400C0B23FD0022BE0D100237D
:104CE000C9F810300028A1D020E0636813B940F261
:104CF000BF11A1E7204698470020D1E763680BB9B0
:104D0000B52199E70B228AF8002019881869AAF8BA
:104D10000310012200248AF802208AF805208AF86C
:104D2000064008F0F6FCC9F81040042002B0BDE8C7
:104D3000F087D8F80030514620469847034660B1C6
:104D4000C9F810600220F1E74FF4FB7174E740F2FC
:104D5000F91171E74FF4FE716EE725720028E5D175
:104D6000002B7FF463AF6DE711B940F21D2163E7BB
:104D700000209FE78400002038B5134C1422002146
:104D8000201D08F089F801252574142204F1080378
:104D9000002104F11800C4E9013308F07DF884F81B
:104DA000245004F11C03C4E90633084A0023E362DB
:104DB000236384F83430C4F83530C4F8393084F8CB
:104DC0003D30136038BD00BF3C1300208000002040
:104DD00010B5084C2378FF2B04D04FF4A07110209D
:104DE000FDF7D8F807F0FCFE2070BDE81040FFF793
:104DF000C3BF00BF1D00002010B5034C207807F092
:104E000009FFFF23237010BD1D000020014B1878FF
:104E100007F010BF1D000020014B024A1A607047C6
:104E200084000020614B000010B506490446FFF7DE
:104E3000F5FE28B920460449BDE81040FFF7EEBE54
:104E400010BD00BF541300204013002010B51346BE
:104E5000027A22B140F299211020FDF79BF80A4610
:104E6000BDE81040014601480AF04FB84013002049
:104E7000044890F834301BB903492C300AF062B86A
:104E8000704700BF3C130020FDEE000003460648BB
:104E900090F83E203AB190F83D2022B900F8353B19
:104EA00002490AF04FB870473C130020514B0000F4
:104EB00010B50A46037A23B140F2A1211020FDF774
:104EC00069F80146BDE81040014807230AF01DB803
:104ED000541300201346027A0AB1037270470A463F
:104EE000014601480AF011B8401300201B234FF07F
:104EF0001B128384038482618382C260038539B973
:104F00004FF4A473034AC3844384C261C382026121
:104F1000704700BF480148010346F0B4B3F854207D
:104F2000B3F84840B3F84460DF8FB3F8425094427E
:104F300028BF14460846B3F84C20B3F85610DC8757
:104F40008A4228BF0A46B3F84610A3F8422091428D
:104F500038BF1146A64238BF2646A742A3F8446090
:104F6000A3F846101FD1AA1A18BF0122B3F84A505D
:104F7000B3F85040B3F852709E8FB3F84010A5427A
:104F800028BF2546B3F84E409D87BC4228BF3C460B
:104F9000AE42A3F8404002D1A14200D12AB1F0BCF8
:104FA000034909F0D8BF0122E0E7F0BC704700BF19
:104FB0005DEF00000B8BA2F80B304B8BA2F80D308D
:104FC0008B8BA2F80F30CB8BA2F809000249A2F814
:104FD0001130104609F0B9BFADEF0000094AD2E91F
:104FE0000003434083EAB01181EA43214FEAF343CF
:104FF0005360054B116058434FEAF06000EB8000AE
:10500000704700BF7C130020BB79379E094AD2E964
:105010000003434083EAB01181EA43214FEAF3439E
:105020005360054B116058434FEAF06000EB80007D
:10503000704700BF20000020BB79379E10B50A4C96
:1050400009480821FDF7ECF8D4E900321343F7D002
:10505000064CFFF7DBFF2060FFF7D8FF2368606096
:105060001843F6D010BD00BF200000207C130020A4
:10507000174B184A9A60184A5A60184A1A60184A18
:105080009A62184ADA62184ADA60184A9A61184A2B
:105090001A63184A1A62184ADA64184A9A64184A53
:1050A0005A62184B184A9A60184A5A62184ADA62C9
:1050B000184A1A61184A5A61184A9A61184A1A63BA
:1050C000184A9A64184ADA64184A9A63704700BF0B
:1050D0008800002073F20000A3F200000FF300002C
:1050E00075F40000C9F4000055540000DFF400001E
:1050F0009956000039550000ADF50000C9F50000D3
:10510000815500009C0100208FF200007FF5000017
:1051100001F50000A5F4000025F50000D9540000B9
:105120004FF60000F7F50000E9F5000065F5000016
:10513000044B054A5A65054B054A1A65054A5A65E6
:10514000704700BF88000020C3F300009C010020CE
:10515000A9F3000021F40000054B064A9A65064AAF
:105160001A66064B064A9A65064ADA65704700BF1A
:1051700088000020C3E800006D3F00009C01002073
:105180000DE8000075E90000252A034610B5084621
:1051900018D8012A19D9023A232A16D8DFE802F0D2
:1051A0001A15252424311533152439434715154B79
:1051B00024245E5E74741515151515151515151531
:1051C000157B868EFF2A00F081804FF4A16151206B
:1051D000FCF7E0FE1A785B68012A02D193F81031DF
:1051E00001E093F81931037110BD5968D1F8BE215F
:1051F0004260D1F8C22182605B68D3F80431C36099
:10520000F2E75B68EAE70146BDE81040184600F0A7
:105210000DBA59224271002210238271202203719B
:10522000C2710372E0E75B6893F80A31DBE7BDE81F
:10523000104000F0EBB95A681B784BB992F8103166
:1052400033B192F80D31037192F80C314371CBE711
:1052500092F80B31037192F80A31F7E75B68B3F803
:1052600054200271120A4271B3F812218271120A9B
:10527000C271B3F850200272120A4272B3F81031B0
:1052800083721B0AC372AFE75B6893F82621027131
:1052900093F82731DAE7124A1468002CA4D00146AB
:1052A0001A4623202346BDE8104018470C4A1468CC
:1052B000002C99D001461A462420F3E7084A1468C6
:1052C000002C91D001461A462520EBE75B68BDE82B
:1052D000104093F83722D3F8381209F0B5BD00BF5B
:1052E000B00200203F2803D8064B53F82000704737
:1052F00000F10C03DBB2042B01D8B438F4E7002032
:10530000704700BF880000203F2803D8064B53F8A1
:105310002000704700F10C03DBB2042B01D8B43835
:10532000F4E70020704700BF9C010020F7B54568F6
:105330002E6904464FF6FF770DF102010DF10102CF
:105340003046ADF8027008F09AF901A9304608F02D
:10535000BBF940B1019808F07FFA6168002202723F
:10536000FFF7A6FDE8E7044905F1A00003B0BDE89A
:10537000F04009F0EABD00BF01F20000F0B50446BC
:1053800085B00D46FF2600F8856C10F8863CF3B119
:10539000184F3B781BB148211F20FCF7FBFD0C2167
:1053A000381DFCF73DFF3E70002304F8853C2A467B
:1053B000072302F8033BD4F80930C5F80330D4F8CA
:1053C0000D305360D4F81130936005B0F0BD01A8E2
:1053D0000C21FCF725FFA4F51373039AC3F80421ED
:1053E00001AB03CB44F88E0C44F88A1C04F8866C9D
:1053F000DAE700BF8413002010B5054C23782BB9E1
:105400000C21201DFCF70CFFFF23237010BD00BFF3
:1054100084130020024690F8C631BBB990F8C7311A
:1054200003F0FF010BB100207047094B18780028EA
:10543000F9D01970D968C2F80411043303CBC2F84B
:10544000BE01C2F8C211FF2382F8C63101207047A5
:105450008413002038B5426892F8873004460D4620
:105460003BB1132B05D0113B0B2B8CBF0120082027
:1054700038BD92F8C83013B9204609F07EFE626844
:10548000D5F80E30C2F8B631D5F81230C2F8BA31BC
:105490006368D5F81620C3F800211A88A3F85522AE
:1054A0006A68C3F85722AA68C3F85B226368AA89AE
:1054B000A3F85F226368002583F8C6516068054938
:1054C00000F5137009F03EFD6368152283F887200C
:1054D0002846CDE77D53000038B5436893F8872010
:1054E0001C2A044604D04FF4DE711F20FCF752FD45
:1054F00093F8C8101D88002283F8C72003F5C970EF
:1055000069B10B4983F8C820A3F89C5183F89B210B
:1055100009F018FD6368002283F8872038BD012256
:1055200083F89B11A3F89C51024983F89E21EFE771
:1055300061F4000053F4000038B54568AB6F13F018
:10554000010417D14A680C4B896813400B4AC5F80F
:10555000D830C3F3076343F008030A4085F8DB3013
:10556000C5F8DC2009F009FEAB6F43F00103AB671F
:10557000204638BD0120FCE72FC904F76FDB00800F
:1055800008B5406890F88630042B28D14B688A68AB
:10559000C0F8D830C3F3076343F0080380F8DB306A
:1055A0000023C0F8DC2080F8C23080F8863090F804
:1055B000743103F0FF020BB1002008BD0388A0F88E
:1055C000763180F875214B68C0F878318B68C0F867
:1055D0007C31044900F5B67009F0B4FCECE7012019
:1055E000EBE700BF43F50000406890F8743153B911
:1055F0000388A0F876311A2380F87531024900F546
:10560000B67009F09FBC704743F5000010B5044622
:10561000FEF748FC034A044B02400B406260A36063
:1056200010BD00BF2FC904F76FDB008037B50C46F3
:105630004568FEF737FC084A084B0A4095F8D81031
:105640000192034000930B408DF800306B4603CB72
:105650006060A16003B030BD6FDB00802FC904F72C
:1056600038B5DB04154604D5037D13B1002343632D
:1056700038BD446B0134446309F0CAFF836B9C421C
:10568000F6D30023436303492846BDE8384009F0B8
:1056900062BC00BF9FF5000038B5446894F88630BE
:1056A000012B054602D0A36F98073CD494F8C9306B
:1056B0009A0715D40A7984F8D320B1F80520A4F804
:1056C000D420B1F80720A4F8D620D80743F002026E
:1056D00084F8C9200FD5154904F1CA0009F03BFC34
:1056E00094F8C930D90711D4A36F9A0708D555216A
:1056F0004020FCF74FFC94F82A31002BEBD1EFE768
:1057000043F00203A367284609F037FD94F886307A
:10571000012B4FF0000301D0002038BD84F8863003
:1057200084F8C230F8E70120F7E700BF31F6000047
:1057300070B545680446FFF74BF9054B85F88500C1
:105740001B6801461BB12046BDE87040184770BD7C
:10575000B8020020024B1B6803B11847704700BF16
:10576000B4020020F0B51F4D2B78002414709BB1BB
:10577000013B6D68DBB21E1B012E0FDC05EBC4067E
:1057800055F8347076688E4208BF874227D0B842F9
:1057900071EB060612D214700020F0BD1E197710AE
:1057A00005EBC70E55F837C0DEF804708445C6F324
:1057B00047068F412CBF33463446DCE705EBC30474
:1057C00055F8335064688C4208BF854206D0A84221
:1057D00071EB040428BF01331370DDE71C4614701D
:1057E0000120DAE7A413002010F0070208B503D067
:1057F00063214820FCF7CEFB18B1034B19725860A7
:105800001A70C80008BD00BFA4130020014B00227D
:105810001A707047A41300200A46822302F8033B43
:1058200004480368C1F80330436853608368936099
:10583000704700BFAD13002002481622002107F078
:105840002BBB00BFAD13002082B002AB03E9030005
:105850000B48437D93B1530610D50A880280D1F8D6
:105860001822B1F880304260D1F81C2205498260CC
:10587000438002220C3002B0FFF72CBB02B070470D
:10588000AD13002019580000094B53F8203070B5B3
:1058900003F523430C461646A1334FF47A72B3FB4B
:1058A000F2F503F075FB34442C44204470BD00BF76
:1058B00060CC02002DE9F04F8DB09A4690F8693027
:1058C000029304468946069208F05FFF834694F8E7
:1058D0007300FFF75DF8834409F0F1FE94F8873018
:1058E0000393069B1FFA8BFB00F1500783BB94F8D0
:1058F000DC31032B2CD1039B0D2B29D1B4F83C3286
:105900004B4525D1D4F8E431C4F8D031A369B4F8BB
:10591000B421C4F8D431B4F82A321344C4F8D831CD
:10592000204602F04FFAD4E99023A262B4F83E2256
:10593000A285D4F84822226241F64B529342A361D9
:105940008CBF0023012384F87230022384F8DC31F9
:10595000B4F82852B4F88080A9EB05052DB204F5FF
:10596000FC73A9EB0808002D04930FFA88F818DAE5
:10597000D4E98423C4E98823012345460493CA4B10
:105980001B7813B106F078FB70B9002694F8DC316F
:10599000032B00F2DE81DFE813F06C006601BD002E
:1059A0008B01CDF810A0EAE7B4F8C831012BECD98F
:1059B00094F8DC31022BE8D094F8F661002EE4D1A3
:1059C00094F87300FEF7E4FF94F8DC3100F5C86B3F
:1059D000012B1FFA8BFBD9B23ED194F88A20A36A1F
:1059E000032A32D1D4F8D42113445946D4F8D4012F
:1059F000079306F005FBD4F8D061079BD4F8D821B3
:105A0000C4F8D001861B59461846564306F0F8FAEA
:105A1000D4F8E031C4F8E001C31A5946A0691E4425
:105A200006F0EEFAB4F8B431D4F8D82143445B1B45
:105A30009B1AD4F8E421013B821A02FB036601237E
:105A4000C4F8E40184F8F631A0E73046079309F082
:105A500072F8079B0344C8E7A069594606F0D0FADC
:105A6000B4F8B461D4F8E4314644761BC31A5E43FB
:105A7000E5E70121002009F05EF88046A06A59465A
:105A8000404406F0BDFA5946C4F8E001A06906F0AA
:105A9000B7FA09A9C4F8E4010AA803F035F9099B8B
:105AA0000093D4E98801DDE90A2305F093F9029017
:105AB000204609F01CFEA16AD4F82C2294F8690053
:105AC0008D1803F06DFAD4F8E011029B203D6D1A99
:105AD000ED1B454400F52340ED1AA1304FF47A73D5
:105AE000B0FBF3F0A38D30312D1A03EB410194F894
:105AF00069003A46FFF7C8FED4F82C32EB1A223080
:105B0000B3F5917FC4F8E80159D240F2FC4130204E
:105B1000FCF740FAA36AD4F8D4015946184406F0B9
:105B20006FFA5946C4F8E001A06906F069FAC4F8B2
:105B3000E401204609F0DBFDA36AD4F8D4511D44EA
:105B4000B4F8B431002B40F08A80BAF1000F00F0B5
:105B5000868094F8690003F023FAD4F8E011D4F8B1
:105B6000183294F869206D1A203D1D44D4E984BC94
:105B70004E4B53F82220A5EB0B054FF47A7302F23B
:105B8000E732B2FBF3F21544ED1B00F52340A130E0
:105B9000B0FBF3F02D1AD4F8D821D4F8D03194F812
:105BA000690002FB0313A18D303301EB43013A4638
:105BB000FFF76AFE0123C4F8E80184F8DC31A36929
:105BC000D4F8E421E73B9B1ADF1B002384F8F8316B
:105BD000D4E988328742A5EB060528BF07465B1942
:105BE00042F10002C4E98232C4F8B07104F130001D
:105BF00009F028FAD4E98223C4E98823B4F8A03153
:105C0000A4F82892A3EB09031BB2002BD4BF0022F7
:105C10000122520084F80022039A38440D2AC4F865
:105C2000FC0100F09980BAF1000F40F0988094F8E0
:105C3000DC31002B00F0B080A169D4F8E43104F528
:105C4000FC70C91A08F010FF80B2002800F0A48090
:105C5000169B03B1188001200DB0BDE8F08FD4F879
:105C6000E0116D1A97E7D4F8E411A369B4F8B421F0
:105C7000D4F8D801D4F8D0C15B1A5D43D4F8E03130
:105C80004244121A3033013A0CFB003301FB023359
:105C9000A18D94F869003A4601EB4301FFF7F4FD4A
:105CA000C4F8E8018BE700BFD013002060CC0200ED
:105CB000D4F8E4E1A369A3EB0E035D4394F88630C6
:105CC000252B03D094F88730252B0CD1B4F83C3227
:105CD000A9EB03031B0406D4029A94F83F32002B6D
:105CE00018BF1A460292049BB4F8B4C143B3BCF186
:105CF000000F25D1D4E98623D4E98401904271EBC9
:105D0000030302D34FF4AA6101E794F869102C4B06
:105D100053F82130D4E98401CDE904010498203AF4
:105D2000121A03F2E7314FF47A7B03F52343B1FBF8
:105D3000FBF10A44A133B3FBFBF3D21AD21B154487
:105D40000CEB08010EFB01F1303102983A46490094
:105D5000A4E74FF4AD61DAE6BAF1000F1CD0B4F855
:105D6000C80118B3B4F8CA1194F8CC21A4F8CA1128
:105D700001FB0222904201F101050DDD002B0BDD3C
:105D8000002384F80032A4F8CA51FFF727F900F085
:105D90000700013084F8CC0194F8F70104F5FC7198
:105DA00004F010FE20B940F2B151B0E60146DBE745
:105DB000069B83F0010384F8F43100204CE700BF18
:105DC00060CC0200F7B5044618B9E2213020FCF798
:105DD000E1F8072900F2BC80DFE801F004844646C0
:105DE00041BA33B704F0DAFFC4E94001204601F0BC
:105DF0002DF8D4F8F400CB3804F0CCFE10B940F202
:105E00007B21E3E720460AF018F80546F8B9014679
:105E1000204609F03BFF00F1E506D4F8F400B0425B
:105E200009D2301A322838BF3220032104F0D4FEC0
:105E3000051E18BF0125C4F8F46020460AF017F8C3
:105E40003DB1204603B0BDE8F0400AF011B800258E
:105E5000F3E7D4E94023C4E93A2303B0F0BD03B02B
:105E6000BDE8F04002F05CBF09F01BFF002384F89E
:105E7000F93007460E4604F0DFFC0722A7FB023587
:105E800002FB0655D4F8EC200192D4F8E8209B18C8
:105E9000019A45EB0205D4F8CC2032B157EA06024C
:105EA00003D0984271EB050216D2022284F8F82042
:105EB000D4F80821D4F80CC1121A6CEB010C94F838
:105EC00018E1BEF1000F09D1012A7CF1000E11DAB0
:105ED000204600F0C3FF05E00122E7E7012A7CF13C
:105EE000000CF5DB94F8C80004F0C0FC002384F833
:105EF0001031B2E7984271EB050E0ED23E430CD042
:105F00001B1A65EB01019A427CEB010005DB012BBA
:105F100071F10000A4BF1A468C460F4994F8C800DE
:105F20000123914284F811314FF0000384F8F030DE
:105F300073EB0C03B8BF0A4604F1F00104F058FFFC
:105F400000288AD140F2EF6140E74FF480713DE7CD
:105F50004FF482713AE700BF0040420F2DE9F04153
:105F600004460E46154690F8103103F0FF071BB1AA
:105F70000C273846BDE8F0810146474804F088FC0C
:105F800020288046F4D05722394604F1C90006F093
:105F900083FF84F8C880C4F8CC60FF2384F81031F4
:105FA00036B1FFF733F800F00700013086F8CC0176
:105FB00002234FF00008A4F8F83084F8F08006F0CF
:105FC00071F800F19E06204609F037FFB6B201468F
:105FD000002839D008F0D9FB00F5CD6189B22846F8
:105FE00006F00EF82844C4F8F40004F025FC30183C
:105FF00041F10001C4E94001012084F8D000A4F877
:10600000268009F0D9FFE53D2D1AC4F8D4504FF091
:10601000FF356FF00041D4E94023C4E94251002527
:10602000C4E93823C4E93A2394F8C80084F811512C
:1060300042F2107204F1F00104F0DAFE38BB40F2D3
:10604000EB113020FBF7A6FF204609F01FFEDFF81A
:106050004C80E530C4F8F400B8F8020048B1E08C98
:1060600038B1FEF7D3FFB8F80230B0FBF3F202FB11
:106070001300064404F0E0FB361841F10001C4E9C6
:106080004061002DC3D0AD1941F10001C3E729469D
:10609000204609F0EFFE6CE7C55D0000D01300203C
:1060A000F0B5002385B0CDE9003301238DF806302B
:1060B0006846FCF767FB70B11D4E01233371002762
:1060C000CDE9027702A8FCF75DFB0546C8B10023C5
:1060D000337105B0F0BD009809F024FCE8E790F8B2
:1060E000F70104F003FD94F8F70104F039FE94F889
:1060F000F70184F8DC5104F0B9FB202384F8F73170
:10610000DEE7029B002BDDD093F8F721202AD9D0BF
:1061100018884FF6FF739842D9D02946FCF7F8FA51
:1061200004460028DBD140F237113020FBF732FF64
:10613000D0130020054B002201215A7119701A71E9
:1061400042F210725A80FFF7ABBF00BFD01300209D
:10615000014B5871704700BFD013002008B502F002
:10616000B3FA044B9A6882422ABF1879002080F063
:10617000010008BDD01300202DE9F347044606298D
:1061800000F2DA80DFE801F0048673838A8FD3009F
:10619000D0E98401D4E98623904271EB030354D201
:1061A00094F8F631002B50D094F8DC31032B4CD10D
:1061B00009F085FA94F869A0814608F0E6FA0646E7
:1061C00094F87300FEF7E4FB064494F87300FEF7BE
:1061D000DFFBD4E98423D4F81872D4F8B051804698
:1061E0005046BF1A02F0D4FE554A52F82A20A5F1B3
:1061F000500302F52342A1324FF47A71B2FBF1F25F
:106200009B1AA3EB09031B1A09F1790909EB53093E
:10621000B6B2603B08F5C86873431FFA88F8B3FB51
:10622000F8F360335A08A9EB53039F4202D3914419
:106230004F4501D905F026FFA069314605F0E0FE83
:106240000023C4F8E40184F8F6313E4B1B7903F0D7
:10625000FF0263B90092B4F8A41101232046FFF7AE
:1062600029FB38B140F21E713020FBF793FE042366
:1062700084F8DC3102F03AFC04F0E2FAB4F8802051
:10628000A4F8F2210023A4F82A3284F8F53102B0F0
:10629000BDE8F087032380F8DC31F8E70AF02EF838
:1062A000C4E98601F3E790F86900264F09F00FFA78
:1062B000B530D4F8E431A56995288CBF0020C0F131
:1062C0009600C218954288BFED1A7B798CBF2D1AB3
:1062D00000251BB9236B9D4228BF1D4604F13000E9
:1062E000D4F8B06108F0AEFE0644022004F02EFDA2
:1062F000AD1B25EAE575854228BF054602212846E3
:1063000004F06AFC00B92E44012340F245123146E4
:10631000204608F0F4FED4F8B031B860A069184403
:1063200004F038FC0028B2D140F2A3319CE702B05F
:10633000BDE8F04709F0DBB940F2ED7194E700BF2A
:1063400060CC0200D01300202DE970430C461546A6
:106350006ABB0246174994F8C80004F0C3FA20B992
:1063600040F2FD713020FBF715FE02F0ADF9D4E9E3
:106370004089064684F8D05084F810510121D4F8A1
:10638000CC00FEF795FAD4F8CC00C0E9848994F8E3
:10639000C83080F8F731C0E98889C0F82C6209F06C
:1063A00096FA02F0A3FBBDE8704304F049BA40F648
:1063B0001801D7E709F70000014B5880704700BF6C
:1063C000D0130020074A03461068D3F85120C0F8C4
:1063D0000320B3F85520A0F8072093F8501008F0D8
:1063E000A4BC00BFDC13002070B504460E466588CF
:1063F000407F15F00401134618BF04F15F013246D7
:10640000FEF782F94107054621D4C2070BD50123C7
:1064100084F85030607FFEF7DBF90368C4F8513030
:106420008388A4F85530AB0701D4012070BD094B17
:106430001868D4F85F30012184F85E10C0F8093084
:10644000B4F86330A0F80D3008F078FCEDE70020D8
:10645000ECE700BFDC13002038B5C38D0F4D0133CE
:10646000C3F30E03C385AB7C04462BB102F00AFCD8
:1064700001F030FD0023AB7400232B7194F87130D0
:106480002BB101212046BDE8384009F0F7BA637C02
:1064900013B1E28D9A42F4D20021F3E7DC1300201D
:1064A00010B5094C2379012B02D02379022B05D199
:1064B000A37C1BB102F0E6FB01F00CFDE069BDE836
:1064C0001040FFF7C9BF00BFDC13002070B5294C96
:1064D0002379012B07D02379022B04D040F65C41AD
:1064E0002D20FBF757FDA0B90125A37C1BB102F0BD
:1064F000C9FB01F0EFFC002D3AD0E06909F037FA52
:10650000002830D002F0A0FA236ABDE870409B68F2
:1065100018472168E26911F8095B02F15103E809A3
:1065200092F8502008F039FA0028DDD020680021C8
:1065300008F029FC0028D7D02379E069012B05D089
:106540002379022B02D040F63541C9E72379226A2C
:1065500003F180435269013B05F00F0152F82330EB
:1065600098470546C1E7E069BDE87040FFF774BF92
:1065700070BD00BFDC130020074A0346D06903B991
:1065800009B9FFF769BF1379126A03F180431269F1
:10659000033B52F823301847DC1300202DE9F04369
:1065A000032985B00546174607D14388980723D4A9
:1065B0000024204605B0BDE8F083428890F8703092
:1065C000D107DBB2F4D5002BF2D14FF00108DFF890
:1065D000D49099F81260C6B108F023FA08283870F0
:1065E00016D002AA0DF10701FEF764F838B940F69B
:1065F000D4612D20FBF7CEFC4FF00208E7E79DF8B1
:10660000070002A909F051F806463B78082B08D18B
:10661000D9F8001011F8030BC0F3801009F045F809
:106620000646D9F8001095F8572011F8030B05F12C
:106630005803C0F3801008F0B0F9D9F800100446F0
:1066400011F8030BC0F3801008F0E1F98146FEF762
:10665000D1F840B1B9F1080F1BD04846FDF756FFFD
:1066600080F00103D8B23A78082A14D01CB96C7FA4
:10667000A21A544254416A8853079AD4002897D1E9
:1066800076B9EC7C444518BF002C0CBF01240024D3
:106690008FE70020E7E780F001022240D4B2EAE76A
:1066A000344686E7DC1300202DE9F04F85B008233F
:1066B0000DF10702052104468DF80730FFF76EFF44
:1066C000064620B90026304605B0BDE8F08F744F6D
:1066D0003968FA7C11F8030B07F11403C0F380103A
:1066E00008F05BF980460028ECD13B68216A184627
:1066F00091F88E2010F8035B02EA551202F00102B5
:1067000081F88E20D3F80320C1F803208288A1F8F5
:1067100007201D46226A15F81F1BC1F380119170D6
:10672000D3F81F00029002A928790871D3F80F004E
:10673000D061587D1D7D000440EA0520DD7C2843A2
:106740005062B3F8190082F8728040F2E24909FB06
:1067500000F090619D7DC5EB451005EB800505EBD4
:1067600085056D009585B3F8170009FB00F0906270
:10677000B3F81B001084B3F81D00508493F8243044
:1067800003F01F005B0982F89A0082F87330256AD3
:1067900094F912A005F18E0008F023FA40F20113DB
:1067A000A5F868304FF0FF0B85F86AB0414605F157
:1067B0003000FEF79BFB51462846FEF7DFF8236AC0
:1067C00084F87B801A88A4F87C2084F899B04FF66E
:1067D000FF72A4F89A209A69B2FBF9F2A4F8922009
:1067E0001A8CA4F894205A8CA4F8962093F873205D
:1067F00084F89820227F9DF8070004F186015AB39F
:1068000094F85020012A27D194F8562002F0C002B3
:10681000402A21D1D4F85120C4F88620B4F855205C
:106820008A809A7884F87F20082803F1030504F110
:106830008C01D3F8033004F1800227D0C4F88C30E7
:10684000AB888B8004F17F01FDF734FF40B940F63F
:10685000BB312D20FBF79EFB0022C4F88620DFE72A
:1068600094F87F3043F0020384F87F3004F1720023
:106870000C4908F067FB0C4B206A1B6800223A7138
:10688000002B3FF420AF214698471CE7C4F8803026
:10689000AB8893800023C4F88C308B80E6E700BF80
:1068A000DC130020A3FB0000C0020020032973B505
:1068B000044604D0052952D0012002B070BD08233F
:1068C0000DF107028DF80730FFF768FE0028F3D0BE
:1068D000237C274D03B39DF8070094F8BE30DBB945
:1068E000237884F8BF30082804F1C10228D004F1CD
:1068F000C001FDF7DFFE20B940F64A712D20FBF7FD
:1069000049FB94F8C03043F0020384F8C0301949C1
:1069100004F1B60008F016FB2B68062204265A7014
:106920001E702046FFF74EFD286894F84020E16B6A
:1069300008F01AFA28682E7102F026F90020BCE748
:106940002868034613F8031BC1F3801184F8C010B4
:10695000D0F80310C4F8C1109B889380D7E7064B8A
:106960001B68002BEAD0984780F00100C0B2A4E772
:10697000DC1300208BFB0000BC020020F8B50446AD
:106980000F4619B300F12805284609F0EEFAA0B920
:1069900063881A072ED5284609F0FEFA06462846CF
:1069A00009F0E3FA301AC0B209F006FB474A9368CF
:1069B00003442846936009F0B4FA284609F0B6FA71
:1069C00001F0A8FF2179252001F0C6FE3F4E94F882
:1069D0005E2030680023037043706388103B0D2BEA
:1069E00064D8DFE803F05F635B0C63406363636359
:1069F000636363402046BDE8F840FFF72DBD0623E2
:106A00004370202303702046FFF7DCFC638823F0EB
:106A100008039BB2152B05D094F83820616B3068C1
:106A200008F093F9306802F0AFF80323217933714D
:106A3000002001F099FF054607B9F06063881B0745
:106A400004D509F0B6FA0544C4F8D8506388103B61
:106A50000D2B36D8DFE803F038352F2F352F35359D
:106A600035353535352F0C2343700346212103F886
:106A7000091B52B1D4F85F20C0F80920B4F8632094
:106A80009A80012108F05AF9BDE7A26DC0F80920EB
:106A9000B4F85C209A8094F85710F3E7062303704B
:106AA0004370B0E7022303700623F9E740F2366132
:106AB0002D20FBF76FFA21790120BDE8F84002F0A4
:106AC00007B940F6CF41F3E7F8BD00BFDC13002063
:106AD00038B54388102B044604D1BDE83840012165
:106AE000FFF74CBF0B4DAB7C23B101F0D9F940202F
:106AF00002F0BCF8286802F047F8608810F0040043
:106B000002D1217902F0E4F8002002F08DF801238F
:106B10002B7138BDDC130020024B0121D869FFF72F
:106B20002DBF00BFDC13002010B5134CA37C1BB19C
:106B300002F0A8F801F0CEF9E06908F018FF70B192
:106B40002379012B10D12379226AE069D26803F1FD
:106B50008043013BBDE8104052F823301847E069FC
:106B6000BDE81040FFF778BC2379022BEBD040F64C
:106B70005E312D20FBF70EFADC13002010B507481C
:106B8000037903F0FF0433B918222146043006F0DC
:106B900083F9204610BD0C24FBE700BFDC13002066
:106BA00010B5094C002323712060FFF7E7FF20B1E7
:106BB00040F2EF212D20FBF7EDF9236A13B940F2E3
:106BC000F221F7E710BD00BFDC130020014B024AA1
:106BD0001A627047DC130020A86E0000034B044AC1
:106BE0001A60044B044A1A60704700BFBC020020C0
:106BF000A9660000C002002049630000F8B5057DC9
:106C0000AF1E0446FFB2002D3AD0012F2DD800F15F
:106C1000580190F8570007F0FAFE0828064624D0DD
:106C2000FDF780FC10BB023D18BF0125012F8CBF72
:106C30000027012784F8505027776677FDF734FD49
:106C4000054603F0F9FD174B0022E5FB0301C4E9FB
:106C5000120184F85E2011462046FFF7C5FB70B98B
:106C600040F27A412D20FBF795F90826022D09D133
:106C700004F151010020FDF7E1FA80B90020F8BDD0
:106C80000826F5E7E37E002BF8D0D4F81530C4F8D9
:106C90005130B4F81930A4F855300125C6E7002565
:106CA000C4E700BF40420F00F0B5464E327985B0D0
:106CB000044602F0FF0312B90278FF2A04D140F61D
:106CC000B9112D20FBF766F93382B3607371B3718C
:106CD00080F871303C4B00933C4B01933C4B02934A
:106CE000336A68465B68039301F046FF01F078FD64
:106CF00001F0C8FF01F0EEF8364801F001FE04F1A2
:106D00002805354801F032FF284609F00AF92846DF
:106D100009F00CF901F0FEFD2179252001F01CFDA0
:106D200094F9120001F0E6FD04F13401206B06F045
:106D30009EFE04F13C010746206B06F0BFFE0546AF
:106D4000E7B194F82430CBB1B4F92E50ED43ED0FF8
:106D5000237F13B963885B0709D5D4E912126FF05A
:106D600000439A4208BFB1F1FF3F0ED1A5B9306888
:106D70000330FDF7B7FCB07405B0F0BD002DE7D0CF
:106D800094F82550002DDFD1E2E703F055FDD4E95A
:106D9000122390429941E9D3012229462046FFF768
:106DA00023FB50B1FDF780FC054603F045FD0B4B7E
:106DB000E5FB0301C4E91201D9E7002DD7D040F665
:106DC000F6117EE7DC130020296B0000CD64000083
:106DD00079650000D6BE898E5555550040420F009A
:106DE00073B50446FFF760FF00212046FFF7C6FD9C
:106DF000A36E0BB101221A606388DB0720D5002344
:106E0000104E256ACDE90033FF23F3746846FBF783
:106E1000B9FCA8B9009CA542F8D06A7A607A05F15D
:106E20000A0304F10A0107F0B8FD0028EED0A378A8
:106E3000F374D4F803007061034BB4F807209A8010
:106E400002B070BDDC130020F0130020024BD861AB
:106E50001B6A1B68184700BFDC13002043881B0710
:106E600010B5044611D5036A0A493C2280F87B20FC
:106E70001B88A0F87C30FF2380F899304FF6FF7311
:106E8000A0F89A30723008F05DF8FF2384F8713072
:106E900010BD00BFA3FB0000F5FB0000D16A00009D
:106EA000FBFB0000AD680000E16D0000A164000084
:106EB000196B0000986E00009C6E0000A46E00002C
:106EC0000138022808B503D9C3212F20FBF762F847
:106ED00013290A4B05D811290CD8102907D0D12124
:106EE000F3E71529FBD103EB4003D88801E033F821
:106EF000100008BD03EB40039889FAE7D6CB0200E7
:106F00000C4A1178034689B9906833B9B0F8581023
:106F1000828F91420AD8FFF721B993891B0707D5C1
:106F200090F88800073818BF01207047002070478C
:106F300001207047001400202D4AF8B594890346BB
:106F40001C43402B9068948104D10421BDE8F84093
:106F5000FFF712B9802B01D10521F7E703F00304F5
:106F6000032C04D140F6D6213120FBF713F813F09F
:106F7000020418BF1161DD0705D55161C9780629E2
:106F80000DD00B2917D02CB11169C97805291DD056
:106F90000B2927D09B0644BF08231370F8BD90F837
:106FA00087101829EFD1002600270121C0E9386792
:106FB00080F88B10E7E790F88710122901BF0021B5
:106FC00080F88B10012180F8C810DCE790F887105A
:106FD0001629DFD100240025C0E93A45012180F8B7
:106FE0008C10D7E790F887101129D3D10021F6E74C
:106FF0000014002073B504464068836F13F0300F0F
:107000000D4646D109891A2903D96B89B3F5A47FA6
:1070100006D2E978204602B0BDE8704008F0DFB83B
:10702000AA881A2AF5D9EE88B6F5A47FF1D300967E
:10703000303008F019F8184B9A8992070ED51B6961
:10704000DB78142B0AD16268936F43F010039367C7
:10705000204608F092F8002002B070BD636893F8F3
:1070600086201D2AEFD093F81B31002BEBD16368EB
:1070700093F81A31002BE6D16268936F114643F002
:107080002003936731F8300B02F59F72FDF792FFF2
:10709000DEE70120E0E700BF0014002037B504461A
:1070A00001A8FDF755F820B940F6BB013120FAF7E9
:1070B00071FF22220021019805F0EEFE019D0321BF
:1070C000284607F0ADFE2B7823F010032B700198B3
:1070D0002146FDF7C1FC019905482246FEF754F808
:1070E000FDF74AF810B940F6C501DFE703B030BD3F
:1070F00004140020264B70B59C6894F83E5294F816
:107100003F62002D3DD194F86810002E3BD194F8D9
:10711000693084F8681084F86930FF2384F86A3095
:107120001C4B1B680BB12046984794F82431012B67
:1071300001D0354303D018480021FCF7DBFE04F1F1
:107140003006304607F07EFF04F235110546204632
:10715000FDF7E2FE20460621FFF70EF8304607F065
:1071600071FF8542044610D203F0E4FD0146601B26
:10717000322838BF322003F02FFDB0FA80F04009EA
:1071800070BD2946C1E73346C3E70120F8E700BFD9
:1071900000140020D00200200414002010B5154B6C
:1071A0001B691979436893F88620092A09D193F855
:1071B00009218A4205D1002283F8862083F8C22063
:1071C00010BD9A6F12F0080406D022F00802BDE844
:1071D00010409A6707F0DBBFFF2905D1332283F8FF
:1071E000862083F83442EBE740F25C513120FAF715
:1071F000D1FE00BF00140020F8B50D79A5F10E03F3
:10720000DBB2152B04460DD8012606FA03F740F22F
:107210005122174208D14268152B92F8862028D0B7
:10722000082B08D00020F8BD024631462846BDE8AC
:10723000F84008F0C5BE212A01D02E2AF2D12046FE
:1072400007F092FF636893F88720222AEAD093F828
:10725000D92022F0010283F8D920626892F8D9304F
:1072600023F0080382F8D9301A212046FCF742FEA9
:10727000D8E7282AD6D1034B1B68002BD2D09847D9
:10728000D0E700BFCC0200202DE9F041A0F10E04B0
:107290000029E4B208BF1F21172C13460AD8012683
:1072A000A64040F251273E4207D116F4600F23D189
:1072B000082C07D00020BDE8F081BDE8F041002196
:1072C00008F07EBE546894F88620212A08D118461A
:1072D000FCF710FE002384F8863084F8C230E9E71A
:1072E0002E2AE7D194F88720A2F120010629F1D9AE
:1072F0002E2AEFD02A21EAE7054A1468002CD9D0BB
:107300000A46014618462346BDE8F041184700BF2B
:10731000C80200202DE9F7437F4D0646AC680028DF
:1073200040F0A480AB891A0724D594F80E31FE2BC7
:1073300004D140F2DF513120FAF72CFEFE2384F80D
:107340000E3194F887301A2B06D184F8C700281D17
:1073500007F01DFF84F8876094F88630202B33D027
:10736000332B3FD094F88830072B02BF02232B76B3
:1073700084F80E31AB89DB073DD4AB895F0700F1A0
:10738000AB80990740F1B280AB68012283F80F21EE
:107390002B69DF780D2F00F0A680112F00F0B1804F
:1073A000072F00F0B0803846FDF7AEFF03460028F7
:1073B00040F09A80FF2F40F0A880AA68332182F81D
:1073C000861082F8340291E094F88730A3F120020D
:1073D000062A05D92E2B03D0212384F88630C1E755
:1073E0002E23FAE7012384F83532002384F886300F
:1073F00084F8C230B6E7D5F80890D5F8148099F82B
:107400008730113B0B2B0BD898F80330023BDBB2D3
:10741000092B7DD840F2333222FA03F3D80777D50F
:107420004046FDF7FFFA98F8037020B939463B480B
:1074300007F0D5FE49E0012F01D9162F30D199F878
:10744000860007F0B9FE40B199F88630202B04D0B1
:10745000212B07D12E2389F886303846FDF742FFCD
:1074600003462AE0162F14BF022620262B781B077E
:1074700012D594F88730113B0B2B4BD9002501A96D
:1074800003200195FBF7F2FD019B2BB11D720C222D
:1074900001982146FDF7DAFC304603B0BDE8F083E1
:1074A000112F0ED005D8072F14D00D2FD5D11C4B7E
:1074B00008E0142FD1D11B4B1B681BB998F803109F
:1074C000B5E7194B69691548984700283FF455AF4F
:1074D0000646CBE7154BF5E794F88820062A04BF4B
:1074E00001222A764DE7124B0C489847AB89DA0601
:1074F000BCD594F887300A2BB8D10B2384F8873099
:10750000B4E70C4BF0E70C4BEEE740F2D25112E738
:107510000826ABE70820C0E7001400200414002070
:10752000FF000100C402002047010100F9710000C2
:107530008F000100AD0001009D7100002DE9F74FA3
:10754000B64F0E46B989BC688D0556BFB4F8B82051
:107550000023013204F1780A804646BFA4F8B8300F
:1075600084F8AF31A4F8B820504608F0B7FD30B128
:107570000B4604F5967221465046FEF771F8BB891A
:1075800003F4C0632BB194F88A30002B47D0032B4F
:107590004CD094F88A20BB89012A04D1180544BF35
:1075A000022284F88A20B8F1000F40F09580590635
:1075B0005DBFB4F8C821013292B24246A4F8C82196
:1075C00003F00A020A2A0DD13A69D278022A09D1B7
:1075D00023F008033046BB81FFF79CFE08233043AD
:1075E000C6B2BB813046FFF795FEBD6895F80E31F7
:1075F0003043FE2BC6B23CD1DEBB95F88830063B4B
:10760000012B36D995F81831ABB195F81931A5F899
:10761000BC6085F810310122022128462BE10121AE
:1076200084F88A102046FEF7A7FDB2E7022384F80B
:107630008A300121F6E795F88790A9F110095FFAE1
:1076400089F9B9F10C0F40F2ED80AB6FDA0702D582
:1076500032460921E1E7980740F1938032460C2138
:10766000284608F0FBFC95F8C93043F0010385F883
:10767000C930B4F8A83194F8AC510133A4F8A8315A
:10768000002D00F0FD81FBF7E3FC10B10023A4F80E
:10769000A83194F88A10012940F2278294F88830A2
:1076A000072B40F00582B4F8B830022B40F21D825F
:1076B000B4F8BA500135ADB2B4F880302B44A4F818
:1076C000A03194F8AD31002B00F013820123B4F8FF
:1076D00080201344A4F8A431BB89BD685B065FBF5A
:1076E000B5F8B431B5F8A6219B189BB248BF00236A
:1076F000A5F8B43195F8183123B995F88830063BD0
:10770000012B06D8B5F8BC30B5F8A6211344A5F86E
:10771000BC3095F8C21031B1B5F8BE30B5F8A6212D
:107720001344A5F8BE3095F9C620002AC1BFB5F8AC
:10773000C430B5F8A6011B18A5F8C43095F8A930D7
:1077400063B9B8F1000F40F065823B7E022B40F038
:10775000178295F81031062B18BF162395F8A8202C
:1077600022B92F4885F8A930FDF7E0FD284608F03A
:1077700023FD002384F8AB3103B0BDE8F04FFCF7E4
:1077800021BD590702D53246132146E71A0706D50F
:1077900095F8083185F81031324607213DE713F09E
:1077A000300F35D095F81B31002B4AD195F81A319E
:1077B000CBB195F88730252B05F58D7105F23E226A
:1077C00024D095F88630A3F1250043424341284652
:1077D00007F03CFCAB6F23F0200343F01003AB67D2
:1077E000002385F81A31AB6FDA062AD505F2351178
:1077F0002846FDF791FBB5F85230A5F81031B5F8E1
:107800005630A5F812310022152106E70123DEE7E4
:107810005B0616D500222421FFE600BF00140020DD
:1078200004140020D7F808B09BF88730113B0B2BCD
:107830000ED8DFE803F01D0D0D0D232C0D0D0D0DE1
:107840000D55B86890F88730222B4FD0312B4AD095
:1078500095F88630002B59D195F88730103B0C2BCA
:107860005CD995F8B630002B58D001221221D4E60D
:1078700000220B21584608F0F1FBFAE65846FDF7C6
:10788000C9FD00283FF4F5AE00220421F2E79BF881
:107890003032012B08D100220521584608F0DEFBCA
:1078A00000238BF83032E4E69BF83032022BD9B259
:1078B0007FF4DFAE9BF8C85025B106238BF810315A
:1078C0000022EAE703210622B34807F06FFC9BF889
:1078D000D83013F0040F2A460CBF0D211121DCE72C
:1078E00000220621C6E700221121C4E790F82431C6
:1078F000022B02D100221721BDE790F82431012B81
:10790000A6D190F82531002BF4D0A1E7092B05D1A1
:1079100095F8093185F8103101223EE7B9F10C0FD5
:107920007FF6A7AED7F8089099F886B0BBF1000FA4
:1079300040F08C8099F82B313BB101220E21484652
:1079400008F08CFB89F82BB1ADE799F82A3193B197
:1079500099F8C9B01BF003030DD101220C21484650
:107960004BF0010B019308F079FB89F8C9B0019B3A
:1079700089F82A3197E799F81A3133B399F81B310E
:107980001BBB99F88730252B09F58D7109F23E2232
:1079900019D099F88630A3F1250043424341484667
:1079A00007F054FB002389F81A31012214214846BC
:1079B00008F054FBB9F85230A9F81031B9F8563034
:1079C000A9F8123155E60123E9E799F82431012B92
:1079D0004BD199F82531002B47D199F88730A3F185
:1079E0002002062A41D92E2B3FD099F868000128A1
:1079F00006D0022804D04FF461710620FAF7CAFAC3
:107A000099F86910012901D00229F4D1022899F8C6
:107A100026210BD0012A14BF0022012242B90A3BC1
:107A2000042B13D901221621484624E7022AF2E743
:107A3000022999F8272116D0012A14BF0022012219
:107A4000002AECD054480021FCF754FA95F886300F
:107A5000002B7FF40EAE95F83432002B3FF409AEC4
:107A60000122FF21D9E5022AE7E74C4B1B68002BD6
:107A7000ECD049489847FE280146E7D00122D3E7D9
:107A8000FBF7E0FA08B1A4F8A851FBF7E9FA0028DF
:107A90003FF4FFAD94F8AF310133DBB2022B84F831
:107AA000AF3182BF0023A4F8A83184F8AF31F0E5EC
:107AB00094F8B6301BB194F886300F2B15D1B4F87A
:107AC000BA50B4F8B8305046ED1A033D08F006FB42
:107AD00068B1D4F8B030D4F8AC20033B9B1A9D4277
:107AE000A8BF1D46012D3FF7E6AD0125E4E52B4675
:107AF000F5E7012D7FF6EAAD94F8873013B10B2B33
:107B00007FF4E4AD94F88630002B7FF4DFAD94F879
:107B10008830002B7FF4DAAD02297FF4D7AD94F8DA
:107B2000AF31002B7FF4D2AD2069B4F82E9005F070
:107B3000FAFD00283FF4CAAD94F80E31FE2B7FF415
:107B4000C5ADB4F8A231012B7FF6C0ADB4F8A821C1
:107B5000238C9A42BFF4BAAD9B1A9BB2013DADB2E1
:107B6000B5FBF9F59D4228BF1D4619FB05F3003D05
:107B700003F1010318BF01259BB284F8AA51A6E5C1
:107B8000012B0DD195F88930002B7FF4E7AD002152
:107B90002846FEF7F1FAECE504140020D402002098
:107BA0005EB1F00634D4310734D4B20634D4B3070E
:107BB00034D140F65721312020E739B1B5F8BE1055
:107BC000B5F8C030994201D32223C7E5002A05DD6C
:107BD000B5F8C420B5F8C0309A42F5D2B5F8BC204B
:107BE000B5F8BA309A420AD295F88A20B5F8B8307A
:107BF00052B1B5F8BA209A42C9D80823AEE595F833
:107C00001831002BE0D1EFE7052BC0D93E23A5E5C5
:107C10001E23A3E53D23A1E523239FE52A239DE51C
:107C2000634B73B50025012604461E7198609D8143
:107C30001D701D76FF2380F8AB310088FCF782FAB7
:107C40002088FCF7A9FAB4F8A231E3B194F80E3118
:107C5000FE2B18D194F81831ABB194F88830063B5C
:107C6000B34210D994F81931A4F8BC50204684F8D6
:107C700010313246022108F0F1F984F8AA510220AD
:107C8000FFF70CFA03E094F80E01FE28F8D1B4F8DF
:107C9000A611B4F8A821E38D013989B2B1FBF3F341
:107CA0001344A4F8A831B4F8B83004F178060B44B2
:107CB000A4F8B830304608F011FA20B1D4F8AC304E
:107CC0000B44C4F8AC30B4F8A231012B9CBF013393
:107CD000A4F8A231002509B184F8AF5194F8873097
:107CE00084F8AA51A3F10A02012A1DD8B4F8803001
:107CF000B4F83C229B1A19042FD404F23E2104F15B
:107D00008E0006F06EFF84F88750FF2384F8C3309E
:107D1000B4F8A6212146304606F0A9FF98B34FF4E7
:107D20001E613120FAF736F9252B16D1B4F83C2222
:107D3000B4F880309B1A1A040FD484F88750FFF7E8
:107D4000D9F9014630B984F8240102B0BDE8704089
:107D5000FFF7F4BB84F82451DAE794F8863003F097
:107D6000FD03252BD4D1B4F88030B4F83C229B1A03
:107D70001B04CDD4002384F88630FFF7BBF90146FD
:107D80000028C5D1E1E70B4B0B49009303C90B4B0E
:107D90000B4AFBF739F894F88730113B0B2B04D8CA
:107DA00002B0BDE87040FBF727B802B070BD00BF5D
:107DB000001400203D75000004140020016F000035
:107DC000396F0000D0F844328269934210B50446FE
:107DD00004D1D0F84812026A914215D02288A4F842
:107DE0008A2140F2E242B3FBF2F3A4F88C31B4F8FA
:107DF0004832A4F88E31B4F84A320949A4F89031D7
:107E000004F5C07007F0A7F802212046FCF750FDEA
:107E1000002384F88730032384F88A3010BD00BF24
:107E2000EFF2000008B5FDF783F9024B024A1A6031
:107E300008BD00BFC4020020F56F0000064BD3F858
:107E4000000138B1D3F8040120B1D3F80801B0FA29
:107E500080F04009704700BF00F00040034B002253
:107E60001A705A7010229A70704700BF1B140020BD
:107E700070B50646022014460D4600F0ADF9064BDB
:107E800001221A70054B033CC3F81045C3F808657E
:107E9000C3F8045570BD00BF1B14002000F0004063
:107EA00008B5022000F098F9084B01221A70084B1F
:107EB0000022C3F80021C3F80421C3F8082103F508
:107EC00080334FF40002C3F8042508BD1B140020C2
:107ED00000F000400E4A08B5137883B10D4B4FF403
:107EE0000001C3F80815FFF7A9FF68B1012353701B
:107EF000094BD3F80034DBB2937000231370BDE854
:107F00000840002000F068B950701023F4E700BF6B
:107F10001B14002000F0014000F00040094B1A78CB
:107F200062B1094BD3F8002152B1D3F8040140B13A
:107F3000D3F80801B0FA80F04009704758787047CC
:107F4000022070471B14002000F0004008B5074BCA
:107F50001A783AB1FFF772FF30B1054BD3F800043D
:107F6000C0B208BD9878FCE71020FAE71B14002087
:107F700000F00040024B00221A705A709A7070474D
:107F80001E1400202DE9F041044601201E460F4634
:107F9000904600F021F904F0030040EA0643184D32
:107FA00018482E7143F08073C0F80435164BC0F8A2
:107FB00008751B68062B07D001331EBFD0F8183593
:107FC00068F30703C0F81835104B114AC3F80825A9
:107FD00014F0FB0F01BF0F4AC3F89825FC3AC3F811
:107FE0009C250122022C6A70EC7007D8054B2A7080
:107FF0000021C3F80011C3F800121A60BDE8F08137
:108000001E14002000F000408016002000F0014007
:108010000000020200F1004070B5194C637823B9EA
:108020004FF407713C20F9F7B5FF164BC3F80C1558
:10803000C3F81005E5780122A270C5B924780CB9FF
:10804000E321EFE7104CC3F804514FF40035C4F8B6
:108050000455D3F8006116B15A60C4F808550B787E
:1080600003704B78043343708B78837070BD0021AC
:108070002270C3F80411C3F800221A60F6E700BFAB
:108080001E14002000F0004000F001400E4A08B528
:10809000537823B94FF412713C20F9F77BFF0B4B57
:1080A000C3F80C150121C3F810059170127812B9AC
:1080B00040F20F11F0E70022C3F80421044B4FF007
:1080C0000072C3F8042508BD1E14002000F0004013
:1080D00000F00140084B1A784AB10849084AC1F833
:1080E00008250022C1F89825C1F89C251A700022A5
:1080F0005A709A70704700BF1E14002000F00140B3
:1081000000000202194B1B7870B523B940F28A2196
:108110003C20F9F73FFF164CD4F80431BBB90223D9
:10812000C4F80433134B144E1D691A6942F010024F
:1081300005F010051A61D4F804317BB125B90D4A58
:10814000136923F0100313610223C4F80833084BAA
:10815000D3F80004003818BF012070BD4FF400436D
:10816000C6F8803108F0A0FAE5E700BF1E14002031
:1081700000F0004000ED00E000E100E0014B0122D2
:108180009A60704700F0004008B50A4BD3F800250C
:10819000032A04BF01229A600022C3F80025C3F815
:1081A0000025FFF797FF044B4FF40002C3F80825A2
:1081B00008BD00BF00F0004000F00140054B4FF447
:1081C0000042C3F88020BFF34F8FBFF36F8FFFF7DC
:1081D000DBBF00BF00E100E010B50446FFF7D4FFAD
:1081E000012C06D0022C0CD054B18C213D20F9F783
:1081F000D1FE0B4B0222C3F800250A4AC3F814250E
:1082000010BD074B0322C3F80025064AC3F8142506
:1082100003F580334FF40002C3F80425F0E700BFF4
:1082200000F0004023140020044B1868062818BFF3
:10823000B0F1FF3F0CBF01200020704780160020E6
:1082400008B5FFF7F1FF38B1044B1868063810F194
:10825000080F94BF0020012008BD00BF8416002035
:1082600008B5FFF7E1FF38B1044B1868063810F184
:10827000080F8CBF0020012008BD00BF841600201D
:10828000064B0022C3F80021C3F80C21C3F81021CB
:10829000C3F80421C3F80821704700BF0010004054
:1082A000024B00221A809A701A7170473015002014
:1082B00038B5144D95F83D200346084622B940F6DE
:1082C000B2113E20F9F766FE6BB9012AAC6B95F846
:1082D0003C1005D100F082FE20442B6BC01A38BD43
:1082E00008F016F8F8E7012B0AD1012AAC6B95F8D3
:1082F0003C1002D100F064FEEEE708F014F8EBE762
:108300000020EAE73015002008B5094B012883F862
:108310002400084B06D0022808D040F6DC613E203D
:10832000F9F738FE0322C3F8102508BD0422FAE746
:10833000301500200010004008B5144B93F84A3067
:10834000D90720D59A070ED5114BD3F8002242F059
:108350000102C3F80022D3F8500500F0F6000238FD
:1083600018BF012008BD5B070DD50A4B0A4AC3F8A8
:10837000AC25A3F5B833D3F8403123B140F28A716C
:108380003E20F9F707FE0120ECE700BF3015002082
:108390000010004000F001400810004008B570B91E
:1083A000104B2831D96018460F4900F0BFFE01304C
:1083B000012816D940F66D013E20F9F7EBFD0128A2
:1083C0000CD1084B2931D9601846074900F0B4FE9A
:1083D0000130012805D940F67701EDE740F67B0131
:1083E000EAE708BD28000020F4CB020008B50C4BDA
:1083F0009B78012B09D100F0A5FE013001280ED990
:1084000040F604213E20F9F7C5FD022B07D100F00C
:108410009FFE0130012802D940F60A21F2E708BD8B
:1084200030150020094B0A4A1B8DB3F5166F3ABF71
:10843000A3F6381343F48073A3F5166300F07F00AE
:10844000C2F80835C2F85405704700BF3015002047
:108450000010004037B50D460446FFF755FF28468B
:10846000FFF7E0FF1B4A01AB92F925202946204681
:1084700000F0F6FD9DF8050000F070FE20B140F21E
:1084800055713E20F9F786FD9DF9040000F090FD3E
:10849000114A40F20313C2F8343540F25B63C2F86C
:1084A0003835FFF7CDFE90B14FF08053D2F88825D4
:1084B000D3F82033022C22F4FE420CBFC3F3066330
:1084C000C3F3062342EA0323034AC2F8883503B004
:1084D00030BD00BF301500200010004010B50C4624
:1084E000FFF712FF2046FFF79DFF0F4A0023C2F857
:1084F0001C31D2F8003243F48873C2F8003240F2E3
:108500000313C2F8343540F25B63C2F83835FFF725
:1085100097FE40B9FFF7A4FE28B9D2F8683543F4B6
:10852000C023C2F8683510BD00100040F8B5414CBA
:108530000D4616460746002847D10123A37023782D
:10854000012B2BD13C4B33F812304FF47A7203F5E8
:10855000FA73B3FBF2F3CD1A236B384A384E1D443D
:10856000384BC6F84055C2F8A835236C43F40023B5
:1085700023644FF40023C2F804352378002B47D13D
:1085800094F84A3043F0020384F84A30FFF7D4FEEF
:108590000446002843D100242046F8BD104694F834
:1085A0002610FFF757FF284B33F816304FF47A7236
:1085B00003F5FA73B3FBF2F3ED1A2378002BCBD15A
:1085C0001E4B224AC3F8AC25C6E701281BD1022363
:1085D000A3702378012B0AD11C4B0022C3F81C2165
:1085E000D3F8002242F48872C3F80022B4E794F86A
:1085F00026101046FFF772FF2378293D002BABD1E0
:108600000E4B134ADEE74FF413613E20F9F7C2FC2C
:10861000012BBBD194F84A3043F00403B4E70123A3
:10862000F364D6F84C35AB42B5DA29463846FFF745
:10863000B5FEB1E73015002072CC020000F0014019
:1086400000800040408100406CCC020000100040DF
:108650000410004008B560221148002104F01CFC01
:10866000FFF71EFE0F4B1B6823F004020A2A05D0F9
:10867000102B03D0082B0ED1402200E024220A4800
:10868000FF2104F009FC4FF080430022C3F8082EBC
:10869000C3F8102E08BD0D2BEED03822EFE700BF37
:1086A0003015002080160020000E0040024B0344CD
:1086B000187E00F516607047F4CB0200014B93F86A
:1086C0003C00704730150020024B986B1B6BC01AA2
:1086D000704700BF301500200A4B93F83C20D3E9C7
:1086E0000C30C01A084B03EB82031B6CC01A074BFB
:1086F00053F822304FF47A7203F2F313B3FBF2F320
:10870000C01A704730150020F4CB020060CC020084
:1087100008B50F4A92F83C10012906D0022914D05E
:1087200040F2C6213E20F9F735FC40F6B830D2E9D8
:108730000C239B1A074A02EB8102126C9B1A4FF41E
:108740007A72B0FBF2F0184408BD4FF4FA60EEE71D
:1087500030150020F4CB0200FF2808B504D940F200
:10876000E5213E20F9F716FC124B0129A3F8480039
:1087700004D0022919D040F24131F2E700230E4A19
:1087800043F4801340F0007043F4847340F44030AD
:10879000C2F81435C2F81805D2F8503503F0F703C3
:1087A000032B05D14FF45671DBE74FF08073E6E7FA
:1087B00008BD00BF301500200010004008B5FFF7CD
:1087C0003FFD50B1054AD2F8743723F0807323F08F
:1087D000010343F08073C2F8743708BD00100040F5
:1087E0003D4B022270B5C3F88020BFF34F8FBFF31B
:1087F0006F8F3A4A0023C2F8FC3F0123C2F8FC3FC6
:10880000FFF72EFD28B1D2F83C3743F48063C2F85D
:108810003C37FFF709FD58B1D2F83C3723F000434D
:1088200023F0FF0343F0004343F09603C2F83C37C4
:10883000FFF706FD294C38B1D4F8403723F47F43C5
:1088400043F4B053C4F84037254BC4F8783700F0F0
:1088500097FC38B14FF08053D3F830335A1C18BF0F
:10886000C4F84C374FF010231C4C1A6E1D4D531C8E
:108870001EBFD4F88C3562F31743C4F88C3501233E
:10888000C4F8303585F824300323C4F8103540F29D
:108890000123C4F850360226134BC4F80062187C3A
:1088A00000F074FC114B124AC3F804250023AB8777
:1088B000AB6385F84A3002F083FA074B2863102235
:1088C000C3F88061C4F804231E602B6E03B198477F
:1088D000BDE8704000F01EBC00E100E00010004068
:1088E0002C000089301500202800002000F00140F5
:1088F0000000020C014B83F8250070473015002062
:10890000034B020E0002C3F82425C3F81C05704770
:1089100000100040044B054A034482F826001B7EE9
:1089200003F5166313857047F4CB02003015002061
:1089300010B504460068FFF7E3FF094B6268C3F80F
:108940003C25207AFFF7E6FF617A6089FFF704FF94
:10895000607AFFF7D9FC034B227B83F8252010BDFA
:108960000010004030150020F8B5294C94F84A302A
:10897000DA0706460F4604D440F6BE013E20F9F75A
:1089800009FB244DD5F8002243F0020342F0010216
:10899000C5F8002284F84A3020BB012394F8261041
:1089A000A3703846FFF756FDA378012B02D040F69E
:1089B000CA01E3E7184AD3642B60174BD3F84C5530
:1089C00030462946FFF7EAFC236BED1AEEB9134B4C
:1089D00033F817304FF47A7203F5FA73B3FBF2F3FE
:1089E0005819F8BD0128E8D1022394F82610A37085
:1089F0003846FFF773FDA378022B02D040F6D20170
:108A0000BCE7054BDE646E60D7E705F12900E8E7B7
:108A10003015002000100040008000406CCC0200A7
:108A200008B5FFF783FD58B9064BC3F84005A3F519
:108A3000E04301221A610220BDE80840FCF726BA93
:108A400008BD00BF0080004037B5244B2449D3F84F
:108A5000044302224FF0FF30C3F80803C1F880211D
:108A60002049C3F80022002281F84A201E49C1F89B
:108A7000402501F5B8314FF46025C1F80855D3F809
:108A80005015C9B204F01004D1B18DF80700C3F835
:108A9000102101221A619DF8072012B1D3F810218C
:108AA0003AB19DF807305BB940F6F2113E20F9F774
:108AB00071FA9DF80720013AD2B28DF80720EAE753
:108AC000FFF794FC05490023C1F81031FFF7E8FBDC
:108AD00014B11023C1F8043303B030BD00100040BE
:108AE00000E100E0301500200080004038B51B4D4B
:108AF0000024C5F84845C5F84445C5F84045C5F8C3
:108B00004C45FFF7A1FF00F00BFB154B15491A6C04
:108B10001C6442F0446242F40032C1F80825C3E903
:108B20000D441C77104BC5F848450222C5F8444552
:108B3000C5F84045C5F84C45C5F84841C5F844411D
:108B4000C5F84041C5F84C41C3F88020BFF34F8FB2
:108B5000BFF36F8FC3F8802138BD00BF0080004095
:108B60003015002000F0014000E100E0014BC3F8A7
:108B70003C0570470010004010B50FC8014C84E858
:108B80000F0010BD9415002008B50B4BC3F8040569
:108B90000A4B93F84A20586442F0010283F84A20B5
:108BA000FFF7CAFB30B9FFF74FFFBDE808400320CD
:108BB000FCF76CB908BD00BF001000403015002064
:108BC000154B1A6B10449A6B824210B504D340F6D1
:108BD000A8213E20F9F7DEF9104A18620121197721
:108BE0005164D2F844450534844205D30C4BD3F884
:108BF000042102B9196110BD0021C2F84411C2F864
:108C000044051A6C42F480021A64064B4FF4800249
:108C1000C3F80425EFE700BF3015002000800040B6
:108C20000010004000F0014010B50E4C034694F8CF
:108C30003D0094F83C100222012822774FF0960064
:108C400094F824200BD100F0D5F9074A20620023C4
:108C5000C2F84431A36B0344C2F8443510BD00F0A0
:108C6000E3F9F2E73015002000800040044BC3F820
:108C70006005D3F8002242F04002C3F8002270479A
:108C800000100040054BD3F8002222F04002C3F848
:108C900000220022C3F86025704700BF001000408A
:108CA0000A4A0146D2F81C0182B068B1D2F84835B0
:108CB00003F07F035B420B700023C2F81C31D2F833
:108CC0001C310193019B012002B07047001000404D
:108CD0000022044B90421A7014BF02220122D97064
:108CE0005A70704730150020054B0022C3F840250C
:108CF000044AD2F85035DBB20BB10123136170473F
:108D0000008000400010004030B5044BD3E914450A
:108D10009B6DC0E900450B6030BD00BF30150020E1
:108D20002DE9F047954D964C0123EB64D5F84C2581
:108D3000236BB4F84870A2EB030802F047F8C4F8BC
:108D40005880C4E91401FFF751FB8E4B226CC3F825
:108D5000082500218C4A2164D2F8003223F48E7356
:108D600023F00103C2F80032237F84F84A1023B1B4
:108D7000D5F844315B1A18BF0123A17801290AD123
:108D8000D2F80C51002D43D17F4BD3F81031A3B151
:108D900045F0100511E0022938D17B4AD2F80C5178
:108DA000D2F80024003D18BF01256D00D10758BF3F
:108DB00045F0040533B345F00105FFF761FAEA0613
:108DC000A37803D5012B08BF45F020056B4A94F822
:108DD0000190D2F84815A163D2F8442584F83D30BB
:108DE00094F82430626384F83C30B9F1000F11D15B
:108DF000FFF756FA84F81C90EE0740F1A280636EEC
:108E0000984763E015F00B0FD7D1BDE70025BBE70E
:108E10000825D2E715F0110F0ED123792678B9F184
:108E2000010A18BF4FF0010A012B67D0022B7AD03C
:108E30002BB14FF4446169E0FFF706FEDCE79621B1
:108E40005046FFF735FA0146FFF72AFA012E74D192
:108E5000B9F1010F14BF252337239844884567D9FA
:108E60000220FCF713F8484B1E61A8076BD5FFF7EB
:108E7000E7F9E0B9FFF7F4F9C8B9434BD3F8503438
:108E8000D90114D51A0705D013F0F00F02D013F44E
:108E9000706F0CD13C4AC3F304410129D2F8542429
:108EA00005D1012A03D0C3F34253022BA7D9636C27
:108EB0005B78BB4288BF45F00405C5F3800080F0B5
:108EC0000100A36E314600F001009847A378022B01
:108ED00012D1237F83B1022B284A43D1A36B216A8D
:108EE0000B44C2F84435236C43F480032364254BC0
:108EF0004FF48002C3F80425BDE8F0872348FFF74C
:108F000017FD94F83D3023B940F6B5013E20F9F73E
:108F100041F8012B04D1FFF7FBFBA369C11893E7CC
:108F2000FFF7DAFBF9E71948FFF702FDA1698BE7C4
:108F3000124B26700022C3F84021E2785046FFF71A
:108F40006FFD002691E715F0280F05F0200105D0F0
:108F5000B1FA81F1E36E49093046B6E7EB06B5D5C3
:108F6000236F4DE7012B02D040F69F51CEE7236AD5
:108F7000A16B8B42B5D84FF45A61C7E7008000401F
:108F80003015002000F0014000100040381500208E
:108F9000024B03EB8003186C704700BFF4CB020058
:108FA000024B03EB8003D86C704700BFF4CB020088
:108FB000024BC0B2C3F80C05704700BF0010004060
:108FC000054B33F8113002384FF47A7203F2E7336D
:108FD000B3FBF2F31844704758CC0200044B4FF433
:108FE0007A7233F81130B3FBF2F30133184470474F
:108FF00058CC020038B51D460A4B33F8114003EB3C
:10900000820305359B681C4404F6B7344FF47A7329
:1090100003FB00441046B4FBF3F4FFF7B9FF25440B
:10902000284438BD58CC020070B50646084615469F
:10903000FFF7B6FF094B03EB85039C684FF47A7387
:1090400004F6B73403FB0644241A2846B4FBF3F4B1
:10905000FFF79EFF0530204470BD00BF58CC0200D2
:109060002DE9F04F264C87B0074698460D46164628
:1090700002F0F2FB2378BB42814611D16378AB4208
:109080000ED194F90230B3420AD1E378834207D17A
:10909000A388A8F8003094F9060007B0BDE8F08F67
:1090A0007B1EDBB2032B0DD8164A12F803A029460B
:1090B0000DF117033246504602F0D4FB38B141217E
:1090C000A92002E040F2FE410620F8F763FF03907A
:1090D00028469DF917B0FFF7E9FA039A0092034674
:1090E00052464146584600F03FF8B8F80030A071AB
:1090F000A38027706570A67084F80390CBE700BF4B
:109100004000002078CC0200014B1B681B68184708
:10911000D8020020014B1B685B681847D80200206A
:10912000014B1B689B681847D8020020014B1B6845
:109130001B691847D8020020014B1B685B69184760
:10914000D8020020014B1B689B691847D8020020F9
:10915000014B1B68DB691847D8020020014B1B68D4
:109160009B6A1847D802002030B4044C9DF8085080
:1091700024680295E468A44630BC6047D802002009
:10918000014B1878704700BFBC1C002010B50022AE
:109190000C49134640FA02F4E40744BFCA545C1C6D
:1091A00002F1010248BFE3B2042AF3D1054AFF24C9
:1091B000D118032B01D9107110BD013301F8014BF7
:1091C000DBB2F6E7C81C002008B5074801F0F6F945
:1091D000054800F039F801F099FE01F07BFE00F03F
:1091E000A1FC012008BD00BFCC16002008B501F08D
:1091F000C1F901F02FFF01F00BFFBDE8084000F0BE
:10920000ADBC00BF02F01EB801F00ABA10B5EFF312
:10921000108472B601F004FA04B962B610BD00BF42
:1092200001F010BA02F0ECB802F082B902F094B981
:1092300002F0E2B902F0E6B902F0A6B808B52721BB
:10924000032003F039FB00BF024B186000221A71A3
:109250009A607047D416002070B582B01E4C2379F6
:10926000012B11D0DAB2022A0BD1A0680DF107014F
:1092700000F08CFC0023A36023719DF8070002B06E
:1092800070BD012002B070BDA0680DF1070100F0B3
:1092900073FCA5686B7DDB07ECD5AB7F042BE9D0B5
:1092A00001F014FA06460028E4D001F015FA2A6904
:1092B000B3682E686D68961945F1000500220A33DF
:1092C00042F100021B1842EB0102B342AA41D1D382
:1092D000A06800F03FFDCDE7D4160020837F0BB1DE
:1092E0000020704710B50A684B688C68D1F80CC034
:1092F000C0F80CC08460026043600A694B69436136
:10930000012402618477054B1A792AB998601C718F
:1093100001F078F9204610BDFFF790FFD416002029
:1093200070B5044682B00D4601F0D0F9A37F012B41
:1093300017D02B686A68A9680646E868E060A160F3
:10934000236062606A692B69626101222361A277EE
:109350000DF10701204600F00FFC2EB1012002B0F4
:1093600070BD002002B070BD024B0421186807F0E8
:1093700042F9F3E7D416002070B5044682B00D46DA
:1093800001F0A4F9A37F012B1CD02B686A68A9689F
:109390000646E868E060A160236062606A692B6944
:1093A000626101222361A27720460DF1070100F0DE
:1093B000E3FB084C4EB12068062107F01CF90120A0
:1093C00002B070BD002002B070BD2068042107F01B
:1093D00012F9F0E7D4160020024B0621186807F0B6
:1093E0000AB900BFD416002010B5EFF3108472B68E
:1093F00001F06CF938B1064B0621186807F0FBF84C
:1094000004B962B610BDC921032003F055FA00BFAC
:10941000D416002010B5084B1A7952B9044698604A
:1094200002221A7101F0EEF8A07FB0FA80F0400934
:1094300010BDFFF703FF00BFD416002038B5837FAF
:10944000C3B1044609E0A37F042B09D0A37F012BFD
:1094500011D007F029F9A37F63B1A37F032BF2D1C9
:10946000EFF3108572B6204600F0AEFB05B962B688
:10947000A37F2BB938BD4FF48971032003F01CFA88
:1094800040F20D11032003F017FA00BF38B5194B55
:109490001A7962BB0446986002221A7101F0B2F890
:1094A000A37F5BB938BDA37F032B0BD0A37F042B15
:1094B00008D0A37F012B15D007F0F6F8A37F002B6F
:1094C000F1D1EFE7EFF3108572B6204600F07CFB98
:1094D00005B962B6A37F002BE4D040F20D11032042
:1094E00003F0EAF94FF48971032003F0E5F9FFF77F
:1094F000A5FE00BFD416002010B582B00DF1070103
:1095000000F044FB044601F0E1F810B1204602B03F
:1095100010BD40F22F11032003F0CEF970B50D46B7
:10952000044601F0D9F8A4680346E41841F10006A6
:1095300028463346224600F09FFBA04271EB06030B
:109540004FF000050CD3001B6FF0010361EB060127
:10955000834275EB010100D370BD4FF0FF3070BD49
:10956000284670BDF8B504460E46EFF3108572B676
:1095700001F0B2F8A468241841F1000730463B46D8
:10958000224600F079FBA04271EB07034FF0000682
:109590000ED3001B6FF0010361EB0701834276EBF2
:1095A000010102D305B962B6F8BD4FF0FF30F9E70B
:1095B0003046F7E72DE9F04185680C46002349194C
:1095C0005B4113B10020BDE8F0811746064601F06B
:1095D00083F82A1841F100033846A51843F1000822
:1095E00000F04AFBA84271EB0801EBD301F02AFE20
:1095F00000F0E8FAB368377523440120B360BDE892
:10960000F08100BF2DE9F843EFF3108872B684684B
:1096100063184FF000035B4133B10020B8F1000F35
:1096200000D162B6BDE8F88317460D46064601F044
:1096300053F8221841F100033846AC1843F10009F1
:1096400000F01AFBA04271EB0901E6D301F0FAFD2C
:1096500000F0B8FAB36837752B440120B360DDE73A
:10966000837F012B01D00020704700F019BC00BFA0
:10967000D0E90001704700BF0069704701F02CB8C5
:1096800010B5EFF3108472B601F026F804B962B693
:1096900010BD00BF80687047007D7047F8B5036952
:1096A000002B4ED1044601F0CDFD05460E4602F0DA
:1096B000DDFC78B3D4E90003643546F10006A84226
:1096C00073EB060223D3C4E90003EFF3108672B6EE
:1096D00000F0FCFF054698B100F0FEFFAB680022E9
:1096E0000B3342F100021B1842EB0101D4E90002E6
:1096F000834271EB02053CBF03461146C4E90031C9
:1097000006B962B62046BDE8F84000F04BBB2846DB
:109710003346D8E702F0C6FC074600F0F3FFB84234
:109720002168626838BF3846963546F10006401910
:1097300046F10003884273EB02053CBF084613461E
:10974000C1E740F2D511032003F0B6F8F8B5254C77
:1097500000222260EFF3108172B6636823606260BA
:10976000A26009B962B623686BB300259A79032A0F
:10977000A3F1180028D01F6877B3BA79042AA7F19B
:10978000180384464FF000060FD1818B9A8B521A32
:1097900012049A6944BF0CF11806184642B19C465F
:1097A000A2F118039A7F042AEFD09B7F032B15D1D7
:1097B00096B133681B683360C36885770221984788
:1097C0002368002BD2D1F8BD196853F80C2C9D7179
:1097D000216001219047F3E72760EDE763219F2097
:1097E00003F06AF8E01600202DE9F84F3A4B4FF0ED
:1097F0000008C2F80080D3F80CE0BEF1000F5ED084
:10980000AEF1180CE1469246D9F81850002D45D01B
:10981000DCF8004055F8186CDCF8042055F8147C8E
:10982000A64277EB0203A5F1180E50D3844272EBE7
:1098300001030BD2DCF810301B1942F100029842F0
:109840001C4671EB02033CBF04460A46864277EB96
:1098500001030BD255F8083C9B1947F100079842C9
:109860001E4671EB07033CBF06460F46DCF8083086
:109870000A3348F1000B1B1942EB0B029E4277EBB7
:1098800002020BD29CF8143015F8042C9A4209D02D
:109890000ED3F146D9F81850002DB9D1E6467046DE
:1098A000BDE8F88FAB88BCF81C209B1A1B04F0D5D0
:1098B00009F11803CAF80030D9F8183013B9704606
:1098C000BDE8F88FF446A3F1180EF146E2E7BF2198
:1098D0009F2002F0F1FF00BFE01600202DE9F043C9
:1098E000224EF4686CB30025A8460427AE462346F2
:1098F00053E906C2844572EB0109246823D253F868
:10990000089C19EB0C0C42F1000284458A411AD2E2
:10991000FDB12A6812682A609F71726883F800E0BE
:1099200083F801E083F802E083F803E07AB1B268DB
:109930001360B3604FF00108002CD8D1B8F1000FCC
:109940000DD1BDE8F0831D46002CD0D1F6E7736041
:10995000EFE7F268002ADFD01268F260DCE7044B20
:10996000BDE8F043187803F065B900BFE0160020A9
:10997000210300202DE9F04F684B0468D3F80C80D8
:1099800085B0054682838A464068B8F1000F00F032
:10999000BA800026A8F11802B446D2E900366F7DDD
:1099A0009C4270EB060107F00107C1462AD3F7B1CC
:1099B00092F814C0297D8C4519D89168C91846F1D0
:1099C000000311F10A0843F1000E444570EB0E0646
:1099D00057D22E69361940F1000CB0457EEB0C0BC6
:1099E00001D24646F4468E427CEB030C4FD393697A
:1099F000944673B1A3F11802D2E900369C4270EB91
:109A00000601D4D2C846002F00F085801346624676
:109A100002E0C846002F57D0AE68361940F1000961
:109A2000002B65D0CDE90082D3E9007116F10A0C54
:109A300049F10002BC458A4158D31A7D95F814C0FB
:109A4000944519D39A68D21941F1000112F10A081C
:109A500041F1000E444570EB0E0751D22F693F19BA
:109A600040F1000CB8457EEB0C0B01D24746F446A2
:109A700097427CEB010C0AD39B69002B36D0183B34
:109A8000D2E7264684468E427CEB030CAFD2234AB3
:109A90000423AB77516800232B766B76AB76EB769D
:109AA00005F118021D4B002933D09B681A601C4B2E
:109AB0001A4918788A6003F0BDF800258AF800502A
:109AC00005B0BDE8F08F9369294641F8183F9161D0
:109AD00003AA00210020FFF787FE2D1AB5FA85F5AD
:109AE0006D098AF8005005B0BDE8F08FDDE900820D
:109AF000002AE8D12B46094A43F8188FD360E7E7DC
:109B000027468446B4E76B7DDB07F3D542464346E0
:109B100082E75A60CBE76246EAE700BFE016002022
:109B20002103002010B50A4C2378FF2B0AD10948E5
:109B300003F056F8084B20700022DA605A609A60F1
:109B40001A8210BD4FF484719F2002F0B5FE00BF51
:109B5000210300204D970000E016002010B5054CB1
:109B60002078FF2800D110BD03F054F8FF232370A4
:109B700010BD00BF21030020034B1A8A02F1010C23
:109B8000A3F810C0F6E600BFE016002030B583B0A1
:109B900004460D4601AA00210020FFF725FE0346DA
:109BA000E31AB3FA83F35B0905482B7004F118013B
:109BB00006F047FD10B10023A377012003B030BDAC
:109BC000EC1600208AE600BF70B5154E7368054696
:109BD00000F11801BBB17368002423B913E01A68BF
:109BE0001C4682B113469942F9D10CB1AA69226090
:109BF0007268914204BF1B687360B36899420AD0CF
:109C00000023AB7770BD064806F01BFD0028F9D095
:109C10000023AB77F6E70023B460AB77F2E700BF31
:109C2000E016002030B5054683B00C46FFF756FE1F
:109C300001AA28462146FFF7D7FD28B1054B00F1C0
:109C400018025A6103B030BD024B02465A6103B09C
:109C500030BD00BFE016002010B5064C616904F16C
:109C60000C0006F0EEFC18B160690023183863613F
:109C700010BD00BFE01600201C49C96839B3A1F12E
:109C8000180C9CF8141081421DD870B5DCE9004115
:109C900012F10A0543F1000EAC4271EB0E0620D220
:109CA000DCF81060341941F10001AC4271EB0E0197
:109CB00015D2DCF8181071B1A1F1180C9CF8141031
:109CC0008142F6D8E2E7DCF818100029D7D14FF02E
:109CD000FF30014670474FF0FF30014670BD2C4603
:109CE0007146B4F10A0041F1FF3170BDE016002069
:109CF00010B5837F022B06D0837F012B02D0837F98
:109D0000042B1DD110BD437D13F0020313D1032199
:109D10000E4A81775468037600F118014376837602
:109D2000C3765CB193681960094B9160BDE810403F
:109D3000187802F07FBF0023837710BD5160F3E7EE
:109D40004FF4FB719F2002F0B7FD00BFE01600202A
:109D50002103002070B5114D00F11806044631466C
:109D600005F10C0006F06DFC98B10423A3776A6836
:109D7000002323766376A376E37642B1AB681E6058
:109D8000074BAE601878BDE8704002F053BF6E60BC
:109D9000F6E74FF400719F2002F08EFDE0160020E0
:109DA000210300202DE9F04F066983B0002E70D109
:109DB000D0E900158368077DEFF3108472B6DFF8F1
:109DC000DCC0DCF80C20002A5CD013F10A0EBCF8D1
:109DD0001080CDF8048046F10006183AB046D2E96A
:109DE000003611EB0E0A45EB08099A4579EB060C93
:109DF00048D38B4276EB050C28D3D2F810C01CEB6D
:109E0000030C46F1000BD4457BEB090B34BF4FF03C
:109E1000010C4FF0000CBCF1000F13D092F814C0ED
:109E2000BC4526D034BF4FF0010C4FF0000CBCF104
:109E3000000F07D013F10A01936846F10005591885
:109E400045F100059269EAB1183AC8E7D2F808A0CE
:109E500013F10A0C46F100091AEB0C0C49F1000948
:109E6000614575EB090934BF4FF0010C4FF0000C50
:109E7000D1E7B2F81CC0DDF80490ACEB090CCCF3D0
:109E8000C03CD4E704B962B6C0E9001503B0BDE830
:109E9000F08F40F21F219F2002F00EFDE0160020FF
:109EA00070B5054682B00C4601AA00210020AE8B99
:109EB000FFF79AFC0346EB1AB3FA83F35B091048E9
:109EC0008DF8033005F1180106F0BBFB98B10023B3
:109ED000AB77A446BCE80F002C460FC49CE80300F7
:109EE000324684E8030028460DF10301FFF742FDE6
:109EF000012002B070BD40F24A219F2002F0DCFC3C
:109F0000EC160020024B0521186806F074BB00BF58
:109F1000F8160020042970B512D00CD905292ED1CD
:109F2000194E757905F0FD05012D11D040F2BF11D4
:109F3000B02002F0C1FC0239012920D8002070BDF8
:109F4000FFF78AF90028F9D00F4B01221A71F5E7C3
:109F50000446B0790028E9D1B3689847D6E90401EE
:109F6000B3690A4AB571323841F1FF31C01841F185
:109F7000000101F0F1F8064B2360022070BD40F2B1
:109F8000C911B02002F098FCF8160020059F0000CF
:109F9000F5A20000054BD86910B1C3680621184727
:109FA00010B540F28D21B02002F086FCF81600209A
:109FB0002DE9F8431646002B6AD0D3E90089804585
:109FC00079EB01033CBF89468046474F04460D4666
:109FD00040464946C7E9088901F08AFB3B8DB8EB4A
:109FE000040403F1640369EB05050022A342AA41BE
:109FF0000FDBBB6903F5E1739C4275F1000519DACB
:10A000003A4A4046494601F0A7F8394B3360BDE86B
:10A01000F883BA797B791AB39A1E012A1AD9B969D9
:10A020000022012B01F5E171BA7144D08C4275F127
:10A030000005E5DB01F068FB02F012F8BB692B4A72
:10A04000B8EB030069F1000101F086F8294B336099
:10A05000BDE8F883BB68012098470023BB717B797A
:10A06000BA69012B02F5E172114624D0032BDDD130
:10A07000944275F1000522DA388D1C4AB8EB0000D5
:10A0800069F1000101F068F81B4B3360BDE8F8830B
:10A09000154FBB791BB17B79023B012B20D90023E3
:10A0A000BB7101F031FB01F0DBFF01F023FB134B2F
:10A0B0003360BDE8F8838C4275F10005DCDB01F00C
:10A0C00023FB01F0CDFF388DBB698342B7D2B8EBDB
:10A0D0000000064A69F1000101F03EF8084B95E7DF
:10A0E000BB6801209847DAE7F8160020059F0000BA
:10A0F000F5A40000A5A3000005A1000045A40000F0
:10A1000075A40000042970B5044612D00CD90529A5
:10A1100031D11B4E757905F0FD05012D1DD04FF491
:10A120000D71B02002F0C8FB0239012923D80020AC
:10A1300070BDFFF791F80028F9D001F071F801F037
:10A1400081F806460D46FFF76DFD22460346294677
:10A150003046FFF72DFF022070BDB0790028DED118
:10A16000B3689847D6E90801064AB57100F0F4FFD4
:10A17000054B2360EFE74FF40F71B02002F09CFB1A
:10A18000F8160020059F0000F5A4000002392DE913
:10A19000F04104292DD8DFE801F00309292C0C0037
:10A1A000164A5379003B18BF012393710020BDE884
:10A1B000F081044600F09CFF01F044F80E4607468B
:10A1C000FFF730FD0D4D8046E869FFF791FD22460F
:10A1D000384631464346002400260027C5E9086773
:10A1E000EC61FFF7E5FE0220BDE8F081FFF734F8EF
:10A1F000DCE740F2EF11B02002F05EFBF816002021
:10A200002DE9F04F364E96F80690B56983B080463A
:10A21000B9F1000F32D1737903F0FD03012B3ED069
:10A2200001F010F8431941F1000204460F461846A8
:10A23000114601930092FFF7F5FC00283BD0D0E9CE
:10A2400000ABAA457BF10001DDE9002319D2002013
:10A250000146C6E90832234A00F07EFF50465946BF
:10A2600001F046FAB9F1000F02D0338D9D421CD0A7
:10A270001D4BC8F8003003B0BDE8F08F4FF0000967
:10A28000CEE7BAEB05006BF10001844277EB0103E6
:10A290003CBF04460F46631947F10002D9E7328DEF
:10A2A0009542994638BF1546BAE7104BC8F80030BA
:10A2B00003B0BDE8F08FB3791BB17379023B012B7A
:10A2C00009D90023B37101F015FA094BC8F8003021
:10A2D00003B0BDE8F08FB36801209847F1E700BFF5
:10A2E000F8160020059F0000A5A3000075A400003B
:10A2F00045A40000023970B503294AD8DFE801F00F
:10A3000005022407254B00221A71002070BD044667
:10A3100001F002FA08B3214D2E796EBBFFF79CFCC9
:10A3200050B3E861C5E90B6600F0D6FEE869022388
:10A3300083773146C3689847D5E90801FFF742FCA7
:10A34000174B2360022070BDFEF786FF0028DCD08B
:10A35000124B01221A710020D8E700200021FFF7DC
:10A3600061FC08B1FFF7F6FC01F0CEF901F078FED0
:10A370002046FFF745FFE5E700F064FF06460D467F
:10A38000FFF750FC2246034629463046FFF710FEF1
:10A39000D8E740F2A511B02002F08EFAF81600209E
:10A3A0008DA10000042938B5044621D01BD9052908
:10A3B0003BD1204D01F0A0F901F04CFE6B7903F088
:10A3C000FD03012B1ED000F03DFFAB691A4A323B62
:10A3D00065EB0505181845EB010100F0BDFE174BB4
:10A3E0002360022038BD023901291ED8002038BD63
:10A3F000FEF732FF0028F9D000F012FF2046FFF7E9
:10A40000FFFEEEE7AB79002BDDD100F01BFF2A8DBC
:10A41000AB699B1AC5E904011818074A41F100010C
:10A4200000F09AFE064B2360DBE740F26B11B02090
:10A4300002F042FAF8160020059F0000F5A2000085
:10A44000159F0000032910B506D801290AD840F24B
:10A450001711B02002F030FA0429F8D10446FEF7B3
:10A46000FBFE08B9002010BD2046FFF7C9FE022000
:10A4700010BD00BF042970B5044612D00CD90529BF
:10A480002CD1194E757905F0FD05012D14D040F23F
:10A490003311B02002F010FA023901291ED8002031
:10A4A00070BDFEF7D9FE0028F9D000F0B9FE2046B5
:10A4B000FFF7A6FE022070BDB0790028E7D1B3688F
:10A4C0009847B369306A716A084AB571C01A61F178
:10A4D000000100F041FE064B2360EBE740F23B1128
:10A4E000B02002F0E9F900BFF8160020059F000037
:10A4F000A5A30000042970B504461FD019D9052969
:10A500002FD1FFF7A9FBF8B1184D0026E861C5E986
:10A510000B6600F0E1FDE869022383773146C368EA
:10A520009847D5E90801FFF74DFB114B2360022046
:10A5300070BD0239012914D8002070BDFEF78CFED1
:10A540000028F9D000F06CFE00F07CFE06460D46B7
:10A55000FFF768FB2246034629463046FFF728FDF1
:10A56000E5E740F21721B02002F0A6F9F816002026
:10A570008DA1000010B5EFF3108472B60B4B0C4A9E
:10A580001B681B6893420DD00A4A93420AD00A4ABC
:10A59000934207D001F0B8F801F062FD01F0AAF88B
:10A5A00000F03EFE04B962B610BD00BFF8160020F0
:10A5B00045A4000075A40000A5A3000010B5054A3D
:10A5C000054C026000232060637101F06BFD3230A6
:10A5D000A06110BD45A40000F816002008B5074B87
:10A5E000074A19680968914202D13230986108BD62
:10A5F00040F27221B02002F05FF900BFF81600208F
:10A6000045A4000010B5EFF3108472B6034B04218B
:10A61000186805F0F0FF04B962B610BDF816002006
:10A6200008B5064BDB6923B1BDE80840044A00F0D9
:10A6300093BD40F29321B02002F03EF9F8160020BD
:10A64000959F000008B5064BDB691BB1BDE80840CB
:10A6500000F0E6BD40F29921B02002F02DF900BFD4
:10A66000F816002008B5054BDA690AB1D86208BDB2
:10A6700040F29F21B02002F01FF900BFF816002021
:10A6800008B5054BDA690AB1186308BD40F2A52187
:10A69000B02002F011F900BFF8160020044B1B6B2C
:10A6A00003B1184710B540F2AB21B02002F004F915
:10A6B000F8160020044BDB6A03B1184710B540F2CE
:10A6C000B121B02002F0F8F8F8160020014BD8694B
:10A6D000704700BFF816002008B5054BDA6912B1C3
:10A6E000D3E9080108BD4FF42F71B02002F0E4F85F
:10A6F000F8160020024B323158719A601985704764
:10A70000F8160020044A537903F0FD03012B0CBF17
:10A71000108D0020704700BFF8160020054B1B6805
:10A720001BB1D3E908200521104710B5762145203B
:10A7300002F0C2F830170020054B1B681BB1D3E9AB
:10A7400008200421104710B57021452002F0B4F80C
:10A75000301700202DE9F0412A4E2B4A06F108035C
:10A76000C31ADB1002FB03F305460F46DBB206EB10
:10A7700043045A0094F80835C9B93368ABBBD6F81E
:10A780004835B3BB06F5A163134430601F48C6F8D3
:10A790004835FFF767FF1E48FFF772FFD6F84835C8
:10A7A0005BB3FEF76BFF94F8093580462BB9D5E90A
:10A7B00008303946BDE8F0411847FEF733FD18F17F
:10A7C0002008A8EB0000C6F84C0500F08BFD00281F
:10A7D000FBD0104B0022C3F8A8253946C3F8AC259E
:10A7E000D5E90830BDE8F04118478E21452002F038
:10A7F00063F88F21452002F05FF84FF4F671452091
:10A8000002F05AF830170020CDCCCCCC39A700008C
:10A810001DA7000000F00140FFF724BFFFF730BF85
:10A82000044B0021402203F5A1601960C3F84815CC
:10A8300002F032BB30170020FEF7E4BC704700BFC7
:10A8400008B5084B1A684AB1002107481960C3F8D7
:10A850004815D060BDE80840FEF7BEBDC1214520C7
:10A8600002F02AF83017002055A700001F280AD848
:10A87000064B03EB400393F8082522B1002283F82E
:10A880000825012070470020704700BF30170020C6
:10A8900070B50023114C0D4602E00133202B19D076
:10A8A00004EB430C9CF8082502F0FF01002AF4D1C8
:10A8B000DEB2FF228CF8082503EB830304EBC3040C
:10A8C000C4E90A050648202200EBC30002F0E4FABE
:10A8D000304670BD1E46304670BD00BF30170020A8
:10A8E000381700201F2812D810B40A4B03EB40047D
:10A8F00094F8084544B100EB800003EBC003C3E9C2
:10A900000A12012010BC7047002010BC70470020C4
:10A91000704700BF3017002030B50A7887B0002399
:10A92000CDE90033CDE90233CDE904330D460446C9
:10A93000002A3ED1D1E90401203841F1FF316B7A80
:10A940009DF815200191C3F340035B0022F0030240
:10A9500043F0010313438DF815306B68174A297AC9
:10A960008DF8141020330293154B03935368009015
:10A97000C3F308038BB1103B5BB2002B13DB03F175
:10A98000604303F5614393F800335B092BB96946D3
:10A990002046FEF7C5FC07B030BD69462046FEF7ED
:10A9A0009DFC07B030BD03F00F031A44137D5B0913
:10A9B000ECE7FEF727FC2B690493C0E700ED00E00D
:10A9C00055A700001F285CD830B5044687B0344A2C
:10A9D00002EB400292F8083513B9002007B030BDF1
:10A9E0004B7A0D46C3F3800181F0010182F809150D
:10A9F0000022CDE90022CDE90222CDE904222A7805
:10AA0000002A46D128696969203841F1FF319DF853
:10AA100015200191C3F340035B0022F0030243F0D1
:10AA2000010313438DF815306B681E4A297A8DF89F
:10AA30001410203302931C4B039353680090C3F30C
:10AA40000803A3B1103B5BB2002B1CDB03F1604396
:10AA500003F5614393F800335B0943B9134804EBF2
:10AA60008404694600EBC400FEF75AFCB6E70F48C1
:10AA700004EB8404694600EBC400FEF72FFC07B02A
:10AA800030BD0020704703F00F031A44137D5B09AB
:10AA9000E3E7FEF7B7FB2B6904936B7AB7E700BFD8
:10AAA0003017002000ED00E055A700003817002007
:10AAB0000D4A5368C3F308036BB1103B5BB2002B24
:10AAC0000BDB03F1604303F5614393F800335B094B
:10AAD0000BB9FEF711BDFEF79DBC03F00F031A443E
:10AAE000137D5B09F4E700BF00ED00E0124A5368F4
:10AAF000C3F3080393B1103B5BB2002B15DB03F1EA
:10AB0000604303F5614393F800335B0933B90B4BA2
:10AB100000EB800003EBC000FEF7EEBC074B00EB40
:10AB2000800003EBC000FEF775BC03F00F031A446E
:10AB3000137D5B09EAE700BF00ED00E03817002055
:10AB400010B5027886B0FAB9D0E9043104464068FD
:10AB50000592203B00F1200041F1FF31009302906B
:10AB6000237A8DF814306846CDE903220191FEF76F
:10AB700095FDDDE9003220334FF0010042F1000283
:10AB8000C4E9043206B010BD4FF4AA71452001F0AB
:10AB900093FE00BF0C4BD3F8483510B573B1044693
:10ABA000FEF76CFD20344FF0000343F10003201842
:10ABB00043EB0101FEF728FB012010BD4FF4F671B5
:10ABC000452001F079FE00BF3017002008B54FF492
:10ABD000BA71452001F070FE10B50B4C0A46D4F84E
:10ABE000481559B1034619462068FEF7E3FC08B939
:10ABF000022010BDFEF714FB002010BD40F27911B9
:10AC0000452001F059FE00BF3017002010B51D4C43
:10AC10006368C3F3080386B053B3103B5BB2002BE9
:10AC20000A4628DB03F1604303F5614393F80033E0
:10AC30005B09EBB91169547A203900915169CDE96A
:10AC40000433C4F340045368127A8DF8142041F1A0
:10AC5000FF310D4A01916400203344F0010469463C
:10AC6000CDE902328DF81540FEF7FAFC06B010BDB2
:10AC7000002006B010BD03F00F031C44237D5B09C8
:10AC8000D7E700BF00ED00E055A700001F2805D85A
:10AC9000244B03EB400393F808350BB900207047B1
:10ACA0000A4621494B68C3F30803002BF6D0103B3A
:10ACB0005BB2002B2FDB03F1604303F5614393F894
:10ACC00000335B09002BE9D110B5D2E9044186B00D
:10ACD000CDE9043392F809C0144B00EB8000203C0E
:10ACE00003EBC000CCF3400C5368127A8DF81420AB
:10ACF00041F1FF310E4A01914FEA4C0C4CF0010C2E
:10AD000020336946CDE9023200948DF815C0FEF774
:10AD1000A7FC06B010BD03F00F0319440B7D5B09BF
:10AD2000D0E700BF3017002000ED00E0381700200A
:10AD300055A70000044BD3F8482512B11868FEF758
:10AD4000ABBC0220704700BF30170020024B014609
:10AD50001868FEF7E3BB00BF30170020FEF76EBB9C
:10AD60001F2808B50ED80C4B03EB400292F80825BB
:10AD70006AB1083300EB800003EBC000BDE8084077
:10AD8000FEF75CBB40F2E511452001F095FD4FF464
:10AD9000F371452001F090FD3017002008B5074BF6
:10ADA000D3F848352BB1FEF769FC203041F10001A2
:10ADB00008BD4FF4F671452001F07EFD30170020EC
:10ADC000014BD3F84C05704730170020FEF72EBA20
:10ADD000704700BFFEF728BAFEF72ABAFEF72ABA74
:10ADE00008B5FFF787FC002008BD00BF00F0AABC33
:10ADF00010B50C7886B064BB0492D1E90432059496
:10AE0000203B164C009342F1FF324B7A019200EB4B
:10AE1000800E04EB40020834C3F3400C04EBCE0078
:10AE2000C3F380034C68097A8DF8141083F0010392
:10AE30000B4982F8093520344FF00002CDE9024178
:10AE40006CF3410269468DF81520FEF747FA06B00B
:10AE500010BD40F23121452001F02EFD30170020B9
:10AE600055A7000070B4EFF3108672B617490D783D
:10AE7000ADB1174BD3F80445D3F848314FF6FF7204
:10AE800094421FD0E3B147F6FE739C4218D84B683A
:10AE9000013306B962B6C0E9004370BC70470C4A82
:10AEA000D2F80445D2F8043153B14B6801334B60FA
:10AEB000C2F80451D2F80445D2F80431002BF4D181
:10AEC0004B68E6E7002BFBD11C46F9E7801C00200D
:10AED00000B0004010B50A4C002222742277094BC2
:10AEE000094801215960C3F84025C3F840214FF4B7
:10AEF00000221961C0F8082501F0EAFE206210BDA9
:10AF0000801C00200080004000F001403749384B91
:10AF1000F0B44D6A374C002201204A6058609860B6
:10AF2000C3F80843C3F84843C3F80421C3F84021D9
:10AF3000C3F84421C3F84821002D55D02E4C2F4E84
:10AF4000C4F8A8652E4AC4F8AC55C4F85C394FF46F
:10AF50000023C4F804350523C2F840351060D2F848
:10AF60004031002BFBD02448002301244FF400255E
:10AF7000C0F808555460D460C2F84031C2F840357A
:10AF8000C0F8A835C0F8AC35C0F8AC350B7833B391
:10AF900091F82840184816491A4E1B4DE30003F15A
:10AFA000804303F5F8330122A2404FF6FF774FF4B8
:10AFB0008024C0F80825C1F84443C1F84875C1F899
:10AFC0000443C3F81065C3F81455C0F804250F4BAB
:10AFD0004FF40062C3F88021F0BC1A607047044B44
:10AFE0000222C3F80423F2E71860CFE7801C002098
:10AFF00000B000400200070000F001404081004026
:10B000000080004048B1004008B0004000E100E08E
:10B010000D4B0E4A30B4012000210D4C58604FF406
:10B020000025C3F84015C3F840114FF48071186132
:10B03000C4F80855C2F88011C2F88010BFF34F8FD2
:10B04000BFF36F8F30BC70470080004000E100E02C
:10B0500000F0014030B41B4A1B4C1C4D1C4800231F
:10B060000121636051609160C2F80853C2F84853EF
:10B07000C2F80431C2F84031C2F84431C2F8483154
:10B080002278C0F8A835C0F8AC3572B194F8282001
:10B090009140D20002F1804202F5F832C2F8103538
:10B0A000C2F81435C0F8081523700A4B4FF400623B
:10B0B000C3F88021C3F88020BFF34F8FBFF36F8F99
:10B0C00030BC704700B00040801C00200200070028
:10B0D00000F0014000E100E0044B4FF080411A6AAB
:10B0E0000123C1F808351360704700BF801C0020A1
:10B0F00010B4144C1449154A0023C4F8A835012093
:10B10000C4F8AC354FF0FF3448600861C1F808431B
:10B110000F4891684FF48074C0F8804141B10D49E7
:10B120004FF48030C1F808031374C1F840319360C4
:10B13000126A10BC4FF080410023C1F8083513603B
:10B14000704700BF00F0014000800040801C0020DC
:10B1500000E100E000B0004070B52E4CA36888B05C
:10B16000002B51D10DF10B03009304ABA26003AA95
:10B1700001F040F89DF80B300F2B06D9DDE90432C1
:10B18000013342F10002CDE9043206A8FFF76AFE5E
:10B19000069B2678079800220533DDE9041542F165
:10B1A0000002B6B94FF08076E0FB0632994275EBAB
:10B1B000020220D30B0E43EA052321F07F41164AF9
:10B1C0004FF48030C2F84015E360C2F8040308B0C1
:10B1D00070BD4FF48036E0FB0632994275EB0202F7
:10B1E00009D30B0C4FF6FF7289B243EA05430029DD
:10B1F00008BF1146E3E7FF232374084B4FF40062B6
:10B20000C3F8002108B070BD40F26121052001F0B3
:10B2100053FB00BF801C002000B0004000E100E0B4
:10B22000064B9A684AB106494FF48032C1F80823A8
:10B2300000221A74C1F840219A607047801C0020D7
:10B2400000B0004038B5EFF3108572B621490C7894
:10B25000BCB1214BD3F80405D3F848314FF6FF7247
:10B2600090422ED05BB347F6FE73984227D84C68C5
:10B270000134CDB100F07AFF184D0021E4FB050147
:10B2800038BD154AD2F80405D2F8043153B14B68E1
:10B2900001334B60C2F80441D2F80405D2F80431FE
:10B2A000002BF4D14C681DB962B60B78002BE1D1AC
:10B2B0000B4D00F05BFF0021E4FB050138BD4C683D
:10B2C000D7E7002BFBD14C680DB92846ECE7034DBE
:10B2D0001846EEE7801C002000B0004080841E006D
:10B2E0000080841E70B5EFF3108672B6224C217870
:10B2F00091B1224BD3F80405D3F848314FF6FF72D1
:10B30000904230D06BB347F6FE73984229D86568F7
:10B310000135A6B11A4E17E0184AD2F80405D2F842
:10B32000043153B1636801336360C2F80411D2F889
:10B330000405D2F80431002BF4D165681EB962B659
:10B340002378002BE6D10F4E00F010FFD4E90C1249
:10B350000023E5FB0603884293412CBF0120002017
:10B3600070BD6568D5E7002BFBD165680EB9304626
:10B37000E5E7034E1846E7E7801C002000B00040D8
:10B3800080841E000080841E194B1A4810B50122CB
:10B3900000214FF400245A60C3F84015C3F840114F
:10B3A0001A61C0F80845D3F8040520F00300C3F87B
:10B3B0000405D3F8080540F003001021C3F8080580
:10B3C00091FAA1F1B1FA81F109290CDC0A48C3F81C
:10B3D00010154FF48074DA60C0F8804104605A6040
:10B3E000DA601A6010BD05484FF4737101F05AFA23
:10B3F0000080004000F0014000E100E040D8020081
:10B400002DE9F047444D454E012100234FF4002221
:10B4100084B06960C5F84035C5F840312961C6F887
:10B420000825D5F8042522F00302C5F80425D5F82F
:10B43000082542F00302C5F80825102292FAA2F26C
:10B44000B2FA82F2092A62DCC5F81025344ADFF824
:10B45000D480E9604FF48070C2F880011060324AF5
:10B460006960E960C6F8A82598F80020C6F8AC55D0
:10B4700002A85AB3019304E00123C6F808A56B6043
:10B48000EB60FFF7EFFCDDE90243DDF804904FF4D9
:10B49000002A4FF48037C6F804A5E3FB0749FFF7FD
:10B4A000E1FCDDE902320199E2FB0731494508BFC1
:10B4B000A342E1D1601C49F1000100F065FE0246A3
:10B4C0000B46C8E90C2304B0BDE8F087019204E004
:10B4D0000123C6F808A56B60EB60FFF7C3FCDDE94C
:10B4E0000243DDF804904FF4002A4FF08077C6F84D
:10B4F00004A5E3FB0749FFF7B5FCDDE9023201993A
:10B50000E2FB0731894508BF9C42E1D1D2E70748F9
:10B510004FF4737101F0C6F90080004000F0014063
:10B5200000E100E0801C002000B1004040D8020093
:10B5300010B5029C201841F10001801A61EB030153
:10B54000B0F1004F71F1000100DA10BD40F231316D
:10B55000052001F0B1F900BF38B5EFF3108572B6E0
:10B5600021490C78BCB1214BD3F80405D3F84831FC
:10B570004FF6FF7290422ED05BB347F6FE739842AF
:10B5800027D84C680134CDB100F0F0FD184D0021F2
:10B59000E4FB050138BD154AD2F80405D2F80431A0
:10B5A00053B14B6801334B60C2F80441D2F8040533
:10B5B000D2F80431002BF4D14C681DB962B60B7877
:10B5C000002BE1D10B4D00F0D1FD0021E4FB050182
:10B5D00038BD4C68D7E7002BFBD14C680DB9284625
:10B5E000ECE7034D1846EEE7801C002000B0004059
:10B5F00080841E000080841E014B5861704700BF8C
:10B60000801C0020F0B5304C636989B0002B55D008
:10B61000EFF3108572B60DF10B03009303AA04AB90
:10B6200000F0E8FD9DF80B300F2B06D9DDE9043260
:10B63000013342F10002CDE9043206A8FFF712FC03
:10B64000069B2778079E05334FF00002DDE90410C2
:10B6500042F10002C7B94FF08077E6FB073299420A
:10B6600070EB020222D30B0E43EA002321F07F414C
:10B67000164AA3614FF40033C2F84415C2F80433EC
:10B6800005B962B609B0F0BD4FF48037E6FB07326A
:10B69000994270EB020209D30B0C4FF6FF7289B28C
:10B6A00043EA0043002908BF1146E1E7FF2323775F
:10B6B000074B4FF40062C3F80021E1E740F241314B
:10B6C000052001F0F9F800BF801C002000B0004008
:10B6D00000E100E0014B1878704700BF801C00209B
:10B6E000024B01221A7083F828007047801C00204A
:10B6F000704700BF704700BF024B0122C3F84423CC
:10B70000704700BF00B00040024B0122C3F848233D
:10B71000704700BF00B0004008B500F0A7FC30B98A
:10B72000074A936B0133312B936304D808BD044B54
:10B7300000229A6308BD4FF46271052001F0BCF845
:10B74000801C0020014B5862704700BF801C002005
:10B7500010B53F4C237882B0002B55D03D4BD3F829
:10B76000042352035BD43B4BE168D3F80423D0039A
:10B7700034D5D3F84031002B30D0636899425DD87E
:10B7800000232374334AA168C2F840314FF480305B
:10B79000C2F80803002955D0A36088472D4BA16942
:10B7A000D3F80423920324D5D3F844310BB3636850
:10B7B0008B423FD300222277264B6169C3F8442194
:10B7C0004FF40030C3F8080300293BD08847214BD1
:10B7D000D3F840310193019B02B010BD6268237C15
:10B7E000002BCDD19142D9D91A4B0022C3F8402168
:10B7F000D4E76268237F002BDCD18A42E7D2154B65
:10B800000022C3F84421E2E7124AD2F804110029C9
:10B81000A9D0C2F80431636801336360A3E7D3F8A9
:10B820004821002A9FD00022C3F8482163680133D1
:10B83000636098E7237F002BE1D0BBE7237C002BDC
:10B84000D2D09DE740F2CA31052001F035F800BFA3
:10B85000801C002000B00040014B187D704700BFE5
:10B86000A8150020042810B511D883B104280CBFF6
:10B8700010242824A1420AD2064C54F8200018B102
:10B8800041568A42A8BF0A461A70002010BD6FF0C8
:10B890001500FBE7A815002030B50346114890F9C4
:10B8A0001C209A4219DD90F924209A4217DA9A1A3C
:10B8B000846AA05C0C4A15569D420DD00E320029B8
:10B8C00018BF01309442C0B206D129B1013BDBB2AE
:10B8D000012B01D80130C0B230BD0D20FCE70020A3
:10B8E000FAE700BFA815002084CC020008B5054B7C
:10B8F00093F91C30984203DAFFF7CEFF024B1B5638
:10B90000184608BDA815002084CC020008B5184BC5
:10B9100093F82C20FAB9012283F82C20154A1268DA
:10B92000A2F10800082803D813490141C90709D525
:10B93000911F092910D9013212D04FF4DF71742000
:10B9400000F0BAFF0D4A9A62D8221A6283F82420C6
:10B9500008229A611A7708BD094A0A41D207ECD435
:10B96000084A9A62D8221A6283F824200422F0E757
:10B97000A815002080160020DEFEFFFFBFCC0200CD
:10B98000EEFCFFFF92CC020010F0FF0008B508D1DA
:10B990004FF0804301225A60C3F80001034B187036
:10B9A00008BD8421B52000F087FF00BFD515002019
:10B9B000014B01221A707047D515002008B548B90F
:10B9C0004FF08043D3F8003113B9044B187808BD09
:10B9D0000120FCE7D021B52000F06EFFD515002036
:10B9E000044B1868062818BFB0F1FF3F0CBF0120B8
:10B9F000002070478016002008B5094B1A680A2AF3
:10BA000002D1084B1B6823B1FFF7EAFF08B9082AE7
:10BA100004D14FF080430222C3F8342C08BD00BF8C
:10BA20008016002084160020F8B50F4E01273754E9
:10BA300004460D4604F0D0FC60B934B94FF08043A1
:10BA4000B7707560C3F80473F8BD4FF494716D203E
:10BA500000F032FF002DF7D01CB92046A8477460D3
:10BA6000F2E740F24311F2E7D8150020044B191811
:10BA700000228A7003EB80011A544A60704700BFAD
:10BA8000D815002010B5034CA08100F045FCE081E2
:10BA900010BD00BFD8150020014B188A704700BFA9
:10BAA000D8150020014B9889704700BFD815002099
:10BAB00010B5EFF3108472B6064B03449A7C013242
:10BAC000D2B29A749B7C012B01D104F079FC04B9A9
:10BAD00062B610BDD815002010B504F0A5FC04F026
:10BAE0007BFC4FF08044084940B1FFF785FF0123FC
:10BAF000236104230B7500234B7510BD03230B75C5
:10BB00000123C4F80433F6E7D815002010B5EFF38D
:10BB1000108472B6094B03449A7C22B940F2672123
:10BB20006D2000F0C9FE9A7C013AD2B29A749B7CD7
:10BB30000BB9FFF729FF04B962B610BDD815002074
:10BB4000024B187D003818BF01207047D81500201F
:10BB500073B51B4DEB7D63B9686A00F0030004F018
:10BB600053FC30B1EFF3108372B62A7D1AB103B9DA
:10BB700062B602B070BD01222A7503B962B64FF0F9
:10BB800080430822C3F808234FF42073ADF8063031
:10BB9000BDF80640A4B2631E9BB2ADF80630002C7F
:10BBA000F6D14FF080460748C6F80C4104F05EFD20
:10BBB00085F82940FFF790FF0823C6F80433D8E73B
:10BBC000D8150020001600202DE9F347484CA37D2E
:10BBD000002B00F08A800323ADF804304FF080433F
:10BBE000D3F80051F5B9D3F80481B8F1000F09D0AA
:10BBF0004FF080430022C3F804210222C3F8082337
:10BC0000FFF7A6FF94F829603A484FF08047F6B254
:10BC1000D7F80C8104F02EFD48B340F253316D206B
:10BC200000F04AFE00258DF804500122D3F804816B
:10BC3000C3F808230DF10409271DA61C19F8010BF0
:10BC400003280AD0337843B13B684FF0000A86F8E6
:10BC500000A013B19847C7F800A06B1C022B07F196
:10BC6000040706F101064FF00105E7D1BDE745B134
:10BC7000237D032B05D104232375FFF7BDFE01238C
:10BC80003B61B8F1000F1FD04FF080430022C3F892
:10BC90000C21237D042B02D040F27931BFE7164BF3
:10BCA0001A680A2A02D1154B1B6823B1FFF798FEC8
:10BCB00008B9082A04D14FF080430022C3F8342C7D
:10BCC0000223237504F0B3FB4EB1002384F829301E
:10BCD000237D022B01D1FFF7FFFE04F0A8FB0548EE
:10BCE00002B0BDE8F04704F0D4BC02B0BDE8F08774
:10BCF000D815002000160020801600208416002091
:10BD000010B5054C606A00F0030004F07DFB0028CC
:10BD1000F8D0002010BD00BFD8150020F8B50546AA
:10BD200050B10278042A07D8437842B9013B1F2B4F
:10BD300002D88378212B07D96FF0150076E0002B0D
:10BD4000FAD18378002BF7D17B4B0127C3F88070A1
:10BD5000BFF34F8FBFF36F8F4FF08046C3F88071F2
:10BD6000764C0B23C6F808330023C6F80031C6F81A
:10BD70000431C6F80C31A374E374AB88238204F059
:10BD80002EFB08B12770A774D6F80C24D6F80C3413
:10BD9000D20303D5DF0701D5FFF70AFE4FF4AF60EA
:10BDA000FFF770FE2B78A978E37500226262217696
:10BDB0006275042B4DD8DFE803F005033A484A00CA
:10BDC0000123636204F012FB00284DD004F015FB40
:10BDD000636A03F00303984246D1AB79002B3DD14F
:10BDE000FFF78EFF237E6BB12B785BB904F0F4FA7A
:10BDF000054600F0B9FE6FF00043002D00F0998079
:10BE0000C4E907034FF08043D3F80C24D3F80C3473
:10BE1000D20303D5DB0701D5FFF7CAFD464A01234C
:10BE200000202075A375C2F880311360F8BD04F0BE
:10BE3000FBFA4FF08043D3F80C14D3F80C24CE0354
:10BE4000F9D5D007F7D50223BBE73D4BB9E73D4B0A
:10BE5000B7E740F22E516D2000F02EFD4FF08043E9
:10BE60000222C3F80423BDE74FF080430122DA60C9
:10BE70000022C3F80421626AC3F81825324A136805
:10BE8000A3F10E01012904D90A2B02D0FFF7A8FD66
:10BE900048B14FF080534FF08041D3F84432C3F3A0
:10BEA0004233C1F83C351368A3F10E02012A04D9CC
:10BEB0000A2B02D0FFF794FD20B14FF080430122FE
:10BEC000C3F84C254FF0804301229A600222C3F848
:10BED0000423AA79002A85D1D3F80423910702D438
:10BEE00040F2E141B7E7194A1669116941F01001C2
:10BEF0001161D3F8043106F010060BB904F0D6FB3B
:10BF00004FF08047D7F8043183B1FFF7F9FE26B927
:10BF10000E4A136923F0100313614FF0804302228D
:10BF2000C3F808230022C3F804215BE704F0BCFB3C
:10BF3000E8E7C4E9073065E700E100E0D815002034
:10BF400001000200010003008016002000ED00E067
:10BF500010B50D4C04F1280004F08CFB48B9237D8A
:10BF6000022B01D1FFF7B8FDBDE81040074804F0EF
:10BF700090BB074A012384F82930BDE81040C2F87D
:10BF8000003104F051BA00BFD8150020001600207F
:10BF900000E100E038B50C4B0C46197919B18D2140
:10BFA0006F2000F089FC60B95D790DB1002038BDCB
:10BFB00001225A71FFF77CFD21462846FFF734FD28
:10BFC000F4E76FF01500F2E70416002038B50B4DCA
:10BFD0002B7904461BB1A4216F2000F06DFC50B9F1
:10BFE0006B790BB9002038BDFFF740FD20466C711E
:10BFF000FFF78CFDF6E76FF01500F4E7041600205C
:10C0000010B501B3F0B14FF0FF33104A1C46E0FB0E
:10C010000134944203D9E5216F2000F04DFC1A0D44
:10C0200042EA0432C3F30F10094B00EB02404FF217
:10C030002444B2FBF4F103FB1100B0FBF4F040EA3E
:10C040000140013010BD0846FCE700BF3F420F0031
:10C05000000024F4014B9B68184700BF0416002021
:10C06000014BDB68184700BF04160020014B1B6919
:10C07000184700BF04160020014B1B6A184700BF79
:10C0800004160020014BDB69184700BF041600208E
:10C09000034B1A790AB9FFF7FFBC988D704700BFB0
:10C0A00004160020034B1A790AB9FFF7FBBC988AE3
:10C0B000704700BF04160020024B1B790BB9FFF735
:10C0C00047BD704704160020014B9B69184700BF0D
:10C0D0000416002010B5144C2379A3B1636A984765
:10C0E000002806DB94F82E3023B1012384F8323087
:10C0F000002010BDFFF7E8FF0028F6DA40F2A51196
:10C100006F2000F0D9FB094BA361094BE361094B98
:10C110002362094BA360094BE360094B2361FFF7DE
:10C12000FDFD0028E1D0E4E70416002001BD000079
:10C1300051BF000041BB0000290401002F04010091
:10C140003504010038B5084B1D79044625B140F28D
:10C15000F9116F2000F0B0FBFEF740FA2046FFF720
:10C1600091FC284638BD00BF0416002043F6095252
:10C17000C0F3080302FB03F3400A03F5807302FBDC
:10C1800000F000EB5320704710B5C0F34E22C0F30F
:10C190000804000E40EA012043F60953090E03FB90
:10C1A00004F403FB02F24FEA401E4B01BEEB000E0B
:10C1B00043EAD06304F5807402EB542263EB01047C
:10C1C0004FEA841C4FEA8E13B3EB0E034CEA9E6CCD
:10C1D0006CEB040C4FEACC0C4CEA537CDB001B18D4
:10C1E00041EB0C01D803C903101841EA534141F156
:10C1F000000110BD2DE9F04180460C4617461E4651
:10C20000FFF768FAD0B13D4B9C426FD83C493D489E
:10C210004FEA585242EAC422A1FB0243C8F34F142A
:10C220009B0B04EB024400FB1344A1FB0414A40B7E
:10C2300044EA0344344B03FB148819E0334B9C421B
:10C2400058D82F492F484FEA587242EAC402A1FB3E
:10C250000243C8F34F349B0B04EB024400FB13442E
:10C26000A1FB0414A40B44EA0344294B03FB1488E8
:10C2700048F237624FEA583302FB03F31B0C43F6D4
:10C280000952244D02FB138101FB05F56D0D05FBE1
:10C2900002F205EB432502F574530833B1EB532F3B
:10C2A00021D802F58072A1EB5221C9B2069B197008
:10C2B000FFF710FA58B123045D194FEA144444F112
:10C2C0000004C6E90054C7F80080BDE8F0812306E9
:10C2D0005D194FEA142444F10004C6E90054C7F87C
:10C2E0000080BDE8F08101350021DFE79D219B2022
:10C2F00000F0E2FAA6219B2000F0DEFA7F841E0007
:10C3000083DE1B43000024F480841E00FF7F841E14
:10C310000080841E6F0C0100420B48F2376303FB60
:10C3200002F2120C43F6095C084B0CFB120101FBF4
:10C3300003F303F586336E335B0D0CFB03FC5002F5
:10C34000B1EB5C2F88BF0130184470476F0C0100BF
:10C35000034610B3007888B91A79012A1ED85A7991
:10C36000012A1BD89A680E49643A8A4216D8D868BE
:10C370000C4B98422CBF00200120704701280CD1A3
:10C380001A79012A09D85A79012A06D8DA680449A3
:10C39000643A8A4201D89868EAE70020704700BFF3
:10C3A0003C8601000040420FF8B5044620B94FF426
:10C3B000DC716A2000F080FA90F82C50072900F216
:10C3C000FF80DFE801F004B65D5D8D97A1A890F8CD
:10C3D0002A30033B012B02D940F2C311E9E70523C0
:10C3E00080F82A30002380F82D3003789BB323781F
:10C3F000012B3DD1FEF7D2FC94F82860636863629C
:10C40000C4E90601BEBB734B0122DA60C3F8406584
:10C41000C3F84061C3F84465C3F84461C3F8486594
:10C42000C3F84861C3F84C65C3F84C616A4B4FF4DC
:10C430008072C3F880213146204604F018F8236A40
:10C440003146284698470146204600F0F1F8022878
:10C4500040F0B980F8BDFEF7EFF906460F46FEF74B
:10C460009DFC1F3647F1000786428F41F3D3BEE79C
:10C47000D4E90401C0E72046BDE8F84000F0AEB8BA
:10C4800090F82A30DA1E012A02D940F2FB1190E717
:10C4900090F828202AB121462846BDE8F84003F04C
:10C4A000CCBF042B14BF01230223022980F82A30B9
:10C4B000036A0AD10521284698470028CAD0037884
:10C4C000002BC7D04FF4047173E706212846984724
:10C4D0000028BFD00378002BBCD040F2152168E7BC
:10C4E00090F82A30052B02D04FF4077161E7036AF8
:10C4F0000221A6E790F82A30052B02D040F2222133
:10C5000057E7036A01219CE790F82A30052BB2D047
:10C510004FF40A714DE790F82A30052B02D040F213
:10C520002D2146E7036A0A21284698474FF40C71EB
:10C530003FE790F82A30052B07D090F829200AB160
:10C54000032B02D04FF40D7133E794F82820002A12
:10C55000A1D194F82D3093B1022384F82A3084F8C5
:10C560002D20236A08212846984700283FF472AFFF
:10C570000378002B3FF46EAF4FF4107119E794F875
:10C58000292062B194F82B0084F829302146FEF767
:10C5900019FA00287FF45EAF40F2452109E7022333
:10C5A00084F82A300721236A2846984700283FF458
:10C5B00051AF0378002B3FF44DAF4FF41371F8E601
:10C5C00040F25121F5E60128236A0CBF0421032122
:10C5D00037E700BF0080004000E100E070B504468E
:10C5E000FEF72AF9D4E90632656A503342F10002B7
:10C5F0005B1942F1000205F5DF6540F2F966B5FB13
:10C60000F6F55B1942F1000283428A4103D2072109
:10C610002046FFF7C9FE054C236813B19847002355
:10C620002360BDE87040FEF70BB900BF381600204C
:10C6300070B504460D4639B9012380F82D30FFF757
:10C64000CDFF0226304670BD0E78032E6AD801A3B6
:10C6500053F826F043C6000065C60000C7C60000B8
:10C6600083C600004868C72801D80026EAE70421ED
:10C67000FEF7B2FA0028F8D16968204603F0F7FE09
:10C68000E0E790F82860F6B94D682846FFF760FEAD
:10C69000002847D02B78C3B9012222702B79003BA8
:10C6A00018BF012363726B79002B14BF042302238C
:10C6B0002372AB686F336360EB682361032384F8F4
:10C6C0002A3084F829202046B9E794F82A30052B2F
:10C6D00004D04FF4CF716A2000F0EEF826702B7969
:10C6E00094F82B00003B18BF012363726B79002B79
:10C6F00014BF042302232372EB68A9686F336360BD
:10C70000D4E906325B1842EBE172C4E90432042337
:10C7100084F82A302146FEF755F90028D3D14FF48A
:10C72000D071D8E7012384F82D30CCE72DE9F84308
:10C730008846074688B300F035F84FF000090546F3
:10C740005FFA89F6B54203D86FF00B00BDE8F883B5
:10C75000304600F02DF890F82A4009F10109002C2C
:10C76000EED1304600F024F80546048580F82A40D2
:10C7700080F82C6001460A48FEF78AF8202885F8E0
:10C780002B0002D16FF02200E0E701232F6285F831
:10C790002A30204688F80060D8E76FF01500D5E70A
:10C7A000A9C30000014B1879704700BF3C16002058
:10C7B000044B1A79824283BF1B68302202FB00308F
:10C7C000002070473C1600200A4610F0030110B507
:10C7D0000AD1074C2271206008B9002010BD302317
:10C7E0005A4300F059FBF8E76FF00D00F6E700BF81
:10C7F0003C160020BFF34F8F0549064BCA6802F470
:10C80000E0621343CB60BFF34F8F00BFFDE700BF73
:10C8100000ED00E00400FA05094B01225A604FF0D8
:10C82000FF32C3F80823074B4FF48042C3F880203F
:10C83000BFF34F8FBFF36F8FC3F88021704700BFE6
:10C8400000E0004000E100E0094B01225A604FF097
:10C85000FF32C3F80823074B4FF48052C3F88020FF
:10C86000BFF34F8FBFF36F8FC3F88021704700BFB6
:10C8700000C0004000E100E0084B0022C3F8FC2F9C
:10C880000122C3F8FC2F064B0222C3F88020BFF31D
:10C890004F8FBFF36F8FC3F88021704700100040A7
:10C8A00000E100E008B572B6024B5B6803B198473F
:10C8B000FFF7A0FF441600201FB572B6134B5D684A
:10C8C00095B9FFF797FF2346B2FBF6F25C1C002AEE
:10C8D000F9D104AEDCB256FA83F303F80C2C0A2229
:10C8E00034B901A8A847ECE7024600230A26EDE781
:10C8F000631E04AEDCB256FA83F3B0FBF2F602FB21
:10C900001600303003F80C0C3046E9E744160020DE
:10C91000F8B51F4E337805460C461746A3BB00F00A
:10C92000CBF9FEF7F3FF77603472FFF7A5FFFFF74F
:10C930008BFFFFF771FF174B002D14BF28461846D9
:10C94000FFF7C8FB0546E8B9FDF76AFFFFF7B4FB40
:10C9500003F0A4FDFCF738FC18B9BE211120FFF745
:10C96000ABFF002C0CDB04F01F026409A40004F1EF
:10C97000604404F5614401239340C4F8803123608E
:10C98000012333702846F8BD4FF0FF35FAE700BFAA
:10C9900044160020F0CC0200074B93F90830002B1E
:10C9A00009DB5A09012103F01F03994002F14003FA
:10C9B000024A42F8231070474416002000E100E0CC
:10C9C000014B1878704700BF441600202DE9F0474E
:10C9D000DFF8CC90334C344D344F82B00246012600
:10C9E00099F800805FFA88F8FF2389F80030B8F1E1
:10C9F000000F01D089F80130EFF3108172B60023E7
:10CA00006660C4F80031C4F80431C4F80425266017
:10CA100039B962B605E0D4F8043133B92B69DB06C5
:10CA200021D4D4F80031002BF5D0D4F80431002BF8
:10CA3000E2D1B8F1000F13D199F80130DBB289F8D7
:10CA4000018003204FF48041C4F80803C4F8048136
:10CA5000C4F80081C7F8801189F80080002BBFD18D
:10CA600002B0BDE8F0874FF48043C7F88031EFF3A0
:10CA7000108A72B60323C4F80433D4F8003113B912
:10CA8000D4F804311BB1BAF1000FCAD1C1E7019249
:10CA900003F00AFE019ABAF1000FC2D1B9E700BF54
:10CAA0005016002000E0004000ED00E000E100E052
:10CAB00070B51446DA078CB01D4686468C4633D5D1
:10CAC000C36842681BBA0093CB681BBA049383689F
:10CAD0001BBA019303681BBA03938B6812BA1BBA83
:10CAE000029205934A680B6812BA1BBA6E46069208
:10CAF00007933046FFF76AFFAB070DD5DDE90A1053
:10CB0000DDE9083200BA09BA12BA1BBA20606160C6
:10CB1000A260E3600CB070BD08AD0FCD2060616015
:10CB2000A260E3600CB070BDDEF80410DEF80820EF
:10CB3000DEF80C300068EE46AEE80F00DCF80000CE
:10CB4000DCF80410DCF80820DCF80C306E46AEE8A7
:10CB50000F00CEE710B5002482B0CDE90044FFF706
:10CB6000A7FF02B010BD00BF1A4B4FF4805270B542
:10CB7000C3F88020BFF34F8FBFF36F8F164C174D54
:10CB80000021C4F80011C3F880212E692B6943F0FD
:10CB900010032B610123C4F8043306F01006236050
:10CBA000D4F800319BB11EB92B6923F010032B611F
:10CBB0000123D4F808056360C4F808330023C4F8DF
:10CBC0000031044B4FF48052C3F8802170BD03F054
:10CBD0006BFDE5E700E100E000C0004000ED00E093
:10CBE0000B4938B5042301EBC302157905F0FF04A6
:10CBF0002DB1013BF7D240216920FFF75DFE41F8DE
:10CC000033000121547194711171D8B238BD00BF45
:10CC100054160020042808B503D947216920FFF7DE
:10CC20004BFE034B03EBC00300221A7108BD00BF8B
:10CC300054160020042808B503D950216920FFF7B5
:10CC40003BFE094B03EBC0000379012B01D05121BE
:10CC5000F4E7437982790133DBB29A4218BF43711A
:10CC6000BDE80840FFF798BE5416002038B5114DB6
:10CC7000052495F8281005EBC1031A79012A09D17A
:10CC800058799A79904205D05A79D2B29A7155F86A
:10CC90003130984795F828300133DBB2052B04F189
:10CCA000FF3428BF002314F0FF0485F82830E0D1BA
:10CCB00038BD00BF541600204FF08052034BD2F80D
:10CCC00030111960D2F834215A6070478016002064
:10CCD000084B1B68083B082B0AD840F2211222FAA5
:10CCE00003F313F0010F044B044818BF18467047B4
:10CCF000024870478016002000E701400C05004004
:10CD0000144B1B68062B03D0013301D020BF7047A2
:10CD1000EFF3108072B6104A1369116941F01001E7
:10CD200011610E49D1F80021D1F804110A4303F032
:10CD3000100300D040BF20BF00BF00BF00BF00BF36
:10CD400023B9054A136923F01003136100B962B6D1
:10CD5000704700BF8016002000ED00E000E100E019
:10CD6000914270B53FD2B2FA82F33BB1C3F12004D5
:10CD700020FA04F49940214398409A40150CB1FBE5
:10CD8000F5FC05FB1C1E4FEA0E4E030C84B20EEBA5
:10CD900010401FFA82FE0CFB0EF6864206D9361AA8
:10CDA000964294BF01260226ACEB060C03EB01432E
:10CDB0000CFB1233B3FBF5F005FB103304EB03441B
:10CDC00000FB0EFEA6454FEA0C4C09D9AEEB040E53
:10CDD000964594BF4FF0010E4FF0020EA0EB0E00EF
:10CDE00040EA0C0070BD73219620FFF765FD00BF7F
:10CDF0002DE9F8431C4652EA040349D0074615467C
:10CE00000E4684B9914204D2FFF7AAFF2146BDE83D
:10CE1000F88321463046FFF7A3FF04462A463846EA
:10CE200004FB1561F0E74FF00108B4FA84F908FA41
:10CE300009F3A3FB021220FA08F003FB042240EAE4
:10CE4000C67026FA08F1FFF78BFFC9F11F0230FA0E
:10CE500002F34FF0000C08D140461946AF42A641FC
:10CE60003CBF18466146BDE8F8835A1E61466CEB2C
:10CE70000C0C05FB0CFE02FB04EE18461346A5FB4A
:10CE80000228BA1A0EEB080766EB07061746E5E715
:10CE9000A6219620FFF710FD10F0030FC9B203463C
:10CEA00007D0BAB303F8011B13F0030F02F1FF32EE
:10CEB000F7D170B5032A01EB012404EB04441ED919
:10CEC000161FB508032E05F1010521D94FEA550EAD
:10CED00003EBCE0E9C46CCE900440CF1080CF44563
:10CEE000F9D115F0010F04D025F0010503EB8505FC
:10CEF0002C6026F003060433334402F0030232B1FF
:10CF0000012A197003D0022A597018BF997070BD98
:10CF10001D46EDE7704700BF844641EA000313F069
:10CF200003037DD1403A51D3F0B4F0C9F0C0F0C949
:10CF3000F0C0F0C9F0C0F0C9F0C0403AF5D2F0BC82
:10CF400044E0403A42D300BF51F8043B40F8043B70
:10CF500051F8043B40F8043B51F8043B40F8043BD3
:10CF600051F8043B40F8043B51F8043B40F8043BC3
:10CF700051F8043B40F8043B51F8043B40F8043BB3
:10CF800051F8043B40F8043B51F8043B40F8043BA3
:10CF900051F8043B40F8043B51F8043B40F8043B93
:10CFA00051F8043B40F8043B51F8043B40F8043B83
:10CFB00051F8043B40F8043B51F8043B40F8043B73
:10CFC00051F8043B40F8043B403ABDD2303211D313
:10CFD00051F8043B40F8043B51F8043B40F8043B53
:10CFE00051F8043B40F8043B51F8043B40F8043B43
:10CFF000103AEDD20C3205D351F8043B40F8043B13
:10D00000043AF9D2043208D0D2071CBF11F8013B10
:10D0100000F8013B01D30B8803806046704700BFD6
:10D02000082A14D38B078CD010F0030389D0C3F1E6
:10D030000403D21ADB071CBF11F8013B00F8013BC7
:10D04000FFF47FAF31F8023B20F8023B79E7043A66
:10D05000D8D3013A11F8013B00F8013BF9D20B7823
:10D0600003704B7843708B7883706046704700BFC5
:10D0700053B94AB9002908BF00281CBF4FF0FF313F
:10D080004FF0FF3000F00CB8ADF1080C6DE904CEA4
:10D0900003F038FBDDF804E0DDE9022304B070475B
:10D0A000704700BFF6F75EBE01F025BB01F026BB5E
:10D0B00001F01EBB1FB5014601A800F006F801A84B
:10D0C00001F006FF05B05DF804FB0B88C3F30B030A
:10D0D00083804B88C380002343724B78C3F30113D2
:10D0E000012B03D09A1E534253415B00043103725B
:10D0F0000160704710B58B880370437803F0F0032C
:10D1000043708A88C2F3032213434370CA88827033
:10D11000CA8803F0CF03120A4370C2700A7A120160
:10D1200002F03002134303F03F0343704A7A43EAAC
:10D13000821343700C4609680430814205D0E288AE
:10D14000FB2A28BFFB22FFF7E7FEE0880430C0B2CD
:10D1500010BD70B50B78192B05460C4612D8CBB113
:10D16000013B182B16D8DFE803F01A2615999FA566
:10D17000ABB1B5B7C7CD1515152ABBC1D1D7DDE306
:10D18000E9EFF500822B4FF0FF0200F0E980832BDE
:10D1900000F0EA8040F26721C720F4F7FBFE0C2381
:10D1A0000B700823637066780236324621462846A3
:10D1B000FFF7B2FE49E01A230B700123F2E72920A2
:10D1C000F5F7E2F830B13E23237022236370292360
:10D1D000A370E8E70A20F5F7D7F83E2305F1080227
:10D1E00004F108012B7090B30A23AB70E378EB7065
:10D1F000A3882B71A3881B0A6B71A379AB71E379A8
:10D20000EB71A368AB608B889380D4F80E30C5F8BF
:10D210000E30638A6B8263696B61238B2B83638B14
:10D22000AB76638B1B0AEB76A38B2B77A38B1B0A46
:10D230006B77E38BAB77E38B1B0AEB7794F82030AB
:10D2400085F820301F266E700236304670BD0123EF
:10D25000AB70E378EB70A3882B71A3881B0A6B710A
:10D26000A379AB71E37903F00103EB71A368AB60C1
:10D270008B889380638BAB73638B1B0AEB73A38BDD
:10D280002B74A38B1B0A6B74E38BAB74E38B1B0AAD
:10D29000EB7494F820302B751326D4E73E230B70E3
:10D2A00004234B70142393E73E230B700C234B7025
:10D2B00004238DE73E230B700A234B70032387E77B
:10D2C0003E230B700D234B70052381E7052323704C
:10D2D000042367E70823FAE730230B70032361E791
:10D2E0003E230B700B234B70072371E73E230B701B
:10D2F00006234B700C236BE713230B708B789B007A
:10D3000001334FE757230B7002234BE73E230B708B
:10D3100006234B7012235BE73E230B7009234B70EF
:10D32000132355E73E230B7005234B7020234FE753
:10D330003E230B7009234B70212349E7FF230B7019
:10D340000B234B70A22343E7FF230B7005234B7085
:10D35000A3233DE7FF230B700D234B70802337E79A
:10D360000A700D22627033E70A700222FAE708B5EC
:10D3700010B96FF0150008BDFFF79CFE0028F8D02B
:10D380000020F8E710B50C4648B141B1F4F756FF5C
:10D39000002820700CBF6FF02200002010BD6FF03D
:10D3A0001500FBE708B5F4F7CDFF002008BD00F03D
:10D3B00035BE08B5F4F7D8FF002008BD01F011B95B
:10D3C00001F01FB9034602221A709A709B225A710B
:10D3D0006FF070029A716FF05302DA716FF03C02D5
:10D3E0001A721D225A72422200209A726FF0510264
:10D3F0005870D8701871DA72704700F05CBE70B562
:10D40000044602F02FFF012805461AD1601C02F0E5
:10D4100030FFB0B1A37963F03F03A3710020F6F7AA
:10D4200027FFE61D38B1102200213046FFF734FDFA
:10D430002570002070BD304602F02EFF0028F2D08B
:10D44000F6E70025F4E710B5102204460021FFF7A7
:10D4500023FD04F11003102200211846FFF71CFDE4
:10D4600002F033FF0020F6F703FF20B1204602F060
:10D4700013FF002010BD02F0F5FE0028F6D0F8E7FB
:10D4800010B50446FFF770FBB0F5007F09DA10F520
:10D49000007F08DD031EB8BF03339B1023700020FC
:10D4A00010BD7F23FAE76FF07E03F7E70120704796
:10D4B00001F008B90078003818BF012000F002BF61
:10D4C000F6F73CBC8178008801F0C8B801F0E3B8F9
:10D4D00037B505460C4600880DF1060100F0F7FE51
:10D4E0002B882380BDF80630638003B030BDF6F78B
:10D4F0002DBC01F005B900F07FBD00F0D1BD08B52D
:10D50000F4F73AFF002008BDF6F736BA00F00CBF7A
:10D5100000F0E2BDF6F7A2BB00F0AEBD01F000B82E
:10D5200000F0CABF01F011B800F0E3BD00F0DCBEAE
:10D5300000F0ADBD00F06CBD03880B8001F036B883
:10D5400003880B8001F040B800F0FABDF6F768BA26
:10D55000F6F74EBA00F0E5BC00F006BD00F03ABDAB
:10D5600000F046BD00F026BD00F01BBD00F016BE69
:10D5700000F03FBEF6F75EBA00F079BE00F06BBD7A
:10D5800000F01CBE01F0A7B8F6F700BAF6F77EBAB5
:10D59000F8B5941C0C446343B3F5004FA8BF4FF09B
:10D5A000FF330E4610F00301054617469CB203D028
:10D5B000B0211420F4F7EEFCB4F5004F01D9B121ED
:10D5C000F7E714220430FFF767FCEF746C802E80BD
:10D5D000F8BD38B50388C48805898B42C4F30E02B0
:10D5E00003D2D1211420F4F7D5FC84EA0503C3F358
:10D5F0000E030BB9AC4206D102F118030122C1524D
:10D600008274184438BD1846FCE7023101444A438D
:10D61000B2F5004FA8BF4FF0FF3290B21B3020F0A0
:10D620000300B0F5004F34BF00B24FF0FF30704739
:10D6300040881B3020F00300B0F5004F34BF00B22B
:10D640004FF0FF3080B2704738B503888B4203D269
:10D65000F7211420F4F79EFC857C65B1C388C3F3E1
:10D660000E031833C25A8A4207D3C152811DF4F700
:10D67000B3FE00238374284638BD0025FBE703462C
:10D68000F0B59E88DD88B4B2A54200F11800C6F35B
:10D690000E0616D05F89DD7C845B3D44023535443F
:10D6A000E41B28440D88A4B2A54288BF0C80598988
:10D6B000B1FA81F14FEA511188BF25461170DD8121
:10D6C000F0BD00252846FAE7F8B58288C389002610
:10D6D00004460D4692B20E60CBB1C2F30E024189F0
:10D6E000183287180B44825A9BB29342438104D963
:10D6F0004FF4A2711420F4F74DFC04D1011DF4F78E
:10D700006BFE46812F600023E3810120F8BD18469F
:10D71000FCE7838802899BB29A42014602D0083115
:10D72000F4F75ABE70478388C0889BB2C31A584228
:10D7300058417047828873B5C48895B2AC42C2F331
:10D740000E0202F1180212D04189C689835A31446F
:10D7500099420EDB0DF10601ADF80650F4F73CFEE0
:10D76000BDF80600001B18BF012002B070BD0020EC
:10D77000FBE70120F9E770B5C488068984EA060250
:10D78000C2F30E020346C4F30E0518300AB9B442C0
:10D790000FD19C891A880CB1465B921B914207DC21
:10D7A000DA7C2C440232224410440A461A8270BDAC
:10D7B00000221046FAE7F8B5038A002B38D08B42D6
:10D7C00036D3C488858900F11803C4F30E041E19EA
:10D7D00095B91D55757085891E5B0D44ADB23144F8
:10D7E00085811953D2B1811DF4F7F6FD00238381A1
:10D7F000002303820120F8BD1E5BAE4204D04FF42B
:10D80000F6711420F4F7C6FBC57C878A26440235DE
:10D8100035445E195F53857DB570DCE7C27C2544D5
:10D8200002322A4499189B5A83828B788375DFE7EA
:10D830000020E0E78388C2889BB29A4206D04289E2
:10D8400022B9C3F30E031833184470470020704701
:10D85000C37C0233C81870470230704738B58388DC
:10D86000C2889BB29A4209D043893BB9C5893DB968
:10D87000011DF4F7B1FDC581012038BD0020FCE792
:10D880001846FAE7002383810382704703881380D8
:10D89000C388C3F30E03183303440B6080897047B9
:10D8A0000368002223B9C0E90132031D03607047F9
:10D8B00059681B680A44F5E7072970B5034604D880
:10D8C0004FF4EC711520F4F765FB0068C0B14468B3
:10D8D0001A688C42064610D0106860B901F108053C
:10D8E000AC420DD3546850501868651A541800683B
:10D8F0006560505002E01346E9E714681C6030464A
:10D9000070BD0023C1E9003203680B6001607047FD
:10D9100030B590B18478B1FBF4F304FB131300EB42
:10D92000430252898A4201D1D8B230BDC27822B9AD
:10D9300000F10803D0B2844201D8FF20F5E733F8A4
:10D94000025F8D4202F10102F4D1EEE78278038892
:10D9500005324B4303EB42031844704737B50024AC
:10D96000CDE9004405468DF806006846ADF8044050
:10D97000F4F708FFBDF8044008B103B030BD2946F4
:10D980002046F4F7DBFE0028EFD040F215211720E7
:10D99000F4F700FB70B50D4609211E46FFF735FE72
:10D9A0003246044609212846FFF72FFE40EA0403C9
:10D9B0001B0454BF00194FF0FF3070BD01230370EA
:10D9C0007047F8B50C4684F0010464000546114622
:10D9D0001E46E4B2FF23837003191B7D012B06D082
:10D9E000631CDCB250FA83F31B7D012B0AD105EBDB
:10D9F00044073B8B3A8C9819904205DD2C44002358
:10DA00003B8323750020F8BD05EB84043246606833
:10DA10001844FFF781FA3B8B1E443E830023AB7012
:10DA20000120F0E781F00101490010B5C9B2FF23E0
:10DA3000837043181C7D012C07D10C3120F8112074
:10DA400002221A750023837010BD0131CBB250FA47
:10DA500081F10C7D012C05D10C3320F81320022319
:10DA60000B75EFE74FF48C710920F4F793FA30B59A
:10DA70000246837803F0FF00F3B9137D022B19D01F
:10DA8000537D022B15D10346012089B1D5180C33E3
:10DA900000242C7522F81340131803241C7502EB84
:10DAA00080035B680B6000F10C0332F813308B804D
:10DAB000012030BD0123E8E70020FAE730B5034636
:10DAC000827802F0FF00E2B99A7D022A17D0DC7D4D
:10DAD000022C13D1032281B11D190C3400202875AA
:10DAE00023F8140098180324047503EB82000C3209
:10DAF000406833F8123008608B80012030BD032469
:10DB0000E9E70020FAE7037D012B01D1008B704784
:10DB1000437D012B0CBF408B00207047837D012B80
:10DB200001D1808B7047C37D012B0CBFC08B0020BF
:10DB30007047038B23B9408B003818BF0120704712
:10DB400001207047838B23B9C08B003818BF012098
:10DB5000704701207047027D022A01D1008B704777
:10DB6000437D022B01D1408B7047032AF6D0032B53
:10DB7000F9D000207047827D022A01D1808B704746
:10DB8000C37D022B01D1C08B7047032AF6D0032B33
:10DB9000F9D000207047F4F75DBF2DE9F04104464D
:10DBA00008460D4691F8008001F046F907462846E0
:10DBB00001F03EF90646284601F042F908F0030854
:10DBC0006B78E07084F800806770A670A3802046B0
:10DBD000BDE8F081012808B506D0022806D040F241
:10DBE0009D410620F4F7D6F9002008BD0120FCE78E
:10DBF000F4F77CBF10B5044638B1F6F759F924EABA
:10DC00000000B0FA80F0400910BD0120FCE707B524
:10DC10000023CDE9003301238DF806306846F4F780
:10DC2000B1FD08B1002004E0009801F0A8FF002831
:10DC3000F4D003B05DF804FB1FB50022009240F65B
:10DC4000881303A9FBF790FA05B05DF804FB38B51B
:10DC5000054602F016F8F0B1284601F090FF08B929
:10DC6000002038BD284601F05AFE0446284601F03F
:10DC700059FE054688B9002CF2D02088F6F754FAF0
:10DC800020882946F4F75AFD0028E9D041F6EB41F7
:10DC90003920F4F77FF94220E3E70C20E1E72DE992
:10DCA000F8430F46B0F85A60B0F85C50804601F077
:10DCB00070FE0221044600F007FF02218146204643
:10DCC00000F002FF4E4528BF4E46B6B21B2E38BFAD
:10DCD0001B26FB2E28BFFB26854228BF0546ADB27A
:10DCE0001B2D38BF1B25FB2DB8F800303B8028BF0B
:10DCF000FB25B4F5A47F38BF4FF4A47440F6480365
:10DD00009C4228BF1C467E80FD80BC803C81BDE8D3
:10DD1000F8832DE9F04186B0054601A9008800F09E
:10DD20008AFE044600286FD1029A92F84631D91E25
:10DD30004B424B418DF80230936F98064ABF9DF8D5
:10DD40000230234683F001038DF8033092F8D83077
:10DD50009B0603D49DF80330002B5BD0EB881B3B64
:10DD60009BB2E02B58D82989A1F5A4739BB244F249
:10DD70004810834250D86B881B3B9BB2E02B4BD89A
:10DD8000AA88A2F5A4739BB2834245D840F64807FF
:10DD9000B94243D8BA4241D8029E4FF0FF0886F8F4
:10DDA0001B819DF802309BBB03A93046FFF777FF2C
:10DDB0006A88BDF81230BDF81410E888934228BF75
:10DDC0001346A6F82031BDF80E30AA88B94228BF04
:10DDD0003946834228BF0346A6F81C31BDF81030EF
:10DDE0002889BB4228BF3B46834228BF03468A425C
:10DDF000A6F81E31134628BF0B46A6F8223186F836
:10DE00001A81002386F81B31204606B0BDE8F08158
:10DE10003A24F6E71A24F7E71224F5E71124F3E78A
:10DE200010B5FFF7F4FE60B1F5F784FC044602F08C
:10DE300000F840B9204601F0F8FF80F00100C0B2C0
:10DE400010BD0120FCE70020FAE72DE9F04385B082
:10DE500006468846008802A900F0EDFD054640BB55
:10DE6000039C94F8593103F0FF051BB1B8F102058A
:10DE700018BF012594F88730222B94F8D93043EA53
:10DE8000D3030CBF85F001094FF00009DB0702D472
:10DE9000B9F1000F3BD0B77817B9F6F709F8074684
:10DEA000F078B0BBF6F704F83FB9B9F1000F29D10B
:10DEB0000925284605B0BDE8F0830028F5D0FF23EA
:10DEC00084F825310DBB94F8243103F0FF05E3B944
:10DED00084F8270184F8248184F82671B3788DF8BA
:10DEE0000430F3788DF805303379727901A943EA6B
:10DEF00002232046ADF8063000F008FE002384F827
:10DF00002531D6E700200746D9E73A25F6E71A2556
:10DF1000CFE7002FD3D1C8E708B5F5F7A5FF00205C
:10DF200008BD10B50378012B044601D9122010BD9D
:10DF3000FFF76DFE58B9207810F0FD000DD104F107
:10DF40001703E21D611CBDE81040F6F707BBF6F7AA
:10DF500097FB0028EFD00C20E9E7A37903F0C0037A
:10DF6000C02BE3D10120EAE710B50378012B04466A
:10DF70000DD8FFF74CFE60B9214611F8010B00F0F7
:10DF8000FD00003818BF012000F032FD38B9122022
:10DF900010BDF6F775FB0028EED00C20F8E7002046
:10DFA000F6E708B50088F6F771FB00280CBF3020B3
:10DFB000002008BD38B50546FFF729FE044638B9EC
:10DFC0002878003818BF0120F6F754FB204638BDEA
:10DFD0000C20FCE708B5FFF71AFE18B9F6F73AFB74
:10DFE000002008BDF6F74CFB0028F7D00C20F8E71E
:10DFF0000823037000207047102202704FF48153F1
:10E00000C2705922A0F801308280C380002070477E
:10E0100008B50821F4F704F9002008BD73B50646D9
:10E020000D460088694600F006FD044688B9B378BD
:10E030005BB9019B93F97000A87033882B80F6F7C9
:10E04000B5FCA870204602B070BD7F20FFF7F4FD3C
:10E05000F2E70224F6E710B504466FF07F00FFF701
:10E06000EBFDF6F7A3FC20707F20FFF7E5FDF6F748
:10E070009DFC6070002010BD10B50446F5F75AFBFA
:10E0800001F0D0FEF6F792FC2070002010BD08B51C
:10E090000A46072300F11001FEF75CFD002008BDD1
:10E0A00010B5014604460020F6F7C8F808B920600C
:10E0B000A080002010BD10B50446F5F7CFFE28B9AA
:10E0C00000202146F6F7A2F8002010BDFFF7A8FEB9
:10E0D0000028F5D10C20F8E710B50446FFF7A0FEA4
:10E0E00028B101202146F6F791F8002010BD0C2040
:10E0F000FCE7F7B50C4605466946008800F09BFC36
:10E10000A21C034690B9019901F18F0781F8C33031
:10E1100038681060387910712888208091F8C360C1
:10E1200006F0FF00002EF1D103B0F0BD0023C4F8CB
:10E1300002300220137123706370F5E7FFF7E9BD29
:10E140001FB5838844F29022934217D840F64802C4
:10E15000934228BF13460288ADF804204088ADF8EA
:10E160000600ADF80A000A8001A8ADF80830ADF845
:10E170000C30FFF7CEFD05B05DF804FB1220FAE786
:10E1800037B50D46694600F056FC044618B90198AB
:10E190002946FFF784FD204603B030BD10B5034685
:10E1A0006FF004040020482108221C7058709970F8
:10E1B000DA701C7158719971DA7110BD10B504468E
:10E1C000FFF725FD78B92146E27911F8010B00F03F
:10E1D000FD00003818BF0120F6F71CFB80F001009D
:10E1E0004000C0B210BDF6F74BFA0028EBD00C206F
:10E1F000F8E737B505460C460088694600F01BFC79
:10E20000D8B9019B83F86A0093F86820012A06D0E8
:10E21000022A04D04FF461710620F3F7BBFEA2700E
:10E2200093F86920012A01D0022AF3D1E27093F811
:10E230006A20002AE6D12B88238003B030BD10B5B8
:10E240008388022B044610D8C078FFF7D3FC08B9A6
:10E25000112010BDA078FFF7CDFC0028F8D0204693
:10E260000121BDE81040FFF7F0BD1220F1E737B5FE
:10E270008378C178027903F0010451EA040503F0C0
:10E2800002031DD052EA03051AD0002C18BF00214A
:10E29000002B18BF00228DF80320037842788DF8F8
:10E2A000021043EA0223ADF80030437982796846D0
:10E2B00043EA0223ADF80430FFF7C1FF03B030BDDD
:10E2C0001120FBE708B5F4F7B7FE002008BD13B531
:10E2D0000C46694600F0AFFB20B9019BB3F88030D3
:10E2E0000133238002B010BD07B50088694600F0F5
:10E2F000A2FB38B99DF80020019B012A05D093F8B4
:10E300002B216AB103B05DF804FB93F8DC21D2B293
:10E3100093F8A81011B912F0FB0FF0D10220F1E729
:10E32000FF2283F82B21EDE710B50446F5F7BAFD7F
:10E3300020606160002010BD2DE9F341054647785B
:10E3400000780121F4F7E4F9044600285ED001F0DA
:10E3500059FDEE78864228BF0646042FB6B22FD16B
:10E36000002E39D1204601F072FD6B78032B37D196
:10E3700007F0FD08B8F1010F44D1204601F067FD18
:10E3800000283CD1012F08BF4FF00208216B424604
:10E390006846F4F7F7FA6A68206B33460121FFF705
:10E3A00010FB002834D06B78023B012B2CD8206B5B
:10E3B000FFF7A9FB01210246206BFFF733FB23E0A7
:10E3C000206BFFF7A0FB304480B21F2804D8FB1E4F
:10E3D000012BC7D9002EC5D1122002B0BDE8F081B3
:10E3E0000028F9D1042BC3D1204601F0C8FB002836
:10E3F000F2D0206BFFF79DFB0028B9D1ECE74FF07E
:10E400000008C3E7042FC6D10020E6E74220E4E776
:10E410000720E2E72DE9F3410746457890F80380AD
:10E4200000780121F4F774F9044600283CD001F08B
:10E4300000FD0028206B08BF4FF00008FFF76EFBBF
:10E4400000EB0806B6B21F2E30D8042D2ED0032DB7
:10E450000CD1204601F0FBFC20BB012D14BF05228E
:10E460000622216B6846F4F78DFA08E0B8F1000F38
:10E470001CD0204601F083FBD0B9012DE9D07A6889
:10E48000206B43460021FFF79CFA98B1023D012D15
:10E4900004D8206B32460021FFF7C4FA002002B0F6
:10E4A000BDE8F0810422DCE74220F8E71220F6E71D
:10E4B0000C20F4E70720F2E713B50446F5F73AF924
:10E4C0004FF44073ADF8003000238DF802306846F9
:10E4D00014F8013B8DF803300194FFF79BFF02B065
:10E4E00010BD38B5012105460078F4F711F904464E
:10E4F000A0B101F044FB28B92046691C01F0D4FB0F
:10E50000002038BD204601F094FC08B10C20F8E74B
:10E51000204601F08AFC0028EED0F7E74220F0E721
:10E5200013B50446F5F706F914F8013B8DF80330EE
:10E530004FF44073ADF80030684600238DF8023088
:10E540000194FFF7F9FE02B010BD73B50546F5F76B
:10E55000F1F82B78044663B100230DF1010101208D
:10E560008DF80030F5F76AFE18B16846FFF7B9FF7D
:10E5700088B9002620468DF8006001F05EFC2B78FB
:10E580008DF80360C001012BADF8010005D169468B
:10E590002046F5F76FF902B070BD2BB9204602B0E6
:10E5A000BDE87040FFF753BB1220F4E710B500211F
:10E5B00004460088F4F7ACF820B1A11CBDE8104077
:10E5C00001F007BE022010BD08B500880021F4F755
:10E5D0009FF820B1BDE80840002101F0FABD0220FB
:10E5E00008BD37B505460C460088694600F023FA99
:10E5F00028B92B882380019BB3F8B430638003B023
:10E6000030BD37B503880B80044698B2638813B9D0
:10E61000122003B030BD694600F00DFA0028F8D191
:10E620006588019B42F21072A9B29C695143DA8D50
:10E6300062431C8C04FB02229142E9D39A699C69D3
:10E640009442FBD10022C3F8AC20621E0A44A3F816
:10E65000B450B2FBF4F2C3F8B020DAE710B50C46C0
:10E660000021F4F755F890B1022C12D804F0010201
:10E67000C4F3400480F8AD2180F8AC4112B190F8A9
:10E68000AA310BB9002010BD01F093F9FAE702207E
:10E69000F9E71220F7E710B504460078FF280AD002
:10E6A0000121F4F735F858B16378A27843EA0223E0
:10E6B000C384002010BDB4F80100F7F77DFEF8E731
:10E6C0004220F7E708B50078003818BF0120F7F7B7
:10E6D0003FFD002008BD10B50446F5F72BF8617822
:10E6E000C1F3400201F0010101F0C7FB002010BDA1
:10E6F0000620F5F7CBBB0820F5F7C8BB01F093BDAA
:10E700001220704710B5044604B910BD236898471D
:10E710006468F9E703680BB9016070471A465B68E3
:10E7200013B18A42FAD170478A4218BF51607047CC
:10E7300008B50020FFF712F9F4F7AEF8F5F7E8FC9A
:10E74000F4F72EFB20B140F221119320F3F722FCC5
:10E7500008BD08B5F7F7A4FCF8F710FA20B140F2AD
:10E7600041119320F3F716FCBDE808400120FFF7A4
:10E77000F5B808B5FFF7EDFF01F013FD20B14FF438
:10E78000AB719320F3F706FC08BDFDF781BC0B4687
:10E79000122203F8032BD0F80920C1F80320427B92
:10E7A0001A71704737B504460D46F6F7BDF918B330
:10E7B0006FF4A873E01802210388ADF8003034F834
:10E7C000ED3CADF80230684634F8EB3CADF804306F
:10E7D000FFF73BFB18B14221AE20F3F7DBFBADF8AE
:10E7E00000009DF80030002063F307009DF8013021
:10E7F00063F30F2003B030BD18232B70D4F8093019
:10E80000C5F803300423ADF80030EAE708B54368E3
:10E8100093F886201AB18521AE20F3F7BBFB2022A6
:10E8200083F8862008BD034610F0010007D19A073F
:10E8300004D4C3F380039B00D8B270470220704712
:10E840002DE9F84F0746104692461D46FFF7EBFFAD
:10E8500083460846FFF7E7FF4BEA0006F6B2003EA4
:10E860000A9C8846814618BF0126F5F721FB10EA6D
:10E870000A0A18BFDA46F5F71BFB97F8683010EA6A
:10E88000080118BF4946534508BF4FF0000A84F8F5
:10E8900000A097F869308B4208BF002161705AEAE6
:10E8A00001010BD1B7F88030013DED1AADB247F64A
:10E8B000FD739D428CBF002606F001063046BDE880
:10E8C000F88F70B5446894F88750A5F12003062BA3
:10E8D00006464DD92E2D4BD0002D47D194F88630C9
:10E8E000252B45D00B7913F0070335D04A7912F068
:10E8F000070231D084F8612084F8603094F8253123
:10E9000013BB94F82431012B1ED094F8693094F88D
:10E910006020D91E012998BF04239A4222D194F87D
:10E920006830DA1E012A94F8612098BF04239A42C5
:10E9300018D10223B4F8642084F82431B4F8663086
:10E94000A4F82621A4F82831222384F88730304601
:10E9500000F013FC284670BD3046C978BDE8704011
:10E9600000F03DBC3046F5F7EDFAEDE70125F1E7A3
:10E970002025EFE708B5436893F88720222A05D0C1
:10E9800022B140F2EA31AE20F3F704FB232283F8F0
:10E99000872008BDF5F7BCBB704730B542401C78F6
:10E9A00008785D7860404C786C4020449D788C7885
:10E9B0006C402044DD78CC786C4020441D790C7983
:10E9C0005B7949796C4020444B4018441044B0FABC
:10E9D00080F0400930BD024600200139C9B2FF294C
:10E9E00000D17047535C83F001030344D8B2F4E7CD
:10E9F00008B5F5F749FC082807D0F5F767FC0828A3
:10EA000003D0F5F779FC012008BD0020FCE708B52C
:10EA1000F5F73AFC082803D0BDE80840F5F756BCE6
:10EA200008BD08B501F00CFC18B1BDE80840F9F7C5
:10EA30008DBA082008BD10B50C460021F3F768FE1A
:10EA4000606018B101232370002010BD0220FCE794
:10EA500001440023884203D1B3FA83F04009704790
:10EA600010F8012B1343F5E7F8B5D0E90476054615
:10EA70000C46FCF765F820B940F207112920F3F79E
:10EA800089FAECB1D5E90423D21B63EB0603012A12
:10EA900073F100014FF0000114DB6FF001009042B0
:10EAA000994102DA40F21111E8E7631E1344B3FB07
:10EAB000F4F35C43E41946F10006C5E904461C463C
:10EAC0002046F8BD0C46FBE7CB1E012B10D80329CE
:10EAD0000CBF96234FF4167303F5BC730CBF1022C2
:10EAE0004022984210D9C01A90FBF2F080B27047D1
:10EAF000022904D13C2807D980100F38F6E7702886
:10EB000002D9C0100E38F1E70020704738B50D4625
:10EB10000446F5F7CDF92B78002B08BF034684F89F
:10EB200064306B78002B08BF034684F865306B882F
:10EB3000A4F8663038BD012908B5034606D002297D
:10EB40000CD040F289112920F3F724FA40F6C410C2
:10EB500040F2E242002B08BF104608BD40F6C41048
:10EB6000FBE707B5002301A80193FAF7CDFA019856
:10EB700010F0030018BF012003B05DF804FBC2B21F
:10EB800092FAA2F2030A93FAA3F31B0E100E40EAC4
:10EB90000320704770B50131C9B20530002210F86A
:10EBA000013F8B4216D310F8054C0023012505FACE
:10EBB00003F626421CBF01F1FF31C9B269B101332E
:10EBC000082BF4D10132D2B2052AE8D1992146208E
:10EBD000F3F7E0F9C91AC9B2F4E703EBC200C0B217
:10EBE00070BD0B6870B5C0F801300B7903F01F03DE
:10EBF000437100230446C3720546461D15F8010FF4
:10EC000000F0A1FA6871E37AB5421844E072F5D1D8
:10EC100070BD70B581EA11418CB20546C17A0326F8
:10EC200082EA0400FFF7ABFF013E00EB0010221860
:10EC300016F0FF0690B2F5D144402522B4FBF2F362
:10EC400002FB1343C3F3C4022A44D8B2567803F03C
:10EC50000703012202FA03F31E4207D1614328464B
:10EC6000C1F30741BDE87040FFF794BF70BDF8B530
:10EC700090F821506B1E242B044654D80AB900206A
:10EC8000F8BD807D18B1012844D01F20F8E794F822
:10EC9000233094F8221002FB01322523B2FBF3F15A
:10ECA00003FB1123DBB204EBD30284F82330D17DC4
:10ECB00003F007060122B240114202D084F824304A
:10ECC000DDE7B3FBF5F205FB1233013303F0FF037D
:10ECD00004F11B0111F8012F934218D811F8055CBB
:10ECE0000022012606FA02F72F4208D0013B13F05A
:10ECF000FF0304D102EBC00284F82420BFE70132F5
:10ED0000082AEFD10130C0B20528E3D1BDE79B1A34
:10ED1000DBB2F7E72289C96904F11600FFF779FF32
:10ED200084F82400ABE71220AAE70378890123F0D6
:10ED3000400301F040010B4303707047037803F078
:10ED40007F0343EAC113037070471F2A38B5054695
:10ED5000144603D9B7212A20F3F71CF909300634E9
:10ED6000FEF7DAF86C7038BD1F2A38B50546144630
:10ED700003D9D9212A20F3F70DF909300634FEF71B
:10ED8000CBF86C7038BD037803F00F03032B0246F9
:10ED90003ED0052B42D1C37F90F82000034392F868
:10EDA0002100034392F82200034392F8230000F06D
:10EDB0001F00184333D05378222B2FD1B2F81930CB
:10EDC000B1B1B3F5506F13D940F607518B4225D836
:10EDD000B2F81B30B3F5FA7F20D2B2F81D000A3822
:10EDE00080B240F6764398428CBF002001207047E5
:10EDF000991F89B240F67A4081420FD8917D481E12
:10EE000007280BD8994209D2B2F817109942DEE7C9
:10EE10004078A0F10C0358425841704700207047D9
:10EE2000037801F0030123F003030B4303707047E1
:10EE30000078C0F3800070470078C0F3C0007047CE
:10EE40000078C0F3001070471B2A08B504D940F2BF
:10EE500044412A20F3F79EF84270BDE80840033091
:10EE6000FEF75AB8B0F80730B1B1B3F5506F13D907
:10EE700040F6075293421FD8B0F80930B3F5FA7F35
:10EE80001AD2B0F80B000A3880B240F676439842A6
:10EE90008CBF0020012070479A1F92B240F67A4141
:10EEA0008A4209D80279511E072905D89A4203D20D
:10EEB000B0F805209A42DEE700207047406890F8DD
:10EEC000AA3123B1002380F8AA3100F072BD704747
:10EED00008B5017A19B101290AD0002008BD0368DC
:10EEE000C28802218088F5F7D5FD20B10120F5E721
:10EEF0000368C288F6E7F5F7BBFFF7E702230B705C
:10EF000001238B707047F5F737BF10B521B94FF467
:10EF100010711020F3F73EF84A600B72EFF3108483
:10EF200072B6031D0B6042681AB1127A012A08BF3B
:10EF3000036003681960016004B962B6BDE810405F
:10EF4000F5F764BF0222F5F781BF0322F5F77EBF14
:10EF50000422F5F77BBF0222F5F7BCBF11230B702B
:10EF60006FF49A7318440388A1F80330838FA1F8D3
:10EF70000530B0F84030A1F80730C38FA1F8093050
:10EF8000B0F84230A1F80B307047012908B503D121
:10EF90000E30C00080B208BD022902D10F308000BF
:10EFA000F8E74FF42E710620F2F7F4FF30B587B082
:10EFB00004460D46F5F7C0FD90B3A4F59F7469466D
:10EFC00024882046FFF7DCF820B14FF484712C2010
:10EFD000F2F7E0FFBDF80630ADF80E30BDF80830AE
:10EFE000ADF81030BDF80230ADF8123003A8BDF80E
:10EFF0000430ADF80C40ADF81430FFF79FF810B1B5
:10F0000040F21111E3E7ADF80C009DF80C30002040
:10F0100063F307009DF80D3063F30F2007B030BD98
:10F020002B46172203F8032BD4F80920C5F8032038
:10F03000D4F80D205A60B4F811201A810423ADF8D9
:10F040000C30E2E740687047C08A704710B58A8884
:10F050000B89CC884988A0F85010A0F85440A0F83B
:10F060005220A0F8563010BD8383BDF800300183D4
:10F070004283C383704738B5C58B438C04469D4299
:10F08000007A28BF1D46FFF780FF6389AB4228BF87
:10F090002B46984238BF184680B238BD2DE9F04162
:10F0A00006460F468089194698461446FFF76DFFBD
:10F0B000414605463046FFF7DEFF854228BF05463C
:10F0C0009DF81810B08AFFF760FFF38A834228BFCB
:10F0D0000346ADB2A01D15FA83F338441844BDE8C9
:10F0E000F08107B590F86930009390F868300022FD
:10F0F00096213030FFF7D2FF03B05DF804FB38B53E
:10F100000D4619461446FFF7ECFF96342044A842FA
:10F1100094BF281A002038BD38B50D461146044664
:10F12000FFF7DFFF2844606338BD8369006B9842B6
:10F1300028BF184601F19C0383423DBF401A9C380A
:10F1400040080020704700F05503400800F05500CB
:10F15000034403F033009B0803F03303034403F03C
:10F160000F0000EB131070474368002283F88620DD
:10F1700083F8C220A3F8BE20704743680022A3F89A
:10F18000C42093F8C620013283F8C620704708B522
:10F19000426892F8C630013B5BB2002B82F8C63061
:10F1A00003DA52214A20F2F7F5FE08BD436883F8DE
:10F1B0000B1183F80A217047A0F10A03042B0CD924
:10F1C000A0F14303012B08D9A0F120032E2818BF7A
:10F1D000062B94BF01200020704701207047426831
:10F1E000936F10B513F0080408D143F00803936738
:10F1F00082F80811FFF7C1FF204610BD0120FCE78F
:10F2000030F8023CF7B530F8A07C05460E4673B1E5
:10F21000012268468DF80020ADF80170ADF803308A
:10F22000F4F7A2FB18B195216320F2F7B3FE08238F
:10F2300000243370B470A6F803706B7A55F88C0C08
:10F240007371FEF770FA08B9BA21EDE73846F4F7A2
:10F250006BFF21463846F3F771FA4FF4017303F060
:10F260000402204662F307001B0A63F30F2003B079
:10F27000F0BD436893F88820063A012A81BF0A79D5
:10F2800083F88920062283F888200020704742688E
:10F2900092F88830063B012B84BF072382F8883020
:10F2A000704770B5426892F88750F5B9B1F80930E7
:10F2B000B2F88060A2F83C32013B9B1B9BB247F640
:10F2C000FD76B34206D9282382F8A930F6F72EF846
:10F2D000284670BD4B68C2F83E320B7A82F8423243
:10F2E00043680A2283F88720F2E70125F0E70B46FE
:10F2F000062203F8032BD0F80920C1F80320D0F828
:10F300000D205A60427C1A720023CB70704770B592
:10F31000436893F8875006460C46002D42D1294693
:10F320002046FFF79FFD28B9E1783046BDE87040E0
:10F33000FFF755BF7268B4F80D30B2F88010A2F82C
:10F340003C32013B5B1A9BB247F6FD718B4207D9F9
:10F35000282382F8A9303046F5F7E8FF284670BD2B
:10F36000B4F8073040F2E2414B43C2F8443223790B
:10F37000C3EB431003EB800303EB83035B00A2F8B2
:10F380003E32B4F805304B43C2F84032B4F809308D
:10F39000A2F84832B4F80B30A2F84A320D2382F8B2
:10F3A0008730DBE70125D9E708B5436893F8862065
:10F3B0001AB12621A320F2F7EDFD1D2283F8862045
:10F3C00008BD73B5456895F886301D3B022B06468F
:10F3D0000C4623D809891A2919D96389B3F5A47F62
:10F3E00015D3A2881A2A12D9E088B0F5A47F0ED3CB
:10F3F000009005F13000FFF737FE7168284601F2F2
:10F400003511F5F789FD70680621F6F7B5FE002085
:10F4100085F8C20085F8860002B070BD0120FBE7C8
:10F420004268936FD90610B5044603D4B021A320D7
:10F43000F2F7B0FD990601D5B121F8E723F01003EA
:10F440009367FFF7A4FE60680621BDE81040F6F759
:10F4500093BE09230B70D0F80930C1F80230704711
:10F460000B460A2203F8022BB0F809204A80C27A20
:10F470009A70704738B5436893F88740054634B1B1
:10F48000113C0B2C8CBF01240824204638BD93F876
:10F490008C30002BF9D0FFF770FE6B68112283F8D7
:10F4A0008720F2E708B5436893F88720152A04D02F
:10F4B0004FF4BD711F20F2F76DFD012283F8C720C4
:10F4C000162283F8872008BD436893F88720122A04
:10F4D00003BF1322002083F887200220704710B555
:10F4E000436893F88730182B044607D1FFF74FFE87
:10F4F00063681C2283F88720002010BD0220FCE7EF
:10F5000008B5436893F88720112A04D040F2A3116C
:10F510001F20F2F73FFD012283F8C720122283F853
:10F52000872008BD08B5436893F88720162A04D0C1
:10F5300040F2AB111F20F2F72DFD182283F887202F
:10F5400008BD0B46052203F8032BD0F80920C1F8AB
:10F550000320D0F80D205A60B0F811201A81C27C27
:10F560009A72704708B5436893F886201AB1DD2176
:10F570001C20F2F70FFD042283F8862008BD4268A4
:10F5800008B5936FD90703D4EB211C20F2F702FDD5
:10F5900023F001039367BDE80840FFF7F8BD0C2393
:10F5A000A0F596700B7003884B807047436893F802
:10F5B00086200F2A01BF002283F8B62083F8C220DC
:10F5C00083F886200020704738B54568AB6F13F08C
:10F5D000040407D1FFF7D1FDAB6F43F00403AB6721
:10F5E000204638BD0120FCE74268936F23F00403F6
:10F5F0009367FFF7CCBD08B5436893F886201AB12E
:10F6000070214B20F2F7C6FC0F2283F8862008BD3C
:10F6100010B5D0E90D42A24206D30B8CC98D05333B
:10F620004B43121B934202D3012380F83E3010BD9E
:10F6300001230B7000238B7030F8CA3CA1F8033013
:10F64000437A4B714389CB8083890B81704710B516
:10F65000446894F8C9309A070ED494F886301BB1E8
:10F6600074214020F2F796FC012284F8862084F869
:10F67000C220A4F8BE3010BDA36F9B0705D5FFF7CD
:10F6800086FDA36F23F00203A367002384F82A31C9
:10F69000F1E710B50B794C790A68012843EA042197
:10F6A00008BF41F48031104610BD07B5FFF7F1FFE8
:10F6B0000DF10702F6F756F803B05DF804FB08B544
:10F6C000FFF74FFA002814BF1420002008BD10B522
:10F6D000F9F766FC0446FFF7F2FF04F55F43D0300C
:10F6E0004FF47A724133B3FBF2F3184410BD10B5F6
:10F6F000044690F86900FFF7EAFF01220146204620
:10F70000BDE81040FFF708BD7FB5044618B9AA212F
:10F710003020F2F73FFC072900F2D780DFE801F044
:10F7200004C933332ED5C1D390F8F431B0F880201A
:10F73000DBB1B0F8F231934208BFB0F8A4319A1AA5
:10F74000A0F8A621A4F88030D4E982232046C4E999
:10F750008423F8F765FA94F8AB31002B00F09F8012
:10F7600004B0BDE8704000F025BDB0F8F0319B1A40
:10F77000A0F8A631B0F8F0319BB2E3E704B0BDE8E1
:10F780007040F9F7CDBAFBF757F8D4E98423801A13
:10F7900061EB0301012871F1000302DA40F23C61E0
:10F7A000B6E76FF0010383424FF000038B4102DAAA
:10F7B00040F23D61ACE7A3690BB1B0FBF3F394F801
:10F7C0008710B4F8F2210D2932D10132A4F8F221C8
:10F7D000B4F82A32B4F880500133A4F82A32B4F8CD
:10F7E000BA301D44B4F8B830013DED1AADB202AEE6
:10F7F000B4F8F2116B1A180435D4002300961A4697
:10F800002046F6F757F8012849D1B4F8F221B4F8A8
:10F81000A011BDF808301344521A12049BB204D54B
:10F82000EA1A12F4004F18BF0B46A4F8F231DFE7D2
:10F83000B4F880100B449BB2D11A0D044DBF0133B4
:10F84000013293B29BB2A4F8F23194F8F531002B57
:10F85000BED1B4F8A431B4F8F221934204BF01330D
:10F86000A4F8F231B4E794F88A300394002B14BF63
:10F8700008233E2384F8A930304601238DF8083050
:10F88000F5F754FD204600F097FC002384F8DC31A6
:10F8900094F8F701FAF7EAFF202384F8F73104B06F
:10F8A00070BD0120FBF794FA04B0BDE87040FEF78C
:10F8B0009FB990F8DC31042B01D0D02128E7002338
:10F8C00080F8DC31EBE7D62122E7DA2120E713B517
:10F8D000002380F8DC31A0F828321A46009319463C
:10F8E0000446F5F7E7FF20B140F21D213020F2F782
:10F8F00051FB012384F8DC31C4F8D801C4F8D001ED
:10F90000A4F8F201A4F8F00184F8F501B4F880300D
:10F91000A4F82A02013BA4F8803002B010BDD0F850
:10F92000CC00704710B5044690F81031EBB1FF23BE
:10F9300080F81831012100F09DFA94F81031A3B13C
:10F9400094F8C800FBF7D2F894F8C800FBF708FA5F
:10F9500094F8C800FAF78AFF20B940F20921302054
:10F96000F2F718FB002384F81031002010BD08B511
:10F9700090F8182142B990F8D02042B1D0E9353141
:10F98000994202D9F7F76AFA0022104608BD01220F
:10F99000FBE710B50446FFF792FE00F2DB112046AC
:10F9A000FFF7C3FB40F64803984228BF184680B2D1
:10F9B00010BD7FB5044690F8AB3103F0FF05002B76
:10F9C0005AD190F8DC31032B56D1FAF735FFD4E940
:10F9D0008423801A61EB0301012871F100034BDBE2
:10F9E0006FF00103834275EB010104DA40F2E55147
:10F9F0003020F2F7CFFAA269B4F880300AB1B0FB38
:10FA0000F2F2013313449BB2A4F8F031B4F8F021C0
:10FA1000B4F8A4319B1A1BB2002B2DDD94F8F7012A
:10FA2000FBF764F840B3FF2384F8F531B4F8BA303B
:10FA3000B4F880501D44B4F8B830013DED1AADB2B1
:10FA40000DF10E06B4F8F031EB1A1B0414D4B4F81F
:10FA5000F01100960023012289B22046F5F72AFF13
:10FA6000012809D1B4F8F031BDF80E2012FA83F361
:10FA70009BB2A4F8F031E5E704B070BD70B5044660
:10FA800021B1012977D040F6280171E000F009F991
:10FA900094F8113105460E46DBB150EA010318D047
:10FAA000D4E93832D4E94001C01A61EB020133468F
:10FAB0002A46FDF79DF905FB01F300FB0633A5FB84
:10FAC00000021344D4E93821121843EB0103C4E9BE
:10FAD0003823E08C30B1F5F781FAE38CB0FBF3F218
:10FAE00002FB1300D4E93832ED1846EB02062D185C
:10FAF0004FF0000346F100060222C4E93856C4E97B
:10FB0000405684F8F030A4F8F82084F8113194F8C5
:10FB1000183103F0FF01DBB9D4E942026FF0004372
:10FB20009A4208BFB0F1FF3F18D02046D4E94056B2
:10FB300000F0ACF8D4E94232E5305B1B62EB060220
:10FB40001B1A62F10002002A08DA2046F7F786F94C
:10FB5000F8F7CCFFBDE87040FAF772BE94F8C80021
:10FB600004F1F001FAF72EFF0028F1D14FF4EA6119
:10FB70003020F2F70FFA002380F8D030E8E790F851
:10FB80001001003818BF012070470B46142203F8FB
:10FB9000032BD0F80920C1F80320D0F80D205A60BB
:10FBA000704738B50B46102203F8032B0C4600F1C2
:10FBB0000902293052F8041B43F8041B8242F9D190
:10FBC00012781A70A5880123A37100212846F2F744
:10FBD0009FFD70B1E37863B10088F4F7A5FA0021C6
:10FBE0002846F2F7ABFD20B140F22B212D20F2F791
:10FBF000D1F938BD0121F6F7C1BEFFF7FBBF90F880
:10FC00007A300BB10120704790F8B22002F0FF0368
:10FC1000002AF7D190F8A4201846704737B504465B
:10FC20000D464FF490720021FDF736F9FF23237043
:10FC30001323638042F21073E384F2F775FE00220F
:10FC4000014620636846F2F79DFE206B00220121E9
:10FC5000FDF7E8FE216B68460422F2F793FE0022CE
:10FC6000206B1146FDF7DEFE04F12800A57403B0F9
:10FC7000BDE8304000F03AB9FF23086B0B70FDF788
:10FC80009DBE0078FF3818BF0120704710B50446AC
:10FC9000283000F081F961882822F7F711F96D30DA
:10FCA00010BDD0E9020170470B68C0F815308B8891
:10FCB000A0F819300123C37670472DE9F04F0646AE
:10FCC0000C4607460FCE91B006AD0FC50FCE0FC53F
:10FCD00096E803000DF1100885E80300404600F0A7
:10FCE00005F9667894F8149094F80AA094F800B096
:10FCF00006F07F05B9F1010F2E4607D0B9F1020FCA
:10FD000004D040F29A310620F2F744F9617A404675
:10FD100000F0F3F8237D227F022B08BF617D02F102
:10FD2000010206BF0131C9B20121D2B2404600F042
:10FD3000E6F815F0080362D14046019300F02CF973
:10FD400028223146F7F7BCF8E578019B00F2D7226C
:10FD5000207945EA0025607940F2712145EA0045A5
:10FD60004D43B2FBF1F24A43AA420AD9E079A579A0
:10FD700045EA0025207A45EA00454D43954228BFD3
:10FD80001546227E0393531E5A425A41A17C386B7A
:10FD900002910192FDF7DFFE386BFDF7ECFE039B4D
:10FDA000019A0299ADF81A6008958DF828208DF80F
:10FDB0002B108DF82CA08DF818B08DF81C9009939D
:10FDC00006AE0FCE3D460FC50FCE0FC596E8030019
:10FDD00085E8030098E80300B862B985E37A03F088
:10FDE000FD03003B18BF012387F85730E368BB656C
:10FDF000238AA7F85C30002011B0BDE8F08F002501
:10FE00002B46BEE7438813F0040F0CBF1F200020D1
:10FE100070474FF40043C38543881D2B08BF002162
:10FE20004174704790F912007047408800F001005B
:10FE300070478078C0F3400070478078C0F3C000FE
:10FE4000704708B5006BFDF77DFE012008BD01205D
:10FE500070470120704790F8503001624B72D0F823
:10FE60005130C1F80A30B0F85530CB817047704737
:10FE7000F6F7F2BA80F87010704780F8241080F816
:10FE8000252070478278034612F0010002D0D9780D
:10FE9000C90710D5900702D5D97889070AD512F07D
:10FEA000040008D0D878C0F3800080F00100800002
:10FEB000C0B2704702207047C0F34002C0F3800315
:10FEC000134400F0010018447047022808B507D019
:10FED000042807D0012807D039212E20F2F75AF83C
:10FEE000262008BD2720FCE72520FAE70023C0F8DC
:10FEF000023001234370037070478170704710B562
:10FF00004270017080781446FFF7D6FF10FB01F0B5
:10FF100010FB04F2FE2A03DD5C212E20F2F73AF8F2
:10FF200010BD0023C37043710371704710B50446C0
:10FF3000FFF7A8FF637962780133DBB29A426371FD
:10FF40000FD1E378A1780343DBB29942E37008BF95
:10FF500023794FF0000208BF0133627104BFE270E1
:10FF60002371BDE81040FFF7B0BF38B50146807877
:10FF7000FFF7A2FF0446C8784D78FFF79DFF0A7986
:10FF80000B789B1A13FB05F34A7913FB04F39B1AB6
:10FF900000FB1530C0B238BD08B501468078FFF7C8
:10FFA0008BFF4B780A7813FB02F313FB00F0C0B20F
:10FFB00008BD40F2EF20704740F25A335843704773
:10FFC00038B553680E3814460D4693F88620092834
:10FFD0003FD8DFE800F0053E3E3E0F3E173E3E268E
:10FFE000042A05D12046FFF7BFF82046F5F7FCFAB2
:10FFF000002038BD0F2AFBD120460021BDE8384043
:020000040001F9
:10000000FFF7D4BA1D2AF3D12046FFF7ADF8002D33
:10001000EED0626892F8D83023F0200382F8D8300E
:10002000E6E793F88720232AE2D1002583F887505A
:100030002046FFF7ACF8636893F82431012B03D115
:1000400029462046F3F756FF6368002283F82421EF
:10005000CEE740F256213120F1F79CFF08B590F829
:100060000E31FE2B04D040F6CB013120F1F792FF88
:10007000002380F80E1180F80F3112B9A0F8C420C7
:1000800008BDA0F8BE30012380F8C230F8E708B5FB
:10009000436893F88720162A04D040F26251312039
:1000A000F1F778FF1A2283F8872008BD08B5436866
:1000B00093F88720312A06D1002283F88720BDE8F3
:1000C0000840FFF764B8162A03D11A2283F8872064
:1000D00008BD40F277513120F1F75CFF037D63B931
:1000E000C37BA3F11002032A07D990F8500028B16E
:1000F0001C2B8CBF00200120704701207047024656
:100100004068097990F886301D2B14D00BD8042B49
:1001100013D00F2B13D090F88730232B0CBF172050
:10012000FE20F7F7B1B8282B0BD02E2B01D0212BB6
:10013000F1D11620F5E71420F3E70E20F1E71220A5
:10014000EFE72320EDE7024640680B4690F8D81011
:1001500041F0040180F8D81059791879F7F794B86C
:1001600038B50C460546D1E90401F2F781FB94F855
:10017000F70120280FD0FAF7B9FC94F8F701FAF745
:10018000EFFD94F8F701FAF771FB20B940F635114D
:100190003120F1F7FFFE28460221BDE83840F2F792
:1001A000CDBA0020704708B5F4F762FFBDE80840FB
:1001B000F5F722B9F2F724BF0022A0F8862080F8D4
:1001C0008A2090F8AB3113B10221F5F7D5BF032196
:1001D000FBE738B50446084694F8303213B10C25D5
:1001E000284638BD94F88730153B012BF7D894F892
:1001F000543203F0FF05002BF1D191B194F8C631D0
:1002000023B940F6AC213120F1F7C4FE052304F1F7
:10021000F00204F5DB71FCF79DFC012384F8303219
:10022000DEE70223FAE7F4F797BF08B5F8F712FA0A
:10023000F7F7C4FFF7F712FEBDE80840F7F79ABEDC
:1002400008B5C821F7F76AFE022807D1013911F075
:10025000FF01F7D1EB213B20F1F79CFE431E5842F2
:10026000584108BD4FF08053D3F8A00000F00100C2
:1002700070474FF08053D3F8A420D3F8A830511C16
:100280009BB203D14FF6FF718B4203D00260838093
:1002900001207047002070474FF0805330B5D3F8ED
:1002A0009050D3F89440D3F89810D3F89C2005EAE6
:1002B00004030B40134001331FBF0560446081609D
:1002C000C2600CBF0020012030BD4FF0805330B51C
:1002D000D3F88050D3F88440D3F88810D3F88C201A
:1002E00005EA04030B40134001331FBF056044605F
:1002F0008160C2600CBF0020012030BD10B5F8F74E
:10030000EBF90446FAF74AFD201841F1000110BD4F
:1003100010B504460846F8F743FE4FF47A73B0FB75
:10032000F3F0201A10BD10B504460846F8F738FE61
:10033000023C00F2E7334FF47A72B3FBF2F3E01AB7
:1003400010BD08B5FCF7B8FCBDE80840FBF7DEBA05
:10035000801A00F3070038B540B20D4659B2144672
:10036000FBF7C4FA002328706B70204440B238BDFC
:100370000023036070477047002070474FF0FF3044
:1003800070474FF0FF30704770474FF0FF307047B5
:1003900000207047002070470023037070479DF8CD
:1003A00000300022FFF7D4BF4FF0FF30704700202D
:1003B00070474FF0FF3070474FF0FF307047704785
:1003C000C0B208B520B94FF0804301221A6008BDC1
:1003D0005121B520FCF770FA0020FBF7EFBA4FF07F
:1003E0008043D3F8080400F0010070474FF08043C9
:1003F000D3F8140400F0010070474FF08043D3F8A5
:100400001C0400F0030070474FF08042D2F818340B
:10041000D2F81824C3F3004302F00302824214BF4F
:10042000002003F0010070470020FBF741BB0020D3
:10043000FBF76CBB0020FBF7C1BA38B5054691F855
:100440002B000C46FAF712FA18B9F6216A20FCF7CD
:1004500033FA0023238584F82A300921236A2846A9
:10046000984718B103780BB1FA21EFE738BD08B50A
:10047000426A034611441A785962012AA1F15000D8
:1004800006D1FAF787FB40B9DA216A20FCF714FAA3
:10049000FAF780FB08B9DF21F7E708BD70B5FCF774
:1004A00081F9002405462646E0B2854200D870BD99
:1004B000FCF77EF90134068580F82A60F4E7F8B588
:1004C00004460D46FCF76EF900270646F8B2864250
:1004D00004D8082D0CD96FF0150008E0FCF768F976
:1004E00090F82A300137002BF0D04FF0FF30F8BDE4
:1004F0002CB129462046BDE8F840FCF765B92146F5
:100500002046F8E710B50446FCF752F9014688B1D9
:1005100090F828308BB990F82A3073B1013B012B49
:1005200004D82046FFF789FF002010BD012380F882
:100530002830F9E76FF00100F7E76FF02200F4E7E9
:1005400070B50D46FCF734F90446002848D090F801
:100550002A60731E012B49D8002D44D02846FBF792
:10056000F7FE00283FD02B78FBB9012323702B79AD
:10057000003B18BF012363726B79002B14BF042367
:1005800002232372AB686F336360EB68236103233C
:1005900094F82B0084F82A302146FAF713FA40BB6E
:1005A00040F2E2216A20FCF787F9022E1ED10023D7
:1005B00023702B79003B18BF012363726B79002BEA
:1005C00018BF04262672EB68A9686F336360D4E90C
:1005D00006325B1842EBE172C4E904320423D7E728
:1005E0006FF0010070BD6FF01500FBE76FF02200A7
:1005F000F8E70020F6E7F8B5037904461BB11B21A4
:100600009D20FCF759F94679017126B90123437100
:10061000217909B96171F8BD276826712046B8476C
:1006200002280546F4D103212046B84708B12F21FE
:10063000E6E723682946204698470028E8D030217D
:10064000DEE703460068884204D109B10A681A60EF
:100650000846704728B97047884202D10A681A6074
:10066000F6E7034600680028F6D1704703460020ED
:1006700018707047EFF3108272B603780121DBB275
:10068000017002B962B6012B0CBF6FF0220000208E
:100690007047EFF3108372B60022027003B962B69E
:1006A00000207047FCF7E2BAFCF72ABBFCF728BB36
:1006B00000280CBF6FF01500002070470020704725
:1006C0000723037000207047002070470020704708
:1006D00010F8012B11F8013B012A28BF9A42F7D0EC
:1006E000D01A7047034611F8012B03F8012B002A9A
:1006F000F9D17047034613F8012B002AFBD1181AD1
:10070000013870472DE9F04786468C460846089E1A
:10071000154674461946002B40F0C2808542B2FA55
:1007200082F245D94AB1C2F1200300FA02FC2EFA46
:1007300003F3954043EA0C0C94404FEA154EA8B2DF
:10074000BCFBFEF8230C0EFB18CC08FB00F943EAB7
:100750000C43994528D9EB1808F1FF3704D2994585
:1007600002D9A8F102072B44A3EB0903A4B2B3FBFF
:10077000FEFC0EFB1C330CFB00F044EA0344A042D9
:1007800014D92C190CF1FF3304D2A04202D9ACF1D8
:1007900002032C44241A43EA07401EB1D44000232C
:1007A00034607360BDE8F0874746DDE76346F1E7F4
:1007B00092BB431B01214FEA154EAFB2B3FBFEFCC7
:1007C000200C0EFB1C330CFB07F840EA0343984552
:1007D00062D9EB180CF1FF3004D2984502D9ACF184
:1007E00002002B44A3EB0803A4B2B3FBFEFC0EFBF8
:1007F0001C330CFB07F744EA0344A7424ED92C19DB
:100800000CF1FF3304D2A74202D9ACF102032C440D
:10081000E41B43EA0040C0E7C2F1200320FA03F1E1
:10082000954090402EFA03F303434FEA154EAFB2C2
:10083000B1FBFEFC0EFB1C10190C0CFB07F841EA87
:100840000041884504FA02F422D969180CF1FF30FE
:1008500004D2884502D9ACF102002944A1EB080179
:100860009BB2B1FBFEFC0EFB1C110CFB07F743EA2D
:1008700001439F420ED9EB180CF1FF3104D29F4285
:1008800002D9ACF102012B44DB1B41EA004192E7A3
:100890006046E3E76146F7E76046A3E76346B7E7EC
:1008A000834206D916B9002108467BE7C6E900E075
:1008B000F9E7B3FA83F78FB9834201D3724508D8B9
:1008C000BEEB020460EB030301209C461EB900212D
:1008D00068E73846FAE7C6E9004CF8E7C7F1200CAC
:1008E000BB4022FA0CF41C432EFA0CF120FA0CF354
:1008F000B84001434FEA14490EFA07F5B3FBF9F883
:100900001FFA84FE09FB18300B0C08FB0EFA43EAB1
:1009100000439A4502FA07F240D9E31808F1FF3084
:1009200004D29A4502D9A8F102002344A3EB0A039A
:1009300089B2B3FBF9F809FB183308FB0EFE41EA54
:1009400003418E452CD9611808F1FF3304D28E453E
:1009500002D9A8F10203214443EA0040A0FB029817
:10096000A1EB0E014145CE46434602D306D14D458B
:1009700004D2B9EB020E68EB04030138002EA6D0B6
:10098000B5EB0E0261EB030101FA0CFC22FA07F34E
:100990004CEA0303F940C6E9003198E74046C5E751
:1009A0004346D9E700000000F7B50022114640F6A3
:1009B000034004F083FF0446002853D104F04EFEA8
:1009C000214601AA41F2030004F078FF0446002802
:1009D00048D1019AAD4DD168D1F80100D1F8051088
:1009E00005F1780303C3104604F016F9214601AA65
:1009F00041F2010004F062FF044698BB0198C3680D
:100A00005A7885F870205A88A5F872201A7985F8E6
:100A10007120B3F80720A5F87420B3F80530A5F8C5
:100A2000763004F0F9F8214601AA41F2020004F000
:100A300045FF0446B0B9019FFA6805F18006531CD2
:100A4000413218685968344603C408339342264635
:100A5000F7D1384604F0E0F895F87C305B0604D412
:100A60006FF01204204603B0F0BD01AA002142F24B
:100A7000030004F023FF04460028F3D1019B844EB9
:100A8000DA68D2F80100D2F8051003C6184604F05F
:100A9000C3F8214601AA42F2020004F00FFF044607
:100AA0000028DFD1019CE368B3F8012091B249B17D
:100AB000D97839B1A5F80421DA78114606F1280071
:100AC0001AF05FFA204604F0A7F895F87C601F231F
:100AD00016F02006A5F8203119D14FF0FF304FF065
:100AE000FF3104F0E3FD0446002800F0C780022136
:100AF0000C3015F059FE0123037046702146324632
:100B000040F66D4004F0DAFE04460028AAD195F8BC
:100B10009C301F0712D501AA002142F21C0004F0EC
:100B2000CDFE044600289DD10198C368D3F801206A
:100B3000D3F80530C5E9382304F06EF895F8D830BD
:100B40009E0625D50DF10201684616F09FFA04466F
:100B5000002887D14FF0FF304FF0FF3104F0A6FDA1
:100B60000646002800F08A8004210C3015F01CFE97
:100B7000BDF800300380BDF8023043802246314684
:100B800042F2240004F09AFE044600287FF46AAF83
:100B900095F8D8305C0610D501AA002142F22A004F
:100BA00004F08CFE044600287FF45CAF0198C36813
:100BB0005B7885F8223104F02FF84FF0FF304FF0CA
:100BC000FF3104F073FD0446002857D008210C3093
:100BD00015F0EAFD95F8D81011F0400F024640F2EA
:100BE000022308BF032388074CBF43F02C0043F0C7
:100BF0000C0095F8D9308F0648BF40F0400013F044
:100C0000090F18BF40F40060CE0748BF40F0100045
:100C1000002116F006F82146002242F2010004F0FD
:100C20004DFE044600287FF41DAF95F87C30B5F8E2
:100C30000411980625D4C9B901AA41F2050004F0AF
:100C40003DFE044600287FF40DAFB5F80431019C49
:100C50004BB9E368B3F80120A5F804219A880D4840
:100C600011461AF08EF9204603F0D6FF4FF0FF3000
:100C70004FF0FF3104F01AFD044668B96FF06804C4
:100C8000F0E60029F2D16FF00404EBE6E80300205F
:100C9000C0040020F004002008210C3015F084FD71
:100CA00095F8D830D907024652D42D484FF000515C
:100CB00015F0B7FF2146002240F6014004F0FEFD8A
:100CC000044600287FF4CEAE014601AA4FF601404B
:100CD00004F0F4FD044620BB019803F09DFF21467B
:100CE00001AA4FF6024004F0E9FD0446C8B9019894
:100CF000C368B3F80130A5F8C13003F08DFF95F853
:100D0000C1305B070DD501AA21464FF6034004F020
:100D1000D5FD30B90198C3685B7885F8C03003F021
:100D20007BFF16F04CFB044600287FF49BAE06F0D8
:100D300083FD044600287FF495AEEB79002B3FF449
:100D400091AE0821074815F0CEFE04F00BFD89E6B0
:100D500001A1D1E90001ABE79088000200800020EA
:100D600010880002BC0400200C4B1B788BB90C4B84
:100D700018780C4B1B6873B10B4B1B78012B0AD9ED
:100D80000A4B1B783BB908B1094B187800F00100F9
:100D900070470120EDE70020F8E700BF84550020F0
:100DA00081550020E42E002080550020825500202F
:100DB00083550020074B187850B1074B1B880C2B2C
:100DC00005D1064B1888B0FA80F040097047002022
:100DD000704700BF7E550020485500204655002032
:100DE000094BBFF35B8F1B68BFF35B8F5BB1074B96
:100DF000186840B1064BDA885B899A4203D0836851
:100E00005B6903B118477047DC2E0020E02E0020FC
:100E1000380600201FB508240294044C0194BDF844
:100E20001840009417F09BFE04B010BD6B550020D5
:100E30001FB502240294044C0194BDF8184000949C
:100E400017F08DFE04B010BD735500201FB50824A7
:100E50000294044C0194BDF81840009417F07FFEF2
:100E600004B010BD755500201FB501240294044C38
:100E70000194BDF81840009417F071FE04B010BD45
:100E8000EF0900201FB546240294044C0194BDF8DC
:100E90001840009417F063FE04B010BD28DD020076
:100EA0001FB504240294044C0194BDF8184000942A
:100EB00017F055FE04B010BD6EDD0200024800229E
:100EC00000230EF083BB00BFE01D0020024B1B6817
:100ED0000BB9FFF7F3BF7047E42E002010B50E4B9F
:100EE0001A68C2B10D4B1B78012B14D9FFF762FFB2
:100EF00088B90B490B78022B0DD801330B701046C3
:100F0000084916F0BCFCBDE8104007484FF48022A9
:100F100000230EF05BBB10BDE42E002080550020A6
:100F20006A55002028D90200D01C002008B5074BC4
:100F30001B6833B113F09DFFBDE80840022019F093
:100F4000D9B9BDE8084013F094BF00BFE42E0020DB
:100F5000054B186830B1054B1B78012B02D80521D1
:100F600016F0B7BB704700BFE42E0020805500206C
:100F7000134A03461068E8B1124A1278012A1CD9B4
:100F8000114A12785AB9114A1278B2B1104A196846
:100F90001160596851600F49082313F079BF0E4A58
:100FA000127852B10D4A19681160596851600823CE
:100FB0000B49F2E76FF07F0070476FF00C0070474D
:100FC000E42E002080550020EF09002081550020EC
:100FD0006B550020ACCF02008455002075550020D1
:100FE0000CCF02000C4A0346106878B10B4A127805
:100FF000012A0ED90A4A12785AB10A4A19785B783E
:10100000117053700849022313F042BF6FF07F0044
:1010100070476FF00C007047E42E002080550020D0
:1010200083550020735500205CCF020010B5084B9B
:101030001C78002084F001041C7019F05EF9022075
:1010400019F05BF921460320BDE810400CF06CBBA1
:101050007D550020F7B5114F044615461E46104831
:101060000122214614F064FC08B1012013E02A4655
:10107000334668461AF01AFADDE9002338460EF0C6
:1010800029F80028EBD006480122214614F050FC34
:10109000431E5842584103B0F0BD00BF540B00201E
:1010A0002406002070B5044690B08368DB6B53B90A
:1010B000A368DB6A63B9274DA3681B6943BB264855
:1010C0000DF0CEFF08E098470028F1D110B070BDB8
:1010D000204698470028EED1204D05F10A06A36866
:1010E000DB691BB1204698470028EFD06A89EB885E
:1010F0001A489B1A9BB2402B6A4628BF40233146B0
:1011000014F0A7FB024670B9204613F078FEDDE725
:101110004022694620469847021ED0DD694628468F
:1011200014F0E6FBC8E7A3680099DB684BB92046DA
:1011300013F065FE4FF4A472002309480EF012FA72
:10114000C4E720469847021EF1DD3146034814F0FB
:10115000B6FBC4E724060020540B0020380600200C
:10116000B01D002013B528480469836801A95B6895
:10117000984720B9236801985840C0F38010002890
:10118000224820DDBFF35B8F012150E8003F002B98
:1011900003D140E80012002AF7D1BFF35B8F30D1B2
:1011A00013F0BFFE1A4B1B4800221A704FF4203276
:1011B00000230EF0D7F918480022002302B0BDE842
:1011C00010400EF0CFB90024BFF35B8F50E8003F12
:1011D000012B03D140E80042002AF7D1BFF35B8F17
:1011E0000FD1214613F09DFE0A4819F0A6FF0A48C8
:1011F00019F0A3FF064B1C7002B0BDE81040FFF7CA
:1012000095BE02B010BD00BF20C60200E82E00202F
:1012100087550020481E0020781E0020014813F04A
:101220008BBE00BFD42E002030B5244C244885B09E
:1012300014F03CF923680BB113F090FE206810B154
:10124000132116F046FA1F49002004F057FA002334
:1012500003A90220039301F03DFA044650B9039D0F
:101260000146AA68284614F0F5FE0446284614F004
:10127000F0FEC4B11448214614F018F913F0F9FD3A
:101280004FF480420023CDE90023104800220023C0
:101290000FF006F80E4840F6CD42002305B0BDE839
:1012A00030400EF05FB90B4814F000F941F23430D1
:1012B00000211AF048F8012000F01EFFE42E002063
:1012C000ACD90200A7E20200D9D90200101E00200A
:1012D000E01D002004DA020010B5114BBFF35B8F54
:1012E0001B68104ABFF35B8F23B91370BDE8104031
:1012F000FFF71CBE137883F00103137063B113F082
:10130000B8FD002018F0F6FFBDE81040064841F691
:101310009A1200230EF026B9FFF708FEF4E700BF8B
:10132000E82E002087550020781E0020F0B51A4BCB
:10133000BFF35B8F1B68BFF35B8F89B0064643B377
:10134000164B1B682BB3FFF7D5F9054608B3144FAE
:10135000BA89BC883B69A41AA4B21A1B904209D866
:101360002A4631460E4814F0C3FA09B0BDE8F040F1
:10137000FFF736BDE41A0444202C2246694628BFF4
:101380002022384614F0D4FA0028E9D0241AF3D1E8
:10139000E6E709B0F0BD00BFDC2E0020E02E002003
:1013A0003806002008B5FFF7C1FFBDE80840014836
:1013B000FFF7BCBF4BE202007FB5031E064A18BF11
:1013C00001231821684613F015FA6846FFF7EAFF73
:1013D00007B05DF804FB00BF30DA02000E4B10B519
:1013E00001241C700D4B18800D4B19800D4B1A8079
:1013F0007D2358430A239AB05A43CDE9001264234F
:10140000094AB0FBF3F3602102A813F0F3F902A834
:10141000FFF7C8FF1AB010BD7E55002048550020C8
:1014200046550020445500203DDA020010B508461C
:1014300011461A46FFF7D2FFFFF7BCFC18B1064B66
:1014400000221A7010BDBDE8104004484FF48022FD
:1014500000230EF0BBB800BF6A550020D01C00204E
:101460007FB5074A034610701821064A684613F0F4
:10147000C1F96846FFF796FF07B05DF804FB00BFAF
:101480008655002075DA020013B50F4B1B68CBB9E7
:10149000012405F041F90D4B0D490E48009403223B
:1014A00005F014F840B10C4840F6CD42002302B0DC
:1014B000BDE810400EF056B8204602B0BDE810401E
:1014C000FFF7CEBF02B010BDE42E002048CD0200D1
:1014D00050CD02004CD00200E01D00207FB5034635
:1014E000054A1821684613F085F96846FFF75AFF48
:1014F00007B05DF804FB00BF80DA020030B51D4B79
:101500001D78187089B00446EDB2A0B11A4819F0E0
:10151000FAFF13F0AEFC002018F0ECFEA54208D054
:10152000164A2346182102A813F064F902A8FFF70F
:1015300039FF09B030BD124BBFF35B8F1B68BFF39F
:101540005B8F002BEAD10F4B1B681BB113F091FC92
:101550000220E1E70C4B187013F08BFC4FF4804233
:101560000023CDE900230448002200230EF098FE5A
:10157000D4E700BF85550020101E00208CDA020041
:10158000E82E0020E42E00207D5500202DE9F041BA
:101590009A4C2368ADF50A7D002B00F04D820023A4
:1015A000974D1193206883689B6C13B111AA042195
:1015B0009847119B43B9284613F0BEFC002140F226
:1015C000676019F0C0FEEDE78E48012113F0A9FC19
:1015D000206883681B6A03B198478B48884D8B4EFF
:1015E000FFF7E0FE8A48FFF7DDFE8A48FFF7DAFEE4
:1015F0000024284613F0A0FC4FF4004200230EA85C
:1016000019F02FFFDDE90E230DF14300FFF722FD56
:101610000028EED09DF84370012F2CD1082115A889
:1016200013F062FC48B93846FFF768FF7A48FFF7C5
:10163000B9FE13F042FC0024DBE715A8FFF798FC85
:10164000764B1B78074613B10020FFF757FF002F9A
:10165000CFD017F1100FCCD003DB07F10C03012B17
:10166000C7D96F4A3B46202135A813F0C3F835A8E7
:10167000FFF798FEBDE7022F20D1394615A813F0D9
:1016800033FC20B90120FFF739FF6648CFE715A8E2
:10169000FFF7A8FC614B1B78074613B10020FFF74A
:1016A0002DFF002FA5D017F1100FA2D003DB07F1FB
:1016B0000C03012B9DD95C4A3B46D4E70D2F98D0F3
:1016C0000A2F40F0AB811DAB00221A55002CB2D07E
:1016D0001A78202A1C46984603F10103F8D0092AFB
:1016E000F6D02046FFF706F822180028A3D012F8FB
:1016F000013C093BDBB2172B00F1FF3004D846FA5E
:1017000003F313F0010311D0424618F8013B83B9EB
:101710000027621E12F8013FEBB944492046FEF74C
:10172000D7FFF8B94248FFF73DFE84E702F8013DD4
:10173000DBE7202B01D0092BE6D10023137098F8AA
:101740000030202B474608F10108F8D0092BF6D0CD
:10175000002BDDD0DDE7A3F1610119299CBF203BFF
:101760001370D7E733492046FEF7B2FF28B132495C
:101770002046FEF7ADFF00287ED1304B1A78002AB4
:101780003AD02F4B19887D2359436423B1FBF3F1E1
:101790002C4B1A880A235A432B4B20481B7800787D
:1017A0000C922A4A1288CDE90A12294A1278099223
:1017B000284A12780892284A12780792274A127803
:1017C0000692274A1278CDE90402264A127803923B
:1017D000254A12780292254A12780192244A126808
:1017E000003A18BF012200924FF4AA71214A35A88D
:1017F00013F000F835A896E71146CDE7E02E00205B
:10180000D82E0020DC2E00209ADA0200ECFF7FFFA9
:10181000A7DA0200B1DA0200C4DA0200855500201E
:10182000DADA0200EBDA020001DB020012DB02006E
:1018300017DB02001CDB020023DB02007E550020C8
:10184000485500204455002086550020465500206C
:1018500082550020885500208355002081550020A6
:1018600084550020EF0900207F550020805500207E
:10187000E42E002028DB020071492046FEF728FFF5
:1018800028B170492046FEF723FF002833D1FFF727
:101890006BFA6D4A2021034610706C4A35A812F08D
:1018A000A9FF35A8FFF77EFD694B1878FFF7D8FD33
:1018B000684B1868003818BF0120FFF70FFE664B11
:1018C0001878FFF779FD654B654A1B78182135A814
:1018D00012F090FF35A8FFF765FD624B1B78002BD7
:1018E0003FF4A9AE604B1A88604B1988604B18888A
:1018F000FFF774FD9FE65F492046FEF7E9FE0028EA
:101900004CD1012312A913A8129304F0D9FB129B06
:10191000594F35AC43B9594B594A0097DC21204601
:1019200012F068FF2046FEE69DF84C30032B2FD8BE
:10193000DFE803F002282A2C52492046FEF7D2FEA7
:101940009DF84D3004939DF84E3003939DF84F3031
:1019500002939DF8503001930DF154089DF85130D9
:101960000093494A9DF8523005941E21404612F0DA
:1019700041FFCDE90078414B444ADC21204612F07A
:1019800039FFCFE74249D8E74249D6E74249D4E791
:10199000424A0A21204612F02DFFD1E74049204655
:1019A000FEF796FE58B92B4B1B680BB113F0D6FA15
:1019B0003C48002200230DF0D5FD3B48B3E63B49EF
:1019C0002046FEF785FEB0B90FB93948ABE60822CC
:1019D00015A9384613F0DCFA0028F6D00846FFF7C0
:1019E000C7FA3149334A031E08BF0A4635A82021E9
:1019F00012F000FFFEE630492046FEF769FE00289F
:101A0000E3D1002FE1D0022215A9384613F0C0FA25
:101A10000028DAD00846FFF7E5FAE2E75E2C04D8A2
:101A20001DAA631C17551C46E3E52448FFF7BAFCC2
:101A300013F043FA0023F6E70DF50A7DBDE8F081C7
:101A4000C9DB0200D1DB02007F550020DCDB020095
:101A500086550020E42E0020EF0900208555002047
:101A60008CDA02007E5500204455002046550020A7
:101A700048550020E9DB020019DC0200EEDB020021
:101A8000FFDB02002FDC020058DC02007BDC0200DE
:101A900036DC02003DDC020047DC020051DC0200C3
:101AA00096DC0200481E002097DA02009DDC02004E
:101AB000A0DC020090DA0200ACDC0200AFDC020025
:101AC00000B50A4A89B0FFF74FF911788142034601
:101AD00008D010702021064A684612F08BFE684636
:101AE000FFF760FC09B05DF804FB00BF7F550020E4
:101AF000DCDB020030B504468BB021B10BB0BDE891
:101B00003040FFF7DBB92A4D286808B105F066F9C7
:101B1000204615F0C2FD274A286000231370264A8C
:101B20001370264A1370264A01201070254A13703C
:101B3000254A1370FFF7D2FC01A9204605F036FDB7
:101B400090BB9DF80430012B2ED10698BDF82020C3
:101B5000BDF81E1040F2E243B0FBF3F080B2FFF795
:101B60003DFC4FF4F022002318480DF02FFD00201B
:101B7000FFF7C4FCFFF7A4FF154819F0C4FC13F0ED
:101B800078F9022018F0B6FB04F0C6FD08B17830F1
:101B900002D10020FFF764FCFFF792FF02212046EC
:101BA00015F0DBFD0BB030BD0A4B00221A70D8E7F0
:101BB000E42E00208455002083550020815500200C
:101BC00080550020825500206A550020001D00200D
:101BD000101E00207E55002010B500208AB00C4653
:101BE000FFF73EFC23461A4A1A4C202102A812F0A5
:101BF00001FE02A8FFF7D6FB0020FFF76FFC20686C
:101C000018B105F0EBF800232360134B0020187087
:101C1000124B1870124B1870124B1870124B187030
:101C2000FFF76CFCFFF74CFF104819F086FA1048DC
:101C300019F083FA13F01DF94FF480420023CDE927
:101C400000230C48002200230EF02AFB0AB010BD2E
:101C5000BADC0200E42E00208455002083550020C9
:101C6000815500208055002082550020001D002055
:101C7000D01C0020101E002070B505460C461046F2
:101C8000CAB90D4B1970FFF739FCFFF719FF012C8A
:101C900011D90A4819F051FA2846094915F0EFFD03
:101CA000084B094801221A70BDE870404FF48022A9
:101CB00000230DF08BBC70BD80550020001D00205E
:101CC00030D902006A550020D01C002008B5BDF8AC
:101CD000081089B9012B0FD11078094B00381A78F8
:101CE00018BF0120824201D1012008BD1870FFF702
:101CF00063FBFFF7E5FEF7E76FF00C00F5E700BFC9
:101D0000EF0900204B1E59425941024B1970FFF751
:101D1000D7BE00BF845500204B1E59425941024B8B
:101D20001970FFF7CDBE00BF835500204B1E5942EE
:101D30005941024B1970FFF7C3BE00BF8155002007
:101D400010B51C4653B113782BB1012B03D0FFF70C
:101D5000B7FE204610BD034A1370F8E76FF00C0081
:101D6000F8E700BF825500204B1E59425941024BF3
:101D70001970FFF7A5BE00BF885500202DE9F04778
:101D800099499A488CB019F07FF9994813F0D4F822
:101D9000984813F0D1F8984E304618F090FFA8B14B
:101DA000964BB5680FCB08AC84E80F002146AB68B2
:101DB000934C304698470028206007DB02212B68AF
:101DC0003046984710B14FF0FF3323600BF096FC7C
:101DD000002404F00101002001340BF0A5FC04F004
:101DE000010102200BF0A0FC40F65D70002119F00B
:101DF000AAFA062CEDD1002018F07FFA022018F084
:101E00007CFA082108A818F00EF8B0F100083CDCB4
:101E10007C4C7D48206018F052FF00284DD020688F
:101E2000082113F078F82068102113F074F877482F
:101E3000774919F076F92068836823B11B6C13B1D8
:101E4000744900229847206812F0D9FF20688368FF
:101E50005B6A03B198477048002113F062F80022D2
:101E60000023CDE906230523CDE90213CDE90011B6
:101E700004916A4B6A496B484FF4C0620DF032FC22
:101E80006949684819F0AFF918E00027DFF89C911C
:101E9000DFF89CA108AD3C46C4F1200109EB040029
:101EA00015F8013B524612F0A5FC013747450444A2
:101EB000AED0A31C1F2BEFD9AAE720605D4815F018
:101EC0001BF800225C495D4819F011FB5C495D4834
:101ED00019F027F95C495D4819F023F95C495D4820
:101EE00019F01FF95C495D4819F01BF95C495D4820
:101EF00019F017F95C4D284618F0E1FE30B32A6955
:101F0000AF68136843F0400313603B68574A0621EB
:101F100028469847D0B9D7F81880B8F1000F15D0E7
:101F20004FF0C0634FF0A07206212846C04768B941
:101F30004F49504B4B6040238B60FB6913B101222A
:101F4000284698474C48002112F0EBFF01F040FE74
:101F500058B112F08EFF002018F0CCF9022018F0D2
:101F6000C9F900200CB0BDE8F08703F06DFD05460F
:101F700020B10146414813F099FAEAE714F01BFA40
:101F80003F4805F027FC3F4B1D7012F072FF4FF4E5
:101F900080420023CDE900232848144FDFF8508009
:101FA000174D002200230EF07BF9FEF787FF38461D
:101FB0000DF068FA236863B92B68002B0EDB0D481F
:101FC00013F019F850B12968B3680B48DB689847DB
:101FD00004E0404613F00FF80028EDD100214FF443
:101FE000004019F0B0F9E2E71D120100B82E002000
:101FF000D82E0020D42E0020E0C60200E0CA020045
:1020000058050020E02E002060C60200B01D002010
:102010000B4E0200A5100100DC2E00208D150100E2
:1020200040590020301D0020D2DC0200CF090020E2
:10203000CDDC0200EEDB02002D100100101E00209E
:1020400089140100E01D0020510F0100001D002037
:10205000DD0E0100D01C002029120100481E0020C6
:10206000D9120100781E002020C6020011000100D4
:10207000C82E002065110100E82E0020D9DC0200E6
:102080005C0500207D550020014B1B68184700BFF0
:102090006C06002030B585B004460D4610220021A4
:1020A00068461AF08EF902238DF802302A46044B56
:1020B00001932146684612F02FFC05B030BD00BFE9
:1020C0008920010080B505460E46174698460DF05A
:1020D000EBFD03461AF01AFADFF81890044649F8A7
:1020E0000030424630463946A84754F8090002F00D
:1020F0001FFA00BF0800000008B50446EFF3118383
:10210000402383F31288BFF36F8F72B60BF056FA39
:10211000204602F0D3FD034813F0C8F914F0ADFADD
:10212000FCE700BF72DD02002DE9F047058B044695
:102130002807904611D4022905F0070540F0CC800D
:10214000204613F061FA78B10138218B042811D8A8
:10215000DFE800F0C2106D85950001290CBF45F045
:10216000100545F02005258388F31188BFF36F8F94
:10217000BDE8F08701F0070AAA4500F0A580002716
:10218000B9463E46A368002B00F0BC8041F0080130
:10219000218388F31188BFF36F8FA168002900F0B5
:1021A000BA800D68002900F0B680D1F8048033466B
:1021B00052462046C047002D76D02B6829461D4642
:1021C000F0E701F007035A1F012A1BD8002221F073
:1021D0000701062B276889B2C4E9002209D13B46D2
:1021E00003E0628B013262831B68002BF9D141F05E
:1021F00002012183204613F007FA00287AD041F02B
:10220000200176E0042B0AD121F0070189B2218355
:10221000204613F0F9F910B141F020012183218B00
:1022200001F0070AAA454FD00027B946AAE723695B
:1022300021F0070141F00601062DD3F8009021831B
:102240002DD1B9F1000F3FD041F00801218388F36F
:102250001188BFF36F8F3A492046C84729E021F023
:102260000701236941F0040189B2042DD3F80490D9
:102270002183E6D000273E464FF0040A82E721F092
:102280000701236941F0050189B2052DD3F80890B3
:102290002183D6D000273E464FF0050A72E700277B
:1022A0003E464FF0060A6DE72B4687E7B9F1000F6F
:1022B000D1D1EFF31188402383F31288BFF36F8FDE
:1022C000238B23F008032383258BEA062ED525F0E4
:1022D0001003238305F007056669218B002EBFF6E6
:1022E00070AF00232768C4E9003321F0070141F0F3
:1022F00001012183218B01F0070AAA454FF0000953
:102300007FF440AF002F9CD041F00801218388F377
:102310001188BFF36F8F002FC8D03D683946334610
:102320005246204613F09CF92F46F4E7AB067FF5A2
:102330001BAF25F02003238305F0070500E700BF4E
:102340008D5602002DE9F7430F4606460821C06A64
:10235000DFF8509013F077FB3C68241A80463C600D
:1023600004EA0905AC4203D8002003B0BDE8F083BD
:1023700008236A462146304613F0FDFA0028F4D1BE
:102380006946304613F069FB40B1BDF80230BDF834
:1023900004203C6005EA090513441D44A4EB08042D
:1023A000E0E700BF0000FFFF73B504460821C06AE4
:1023B000124E13F048FB4FF6FF726368ADF8002031
:1023C0008DF80620E268191833401344181A0025C6
:1023D00060606846ADF80210ADF8045013F02AFBB7
:1023E0006946204613F0F9FB2046211D13F0FCFA44
:1023F000636828463340A36002B070BD0000FFFF51
:102400002DE9F047044688B000F11407384618F06B
:1024100002FDA06A8368DB689847E06228B96FF024
:102420001505284608B0BDE8F087A06A8368DB6818
:1024300098470368013B1F2BF1D8E368B3F5803F51
:10244000EDD8A06A216805AA17F038FC0028E6D16B
:10245000E568002DE3D0069BB5FBF3F203FB1255B4
:10246000002DDCD1238A012BD9D9E36A009593F89A
:1024700005904FF0FF334FF0FF3238460CF0F6FC7A
:10248000E06A082113F0DFFAA8460646238A1FFAFD
:1024900085FA534508D8238A434523D138460CF0A2
:1024A0005DFD6FF02C05BCE7E1682B04891B13FA76
:1024B00081F14A4608232046009113F06AFA78B168
:1024C0006946204613F090FA08F1010800990823A4
:1024D0004A4620461FFA88F813F05BFA0028DAD043
:1024E0000135D3E79A450BD1009908234A46891B49
:1024F000204613F04EFA18B96946204613F074FAD4
:1025000069462046FFF71EFF054618B138460CF015
:1025100025FD86E7009B63604FEA13484FEA0848B1
:10252000C4F80880D4E9011399420FD3082301AA03
:10253000204613F020FA05460028E7D101AB13F836
:10254000012B914533D10135082DF8D163681B0C5F
:102550001B0469462046009313F046FAE36800998D
:102560004A46204613F015FA051ECFDB636876D085
:1025700006EB03084FF6FF79E368CDF800801FFAF9
:1025800088F29B1B9A422ED300236168002B43D014
:10259000090C090400912046694613F025FA0099B8
:1025A000204613F02EFA0546002D74D0AEE701A99F
:1025B000204613F052FA626810B9921B6260B1E7CC
:1025C000BDF80850BDF80610E06AC4F80880294438
:1025D00013F039FA40449042A060EED1002DECD0C7
:1025E0006FF01C0568E0082303AA4146204613F05B
:1025F000C2F90546002889D103A9204613F02DFA17
:1026000030B1BDF80C304B4502D1BDF810300BB1E4
:10261000B044B1E70123B8E7204613F0F2F90546CC
:1026200000287FF473AF6368264AE16813400B44C7
:10263000A3EB460363601340A360204613F0F5FA52
:10264000B1E75B1A4A46204613F0A3F9051EFFF6D0
:102650005DAF08D0E26AA36812681344A360D4E9AE
:1026600001318B42EDD86168E36801EB46029A4282
:102670009AD1DFF85080A26801EA08039A4293D009
:10268000204613F0BEF9054600287FF43FAF63688B
:1026900003EA0803A360E368A288A3EB46039A4217
:1026A00006D038460CF05AFC0123A3740025B8E686
:1026B000204613F0A3FA054638460CF04FFC002DD7
:1026C000F2D0AEE60000FFFF014B03600020704730
:1026D00060D0020070B5104B1C680D46B4B10F4BB2
:1026E000196800238B4202DB6FF0010070BD2246A7
:1026F00012F8106B864202D001331446F2E7E0680C
:1027000018F0DDFA28B12C600020EFE76FF00C0024
:10271000ECE76FF01200E9E7040700208CD002001C
:1027200010B588B0436802938368C068CDE903326E
:102730000A680023CDE906230C4601AA0449059343
:1027400017F0C0FA079808B9059B236008B010BDC0
:102750007F600200F0B40D4B0D4E5F6A0D4BB3422B
:1027600003D36FF08500F0BC70475C68BC420AD3AD
:102770001D6945B194F802C08488E4B2A44502D131
:102780002B46F0BC18472433E9E700BFEC2E0020AD
:10279000C80D0020A40D00202DE9F047144CDFF8EF
:1027A0005480DFF8549005460E461746444503D33F
:1027B0006FF08500BDE8F0876268D9F824309A424E
:1027C00013D3A3698BB1A9889078C9B2884205D187
:1027D0003A4631462846BDE8F04718475279012A63
:1027E00003D13A463146284698472434DEE700BFF5
:1027F000A40D0020C80D0020EC2E00202DE9F04192
:102800000B4CDFF8308005460E461746444502D390
:102810006FF0850009E063690BB92434F6E73A46A6
:102820003146284698470028F7D1BDE8F08100BF1F
:10283000A40D0020C80D002010B5044617F018F9AB
:1028400010F1780F00D050B9054A204613F052FC21
:10285000D2F8C43023EA0003C2F8C430002010BD0F
:10286000EC2E0020024B00221A605A60704700BF15
:10287000A72F002070B50B4B0B4CA34201D30020B7
:1028800070BD196A1E7F00220439D5B2AE4201D84C
:102890002433F2E7013211F832508542F5D101209C
:1028A000EEE700BFA40D0020C80D002073B584889A
:1028B000E4B263060D468DF8074007D02046FFF7C7
:1028C000D9FF78B10D4B93F8BA0058B10B4E2046A2
:1028D00055B108F03BFDF3691BB10DF1070108206C
:1028E0009847012002B070BD08F058FDF369002B35
:1028F000F7D00DF107010920F2E700BFEC2E002010
:1029000008B509480378C3F341130A3350F823305C
:102910003BB100F1080200F110019847C043C00F1D
:1029200008BD1846FCE700BFEC2E002004282DE966
:10293000F14FDFF8989004460F4616D001282DD1AC
:10294000DFF88C8098F8B93043B300F0B3FD214D27
:102950004D4520D2D5F820B04FF0000A2B7F5FFA0A
:102960008AF6B34204D82435F2E7FFF77BFFE7E7A6
:102970000BEBC6060AF1010A307917F079F8024626
:10298000307913F0B7FBD8F8C430002A23EA0003EB
:10299000C8F8C430E2DA002388F8B9300D4D4D454F
:1029A00008D30B4B1B6A6BB13946204601B0BDE81A
:1029B000F04F1847EB681BB13A4621462846984726
:1029C0002435ECE701B0BDE8F08F00BFC80D002052
:1029D000EC2E0020A40D002073B586788DF80060E1
:1029E000037942791C4C43EA0223ADF80230C378E4
:1029F000304603F003038DF8043013F07BFBD4F86A
:102A0000C430184205460BD0304600F035FD304644
:102A1000FFF712FF18F0E1FB10B996200DF002F954
:102A2000684608F06FFC10F1780F03D010B1002059
:102A300002B070BD9DF8000008F0ECFC10F1780FBA
:102A400001D00028F3D1D4F8C43001202B4384F8FE
:102A5000B900C4F8C430EBE7EC2E00202DE9F047B4
:102A6000A44DAB6904460E461746C3B9207800F062
:102A70001F00012877D0022800F0DE8000BB94F907
:102A800000103A68637800292EDA062B0CD0082B48
:102A900025D0ABB9537001231370022306E1984788
:102AA0000028E3D100200DE06388190A0A1F012ADB
:102AB0008C4605D9072903D8DAB26B6A1C781CB991
:102AC0006FF01500BDE8F0875D78654503D182425F
:102AD00000F0E78001302344F0E71B78E6E095F84A
:102AE000BA3013700123E1E0052B11D0092BE7D197
:102AF00063886E6A002B33D1FFF7B4FE638885F8D4
:102B0000BA30EB69002BCDD07B4903209847C9E749
:102B10006088C0B208F0E4FB0028C3D0D0E7737827
:102B2000042B10D0052B11D0022B04D177796388A8
:102B3000BB4208BF012033781E443378002BEED10E
:102B40000028BDD0D8E796F80380F4E76388BB423D
:102B5000F1D1B8F1000FEED13046FFF73DFFEAE7C3
:102B6000FF27B846E9E795F8BA30D7F800C0002B40
:102B7000A6D0A2886F6A5FFA82FE3B4618780028CA
:102B80009ED05978022904D193F80480F04500F2D0
:102B90008F800344F2E78CF800308CF8013031600C
:102BA00080E71F4490E00B2B8AD100264FF0FF08EE
:102BB000C146B24606E07B78042B0FD0052B21D00E
:102BC0003B781F443B78002BF5D1EB6913B151469C
:102BD00007209847002E7FF465AF71E797F80280D1
:102BE000A38897F803909845EAD163889945E7D17F
:102BF000B8F1070F1DD805EB0803BA4683F8BB9060
:102C00000126DDE7A3884345DAD16388DBB24B4573
:102C10000AD0BE78304600F02FFC3046FFF70CFE9D
:102C2000B0FA80F67609CBE73846FFF7D5FE0646C0
:102C3000C6E7BA460026C3E794F900206378002A65
:102C400019DA002B7FF43CAFA3883F68DCB25B0647
:102C50000AD02046FFF70EFE00283FF431AF95F86A
:102C6000BA30002B3FF42CAF3946204608F0B6FBB3
:102C700000237B7011E7012B08D0032B7FF420AFDA
:102C80006388002B7FF41CAF012103E061880029D9
:102C90007FF416AF2046FFF709FE00287FF402AF4D
:102CA0000EE702293B607FF418AF5B883360F9E6DA
:102CB00094F9000063780028BFF675AF002B3FF44D
:102CC0006AAF0A2B7FF4FCAE3B78002B3FF4F8AEE2
:102CD000797804297FF465AFB9788A427FF461AFCF
:102CE000072A96BF5219002392F8BB308CF80030A7
:102CF000F8E600BFEC2E0020A62F002013B5164CDE
:102D0000237DF3B9E268A168019201AB802013F042
:102D1000FFF9019AA3681344A360E3689B1AE36078
:102D20006BB962B12369E2889A4208DD94F8C82041
:102D300093FBF2F102FB11330BB90123237502B0AF
:102D400010BD00231A4619468020237502B0BDE845
:102D5000104008F089BB00BFEC2E002030B585B0D4
:102D6000002302460D460193002858D1002935D191
:102D700008220B460DEB020116F093FE002804DA40
:102D8000802008F0E3FA05B030BD2A4C029A226098
:102D9000039A626004F13802A2609DF90820BDF830
:102DA0000E302575002AC4E903550ADB802B04D9AF
:102DB000802008F0CBFA0020E3E713B1C4E9033325
:102DC000E1E7FFF79DFD0028DAD0E28823699A4207
:102DD000D4BFE260E360FFF791FFD4E7154CD4E97C
:102DE0000215002D01AB04DC16F05BFE0028CADAE8
:102DF000C6E72A4616F055FE0028D9DB019AA368DB
:102E00001344A360E3689B1AE360002BBBD104F179
:102E10003803A360FFF774FD0028DCD1B0E78028F9
:102E2000B1D1044BDA68002AD5D11B7D002BD2D159
:102E3000A9E700BFEC2E0020054B064A9A62064A1D
:102E4000DA62064A1A63064A58629A61002070479D
:102E5000EC2E00205D2A010055270100FD2701000E
:102E6000992701002DE9F3410446474D47484FF0AB
:102E7000FF334FF0FF320BF0F9FF95F8B830002B1D
:102E80007BD16B6A83B142482C62E8616E6A08F0BC
:102E900005FC08F0F3F9041E10DA3C480CF05EF86B
:102EA000204602B0BDE8F08100F0BEF8FFF7C4FF95
:102EB0006B6A002BE7D14FF0FF34EEE700F01CFB0C
:102EC000041EEADB7378012B5AD1F379002B57D01B
:102ED0000026684685F8C830ADF802308DF80460E9
:102EE0008DF8006008F00EFA041ED6DB80276846D5
:102EF0008DF8007008F006FA041ECEDB2549304636
:102F000008F0B8FB041EC8DB2249384608F0B2FBC3
:102F1000041EC2DB204CDFF8848044451AD3002015
:102F200008F078FA041EB8DBD5F8C430802043F0EE
:102F30000103C5F8C43008F06DFA041EADDBD5F806
:102F4000C43043F48033C5F8C430012385F8B83069
:102F50000024A2E7276A0026227FF3B29A4201D812
:102F60002434DAE707EBC30257F83310107908F07E
:102F700081FB01360028EFD09DE76FF077048CE7E6
:102F80006FF0150489E700BFEC2E0020400B0020F5
:102F90002D2901005D2D0100A40D0020C80D002089
:102FA00030B51F4B8BB005AA03F11005186859689E
:102FB000144603C40833AB422246F7D11B78237072
:102FC0001022002101A819F0FCF912220021154855
:102FD00019F0F7F9102101A816F025FF00281BDDD4
:102FE0000828B8BF0820093801AB0E491A1800207C
:102FF00012F8013F0AAC04EB131403F00F0328335B
:103000006B44013014F8144C13F8143C0C7008286D
:103010004B7001F10201EBD102480BB030BD00BF93
:103020009BDD02008A5500202DE9F04F724B93F88A
:1030300000B087B0BBF1000F03D0704807B0BDE807
:10304000F08F6E4C00264FF0011AB0463546B1465F
:1030500023783BB96A4B02349C42F3D1664A012380
:103060001370EAE76378052B1BD8DFE803F08E03C3
:10307000C38E1D39402304A88DF810B0ADF812306E
:103080008DF814B016F0DFFC40B1082304A8ADF8A9
:10309000123016F0D8FC08B1ADF812B0BDF81230FD
:1030A000E37123781C44D3E7E378002BF9D1A378AC
:1030B0006BB108F101085FFA88F8F2E76B689C428F
:1030C00007D024354F4B9D42F8D30020B6E74E4D34
:1030D000F8E7AB68002BECD0414620469847E8E77C
:1030E000002DF2D000222B7F9A42EED2296AA078DE
:1030F00001EBC2010B79984201D00132F3E70127BD
:10310000E07800F003008DF81400207994F805C0F1
:1031100040EA0C20ADF8120094F902000028FBB23E
:1031200028DA07F110004FF0010C0CFA00F010EA59
:103130000A0F26D143F080008DF8100004A8CDE9D5
:103140000213019216F07FFCDDE90121039BC0B957
:103150009DF81020A27012F0800F18BF10330A7172
:1031600018BFDBB24FF0010214BF9A40BA404AEADE
:10317000020A96E70120B84010EA0A0F01D118466A
:10318000DAE70137102FBBD1B7E7032E1AD1FFF7CB
:1031900007FF074650B1FDF7ADFA024630B11028DF
:1031A000A8BF10223946A01C19F0E3F823786FF06D
:1031B0000201E218091B04EB5303D14213D5013677
:1031C000F6B26EE7002EF1D1B9F1000F3FF47DAFFA
:1031D000A4EB090389F80230C3F3072389F803300D
:1031E00089F80480EBE702F801BC13F8010902F842
:1031F000020DE2E7A14654E789550020000D0020AA
:10320000A30D0020C80D0020A40D002010B5094B0F
:1032100000211A461C78844205D15C681CB1482301
:1032200003FB012010BD0131042903F14803F1D152
:103230000020F7E7B82F00202DE9F34150F8303C8B
:1032400010F8346C103304460AD1036950F8282C66
:10325000980736D5D2B9590715D5002344F8303C24
:1032600054F8303C10330BD054E9097554F81C8CD9
:1032700017F0B3FF00284FD02E48214617F020FF4B
:1032800002B0BDE8F08143F00403236154F82C1C24
:1032900001AB304612F03CFF10B16FF01503DDE7D3
:1032A000019A54F82C3C134444F82C3C54F8283C24
:1032B0009B1A44F8283C54F8243C134444F8243C1A
:1032C000CEE754F82C1C01AB304608F049F9002831
:1032D000E3D1019D54F82C3C2B4444F82C3C54F889
:1032E000283C5B1B44F8283C54F8243C2B4444F80D
:1032F000243C002DB1D0304608F0D6F9B5FBF0F3F0
:1033000003FB1055002DA8D154F8283C002BA4D065
:10331000304608F06DF9A3E744F8200CA4F118003A
:103320000BF09EFE002DABD0424639463046A847F2
:10333000A6E700BFA81E00204B1E012B73B5064652
:103340000D460FD8FFF762FF044668B9012D09D179
:1033500001AB01220DF10301304608F001F9019B98
:10336000002BF5D102B070BD17F037FF04F1340126
:1033700008B1012D05D1084602B0BDE87040FFF745
:103380005BBF034802B0BDE8704017F099BE00BFB4
:10339000A81E00202DE9F74F804600911746994658
:1033A00012F001FF044600285CD1EFF3118B40239B
:1033B00083F31288BFF36F8F2C4900220846002345
:1033C00001910BF087FE019968B9DFF8A4A04822AB
:1033D00062430AEB02056E6816F1100F12D108461F
:1033E0000BF03EFE06E00134042C01F14801E4D16B
:1033F0006FF00B068BF31188BFF36F8F304603B06D
:10340000BDE8F08F0AF802800C9A009B6A610D9A61
:103410002861AA6140466FF00F02C5E90237C5F87E
:1034200044906A6008F040F958B1404608F03CF911
:10343000B7FBF0F202FB10771FB16A6C42F0040296
:103440006A6419F0020F08D0482202FB04A109485F
:10345000343117F035FE0026CCE7404608F0C8F8B6
:103460000646C7E76FF00F06C8E700BFD42F00205D
:10347000B82F0020A81E002010B5EFF311844023C0
:1034800083F31288BFF36F8FFFF7C0FE50B143681C
:10349000103307D16FF08B03436000F1340104480F
:1034A00017F00EFE84F31188BFF36F8F10BD00BFBD
:1034B000A81E0020F8B50E4C04254027EFF3118616
:1034C00087F31288BFF36F8F6368103307D16FF0F3
:1034D0008B030848636004F1340117F0F1FD86F3B3
:1034E0001188BFF36F8F013D04F14804E6D1F8BDA8
:1034F000B82F0020A81E002070B50A4C0A4E0025E7
:103500003146204617F0C0FD0122A4F118001146F3
:10351000013517F036FD042D04F14804F0D10020E8
:1035200070BD00BFEC2F002039320100016901237A
:1035300081F84B300B6833B191F849301BB1024828
:10354000083117F0BDBD7047A81E00200169012396
:1035500081F84A300B6833B191F848301BB102480A
:10356000083117F0ADBD7047A81E002070B5056981
:10357000EFF31186402383F31288BFF36F8FD5F8E2
:10358000900012F0B5F9044686F31188BFF36F8FEF
:1035900030B104480022002305F118010BF0B8FFF8
:1035A000204670BDA81E002070B5012382F8483067
:1035B00013680D4614463BB192F84A3023B10E48C9
:1035C00002F1080117F07CFDD4F890305A89DB88AD
:1035D0009A4205D17DB904F1180140F6CD4204E0CC
:1035E00004F11801002DF8D00022BDE87040024817
:1035F00000230BF08DBF70BDA81E002070B50E46D5
:1036000081880446C9B21548154612F0A8FD10B3CA
:1036100094F900206378002A16DB202B04D0222B9B
:103620000ED06FF085000AE02B681A6840F8102C65
:103630009A8820F80C2C9B7900F80A3C002070BD79
:10364000638800F8093CF9E7212BEAD110380723F9
:1036500028603360F2E76FF01200F0E7DC30002002
:1036600008B50146034812F088FD10B1012300F8A7
:10367000073C08BDDC3000200D4A03460021A0F8BD
:1036800048101068C3F8940090889279A3F89800C5
:1036900083F89A2083F89C1083F89B10A3F89E105F
:1036A00083F8A010402203F14C0018F08ABE00BF3E
:1036B000F8CC020010B504690023C4F8A8300C4B04
:1036C000C4F8A400596804F1A80269B9C3E900224A
:1036D00004F10800074917F0D7FC04F11800064967
:1036E00017F01FFD002010BD0A605A60F0E700BF10
:1036F000DC300020D1610200C537010030B54FF445
:103700000033426805690D4C85B042F2A100CDE955
:103710000103002385F89D30106AADF80C10007984
:103720000A2201A912F0F4FC95F89D3023B901207A
:1037300017F0A9FA013CF7D105B030BDA186010010
:1037400073B504698DF80710002384F848304025CC
:10375000EFF3118685F31288BFF36F8F0122D4F83F
:1037600090000DF1070112F0C3F886F31188BFF342
:103770006F8F012813D017F030FD10B994F8A130E5
:10378000B3B90E4BBFF35B8F012253E8001F002932
:1037900003D143E800200028F7D1BFF35B8F21223B
:1037A000002304F1180106480BF0B2FE02B070BD10
:1037B0000021212017F0C7FDCAE700BFD830002044
:1037C000A81E0020F0B5D0F88C305B681B6A1F7D06
:1037D00085B00546384612F0E6FC064650BB95F823
:1037E00086303BB3A86F0146C38831F80A2F9B1A75
:1037F0009BB2B3F5806F28BF4FF4806303AA12F029
:1038000028F80446B0B18306A5F1180308BF00F1FB
:10381000FF3485F830600193074B039900932246EB
:1038200002233846FFF7B6FDA86F224600F10A01D1
:1038300012F045F805B0F0BDA935010037B51446C2
:103840000A1E054621DDD4F88C0004F14C0112F06B
:103850004FF8012384F8493023683BB194F84B308A
:1038600023B1114804F1080117F02AFCD4F88C2088
:103870009388918912695B1A9BB2D31A3F2B04D8A3
:10388000012384F8A03003B030BD94F89E30002BA3
:10389000F9D0064B009301940123402204F14C011E
:1038A0002846FFF777FDEEE7A81E00203D3801000F
:1038B000F7B50D4601461D4812F045FC044610B30D
:1038C0000646691E56F8A4395F6805291BD8DFE84B
:1038D00001F01C1A031C222610F8061C99B90123BA
:1038E00000F8063C3B6A3246187BFFF7A7FF14F846
:1038F0005C2C42B93B6A187D0D4B00930196022364
:103900001146FFF747FD03B0F0BD304603B0BDE8F8
:10391000F040FFF7B1BE012304F8053CF3E710F8CF
:10392000053C002BEFD00023F6E700BFDC30002081
:10393000A935010037B5094D0949002400944FF01D
:10394000FF334FF4806228460BF0A2FD054928465C
:1039500017F049FC204603B030BD00BFA81E002070
:10396000805F0020BADD02002DE9F0410C4B1C689D
:1039700005460E4617467CB100F01AF963682046EA
:10398000D3F8108032463B462946C047044600F033
:1039900019F92046BDE8F0816FF00104F9E700BF96
:1039A000E430002000230360044B5A6812B9C3E9D5
:1039B0000000704710605860704700BFE83000207A
:1039C000014B1860704700BFE430002030B585B06F
:1039D0000023CDE902330546019000F0E9F8094BD8
:1039E0001C6844B9284600F083F8044600F0EAF861
:1039F000204605B030BD636820461B6801A9984782
:103A00002468EEE7E83000201FB5CDE901010392FC
:103A100000F0CEF8074B1C6824B900F0D3F820461C
:103A200004B010BD636820461B6801A9984724684C
:103A3000F2E700BFE8300020024B0022C3E9002279
:103A4000704700BFE8300020024B0022C3E900228B
:103A5000FFF7F2BFF03000202DE9F74307460C4690
:103A600009B100230B601F4DDFF87C9000264D4507
:103A70000FD31E4B1D6885B355F8188C01AA41461B
:103A80003846183D12F09EFC10B3D6B914BB2E4632
:103A90001EE0D5F8008001AA4146384612F092FC9B
:103AA00050B116B954B92E4606E03168002240469E
:103AB00012F088FC0028F5D11835D8E7019B236067
:103AC000F1E731680022404612F07CFC0028DDD18D
:103AD000AD69D0E7019B2360D9E7304603B0BDE86C
:103AE000F08300BF48CA0200D8CA0200F0300020AC
:103AF0002DE9F047DFF8AC90DFF8ACA080464FF03E
:103B000000470026294C3D464C450DD3DAF80040CD
:103B1000002C42D0183CB8F1000F25D122695ABBC5
:103B2000A469F5E72F46EDE7B8F1000F03D122694C
:103B30004AB91834E8E720680022414612F042FCF6
:103B40000028F4D1F5E76368BB4205DDAF4209D038
:103B50009D42A8BF1D46ECE7EBD19047002E08BF61
:103B60000646E6E71D46E4E720680022414612F0DB
:103B700029FC0028D2D1D3E76368BB4205DDBD42F2
:103B800009D09D42A8BF1D46CAE7C9D19047002E63
:103B900008BF0646C4E71D46C2E7AF42C2D1304661
:103BA000BDE8F087D8CA0200F030002048CA020001
:103BB00003484FF0FF324FF0FF330BF057B900BF0F
:103BC000180B002001480BF0C9B900BF180B0020EA
:103BD00038B5094DFFF7ECFF2B783BB9FFF734FF01
:103BE00000F06AF8044610B901232B700024FFF797
:103BF000E9FF204638BD00BF9C5500202DE9F04765
:103C0000048FDFF8B0A0013498B006468946A4B20C
:103C100000F10807651EADB2B5F5004F47D04A2345
:103C200005AA2946384612F000FA04F57F543F34BD
:103C3000A4B28046214601230DF10B02384612F052
:103C4000F4F9B8F1000F014610DC002810DC338FC6
:103C5000AB4209D132466B1E22F8383F4FF4004187
:103C60000223384612F0AEF82C46D3E7002808DCD1
:103C70002946384612F075F92146384612F071F996
:103C8000E5E708F160030DEB0308002308F84C3C5E
:103C90005246CDF8009003AB05A80397ADF810404D
:103CA00012F0C6FB0028DFD018B0BDE8F087002076
:103CB000FAE700BF9F6402007FB501236946032035
:103CC0000193FEF707FD044660BB02AA01A9032089
:103CD00012F0F7F9044610B110F10C0F22D103993C
:103CE000B1F5803F23D2009A002394681846084417
:103CF00084421AD30133082BF9D10E4D69612B830D
:103D00005368AB602846D368EB6312F060FC04464E
:103D100040B9094E6E602846FFF744FE28466E60A3
:103D2000FFF74EFE204604B070BD9BB2E5E76FF092
:103D30002004F7E7F8300020B006002008B504485A
:103D400011F0B4FBBDE80840024811F0AFBB00BF62
:103D5000C3DD0200F8DD020001480EF02DB900BFFE
:103D600060D0020038B5044618B90F4B0F485B68A5
:103D700098476168B1F5683F10D0B1F5680F0DD074
:103D80000B4DA9420AD011F46861206807D00146A2
:103D9000084816F0F6FF00232360656038BD142242
:103DA00018F00FFBF9E700BF6409002026DE0200CF
:103DB0002C5F5CA93836002008B520B34368B3F502
:103DC000683F10D101220368BFF35B8F53E8001FE7
:103DD000002903D143E800200028F7D1BFF35B8F0F
:103DE0000DD1002008BD094A93420AD000684FF067
:103DF000FF324FF0FF330BF039F80028F1D00448C0
:103E0000F0E70448EEE76FF4E040EBE72C5F5CA9D5
:103E1000E98FFFFFEA8FFFFF08B5D8B14368B3F51C
:103E2000683F10D100220368BFF35B8F53E8001F87
:103E3000012903D143E800200028F7D1BFF35B8FAD
:103E40000BD1002008BD074A934208D000680BF050
:103E500085F8F6E76FF4E040F4E70348F2E703483B
:103E6000F0E700BF2C5F5CA9E98FFFFFEA8FFFFF3F
:103E700010B5044618B91D4B1D485B689847636828
:103E8000B3F5683F2FD0B3F5680F2CD0194A934291
:103E900019D1236803BB18484FF0FF324FF0FF33AE
:103EA00021460AF0B5FF08B923681BB90F4B134828
:103EB0005B68984720681422002118F082FA4FF4BA
:103EC0006863636008E0B3F5683F0DD83A2B03D010
:103ED00040F6BA629342DED1206816F09CFF636818
:103EE00043F03A03636010BD054AF3E7640900201C
:103EF00026DE02002C5F5CA9383600204CDE020072
:103F00003A00003A08B5064906484023142216F044
:103F10002AFFBDE80840044904480EF011B900BF6B
:103F2000383100203836002068D002007CD00200F2
:103F300008B50348034A0021121A12F081FB08BD9C
:103F4000C80D0020045900200748084A084908B550
:103F5000121A12F077FB0748074A0849BDE80840E3
:103F6000121A12F06FBB00BF00000020C80D002025
:103F7000ACE602000000002000000020ACE60200D9
:103F800038B505460C4699B1D1E901230F480968B7
:103F900011F08CFAD4E90423E1680D4811F086FA97
:103FA000E1690C4811F082FAA1690B4811F07EFA20
:103FB000012D05D1EFF305810848103911F076FA8B
:103FC00021462846BDE838400AF0CCBD79DE020023
:103FD000A9DE0200D9DE0200E9DE020018DF0200DD
:103FE00030BFFFF7FDBF00BF2DE9F0410B4EDFF8FA
:103FF000308006EB0807CC1B0546324609492046AF
:1040000018F0B7F9A01942460021083C18F0D9F978
:104010006C6707F10800BDE8F08100BF00000000F8
:1040200008000000D8CA0200054B5A699B689A42F2
:104030001FBF044A536843F080535360704700BF6A
:10404000A044002000ED00E02DE9F843324D804609
:1040500032488946174611F029FAAB6ADE0622D5A6
:104060002F4811F023FA1124AB6A1D0703D52D4800
:1040700011F01CFA1224284DAB6A980715D52A486E
:1040800011F014FA6E6BAB6A190642D52748314617
:1040900011F00CFAB9F1000F03D0AB6A23F08003E2
:1040A000AB62132403E01024DEE76FF015061A4D0F
:1040B000AB6ADA0703D51E4811F0F8F91424AB6A8D
:1040C0009B0603D51B4811F0F1F91524124B9A6A8F
:1040D000D50602D49A6A90070AD55B68190507D5F8
:1040E0004146304600F004FB10B180F309880224F9
:1040F000094B9A6A920642BF5A6A22F400525A62E7
:104100009A6A42F0FF029A6200233B702046BDE8A3
:10411000F8836FF01506C4E700ED00E02CDF020025
:1041200043DF020077DF02008BDF0200A4DF020022
:10413000BBDF0200DBDF020010B51D4C1D4811F093
:10414000B5F9A36A990130D51B4811F0AFF91E20CB
:10415000A36ADA0103D5194811F0A8F91F20144CFD
:10416000A36A1B0303D5164811F0A0F92120A36A06
:10417000590303D5134811F099F922200C4CA36A76
:104180009A0303D5104811F091F92320A36ADB03A9
:1041900003D50E4811F08AF92420054A936A6FEA84
:1041A00003436FEA1343936210BD1D20D0E700BFA5
:1041B00000ED00E00BE0020024E0020038E0020025
:1041C00053E0020072E0020098E00200B3E0020057
:1041D00070B5244C064624480D4611F067F9A36AD1
:1041E000D90435D5214811F061F91720A36A1A05C1
:1041F00003D51F4811F05AF918201A4CA36A9B05E1
:104200000FD51C4811F052F9A16BA36A180407D509
:10421000194811F04BF91EB1A36A23F40043A362BD
:104220001920104CA36A590503D5144811F03EF922
:104230001A20A36ADA050DD5114811F037F91B20B1
:10424000084A936A43F47F43936200232B7070BD46
:104250001620CBE7A36A9B04F2D50A4811F026F991
:104260001C20EDE700ED00E0DFE00200F6E00200D8
:1042700077DF020008E1020022E1020038E10200DB
:1042800054E10200DBDF02002DE9F0415B4B5F6887
:104290008AB00446C7F30806002585F31188BFF3EA
:1042A0006F8F02F07F43B3F17F4F06D102F00C0312
:1042B000082B13D1524811F0F9F800252C464FF085
:1042C0000008F31E8DF80780092B00F28680DFE8D6
:1042D00003F00A7A7E7684848484848210074CBF3B
:1042E0000C460125EBE74748444E11F0DFF88DF806
:1042F0000780F36A9A0704D5434811F0D7F80023E2
:1043000030E0F36A002B01DA4048F6E7F36A5B001D
:10431000F5D53F4811F0CAF87369A26943F4807378
:104320007361BFF34F8FBFF36F8F736932F8022C45
:1043300023F480737361BFF34F8FBFF36F8F4DF61C
:1043400002739A4209D0B36ADBB253B30DF107028C
:1043500001212046FFF778FE33E021682D4811F057
:10436000A5F823689DF80720C2B902AE04F1200722
:1043700020686168324603C20834BC421646F7D151
:10438000099AB5B3C2F3080121B96FEA52226FEA64
:104390004222099202A91846FFF7F2FD0AB0BDE8D1
:1043A000F081B36A13F47F4F05D00DF107010120AE
:1043B000FFF70EFF05E0B36AB3F5803F9FD3FFF729
:1043C000BBFE0346CEE70DF107020021C1E70DF168
:1043D00007010020ECE710488FE7104B1049114807
:1043E00017F4F87FA6F1100218BF194611F05EF815
:1043F00085E722F4FF7222F00102CAE700ED00E037
:104400009BE10200C7E10200DFE1020001E20200DD
:1044100010E2020030E202004DE2020082E10200FE
:104420006DE1020072E20200044B5A6942F0100290
:104430005A615A6922F008025A61704700ED00E0A3
:10444000EFF30880EFF3098101B57246FFF71CFF17
:1044500001BD00BF002080F31488BFF36F8F0F48A9
:1044600080F308880AF01EF800200D490860BFF3A9
:104470004F8F00F02BF8402080F3118809484FF44B
:104480000461401880F30988EFF314800221084387
:1044900080F31488BFF36F8F00F0FAF8808E00204D
:1044A00094ED00E0C07C00200749D1F89020002363
:1044B000C2F307221846934200DB7047C1F89830D8
:1044C000C1F8A0000133F6E700ED00E008B572B6D0
:1044D000002383F31388FFF7E7FF144B4FF0FF32FD
:1044E000C3F88020C3F88420C3F88820C3F88C2048
:1044F000C3F89020C3F89420C3F89820C3F89C20F8
:10450000C3F88021C3F88421C3F88821C3F88C2123
:10451000C3F89021C3F89421C3F89821C3F89C21D3
:1045200062B6BFF34F8FBFF36F8F08BD00E100E0AD
:10453000084B9B6883420BD1EFF3058343B1064BD5
:104540005A6842F080525A605A6A22F400425A6213
:104550000BF0B0BBA044002000ED00E014498A68D5
:104560004FF030001044EFF3098C80E8F01F40203A
:1045700080F31288BFF36F8F0E4F4FF000664A69C9
:104580008A603E60506F0C4C2060906F00239367F0
:1045900080F3118804B5104600F00EF9BDE8044020
:1045A00002F1300090E8F01F8CF30988704700009A
:1045B000A044002004ED00E0543600201EF0040F5B
:1045C0000CBFEFF30880EFF30980816911F8021C3A
:1045D0000229FFD001B5724612F036F801BD00BFC6
:1045E00040B2002807DB044A4109012300F01F0004
:1045F000834042F82130704700E100E040B20028DB
:104600000CDB4309064900F01F00203301228240E1
:1046100041F82320BFF34F8FBFF36F8F704700BF68
:1046200000E100E0054B420900F01F0053F8222092
:10463000012303FA00F01040704700BF00E100E0E2
:1046400040B2D30754BF023100210028ACBF00F1B3
:104650006040074A4FEA4113ACBF00F5614000F0EB
:104660000F00DBB2B4BF135480F80033704700BFB3
:1046700014ED00E0044B054A23F07F039360BFF381
:104680004F8FBFF36F8F70470010000000ED00E008
:1046900008B5FFF7EFFF074AD2F8883023F470031C
:1046A000C2F88830FFF744FCFFF74EFC00F05AF8E0
:1046B0000AF020FB00ED00E042F8203C009B42F8AD
:1046C0001C3C0A49019B42F8183C029B42F8143CEE
:1046D00021F001014FF0807342F8043C42F8081CBD
:1046E0000023203A02658367704700BFC5200100A0
:1046F000094A0346906870B113F1160F406E05D059
:10470000A0F140029A4205D8834203D2814228BFD9
:104710000020704700207047A044002008B51546CF
:104720000B4A0C4B9060426F1A600E4600F044F842
:104730002C4686F309880020034B98472046002129
:1047400000220023014C20476D660200C5200100B5
:10475000A044002054360020014B10221A617047FB
:1047600000ED00E0044800234021C2180133302B43
:1047700082F80013F9D1704700E100E008B5EFF3CB
:104780000583064A103B02EBC30152F83300496827
:104790008847BDE80840FFF747BC00BF40C702009C
:1047A000024B034A0348012100F076B800000420C0
:1047B00000000020E0D00200426E054B403A1A6033
:1047C000044A4021C3E901121846012100F06EB8E5
:1047D0005836002000000B15084AC2F898000B68F4
:1047E00023F01F03034343F01003C2F89C308B688F
:1047F00043F00103C2F8A030704700BF00ED00E0B5
:104800002DE9F043DFF8608085B00E461F46044670
:104810004FF00009B14523DA6068D8B13FB1411EBD
:1048200008421BD11F2819D92368194216D12368C1
:10483000019311F03EFFA36803430393D8F890500F
:10484000C5F30725D0B2013DA84207D801A9FFF75B
:10485000C3FF421C09F101090C34DBE76FF01502BC
:10486000104605B0BDE8F08300ED00E0044B0522E2
:10487000C3F89420BFF34F8FBFF36F8F704700BF13
:1048800000ED00E0BFF35F8F024B0022C3F89420DD
:10489000704700BF00ED00E010B5034C0123227803
:1048A000FFF7AEFF207010BD9D55002008B50B4AE4
:1048B00000231278FFF7A4FF10F1160F07D0084A63
:1048C0000021D2F89030C3F30723984200DB08BDE3
:1048D000C2F89800C2F8A0100130F2E79D55002000
:1048E00000ED00E02DE9F043534B544CD3F89030E9
:1048F0002568C3F307239D4285B000F29A80FFF735
:10490000C1FF00200C2685421AD14D4C4D4F257019
:104910006846FDF7D9FEDFF82081DFF82C910646C6
:104920000025AE4213D1237843490020D1F89020CE
:10493000C2F30722934276DBFFF798FF002042E0A4
:10494000616806FB0011FFF747FF0130DBE70098C5
:1049500000EB05114FEA051CCB683B40B3F5000F97
:1049600048D00AD8B3F5001F30D0B3F5800F36D049
:10497000B3F5801F10D00135D3E7B3F1807F42D06B
:10498000B3F1007FF7D150F80C3088684A6811F015
:1049900090FE40F4802009E050F80C3088684A68A6
:1049A00011F087FE40F0885040F43020CDE901231B
:1049B0000390D8F890302078C3F30723013B984246
:1049C0002AD96FF0150005B0BDE8F08350F80C301F
:1049D00088684A6811F06DFE40EA0900E6E750F881
:1049E0000C3088684A6811F064FE40F0007040F4B2
:1049F0000030DBE750F80C3088684A6811F059FE47
:104A000040F08270D2E750F80C3088684A6811F0A4
:104A100050FE40F08870C9E701A9FFF7DDFE23785A
:104A200001332370A7E7C1F89830C1F8A000013323
:104A30007CE74FF0FF30C6E700ED00E0ECD002006D
:104A40009D5500200000F0FF0000081108B5024845
:104A50000FF0B0FEFEE700BF95E2020008B5024B82
:104A60001B689847002008BD6436002008B5064939
:104A7000064821F00701C1F1005202F5802210F032
:104A8000BBFC002008BD00BF2BB50020683600200D
:104A900070B54169867A0B4D044659B1437ADB07FC
:104AA00006D42C2303FB06535B6A1B689B6898475C
:104AB000002363612C20214606FB0050BDE87040B6
:104AC00016F051BACC0B0020024B2C2202FB003016
:104AD000704700BFCC0B0020827A064B2C2101FBD3
:104AE00002339A6A1B7F1B33801A23F00303B0FB47
:104AF000F3F07047CC0B002038B5074B827A2C249A
:104B000004FB02335B6AD3E901240C601568FFF7EC
:104B1000E3FF04FB005038BDCC0B00202DE9F0432F
:104B200085B005466846039190461C4616F099FCF0
:104B3000DDE90067EFF31189402383F31288BFF3A7
:104B40006F8F6B8B002B41D02A8B9A4225D9002284
:104B5000002328460AF052FA0446F0B189F311887E
:104B6000BFF36F8F039B002B41D032463B46684614
:104B700016F09CFCA27A264B2C2101FB0233204626
:104B80005B6A1B6803A91D68DDE90023A847606113
:104B900070BB2046FFF77CFF24E0698B4B1E6B83C4
:104BA00089F31188BFF36F8F2B7F2A8BAC6A1B337D
:104BB00023F00303521A02FB0344154B154AEB1A68
:104BC0009B105343A3722B7FE372CBE789F31188C9
:104BD000BFF36F8F2346424628460AF00FFA044679
:104BE0000028BFD10024204605B0BDE8F0836361F2
:104BF000012300252381039B6382E27A65602946B5
:104C000004F1180017F0DDFB63692582E360EAE731
:104C1000CC0B0020A38B2EBA70B50D4C2C2500B9FF
:104C200070BD037A4668002BFAD0013BDBB20372F9
:104C3000002BF5D1C3604360837A05FB03431B6AF5
:104C400013B198473046EAE7FFF722FFFAE700BFC3
:104C5000CC0B00200E4A0123C2F840354FF08042B1
:104C60004FF08051C2F87835D1F83001082808D1CA
:104C7000D1F83411052904D80648415C09B1C2F8BD
:104C800038364FF080430122C3F88025002070475A
:104C900000E001409AE2020048B1054B054A1B685A
:104CA000B3FBF2F35843044B43F00103184770473A
:104CB0003809002040420F0040CD0200BFF34F8F63
:104CC0000549064BCA6802F4E0621343CB60BFF3A8
:104CD0004F8F00BFFDE700BF00ED00E00400FA05C4
:104CE00008B50448044A3F23C0E9002309F0BEFC8C
:104CF000002008BD74360020FFFF01004FF0804304
:104D0000D3F84036DB072ED54FF01023D3F8043309
:104D100003F00703072B26D1134A0123C2F80435F9
:104D2000D2F80034002BFBD04FF01021D1F804331F
:104D300023F0070343F00403C1F804330023C2F84F
:104D40000435094AD2F80034002BFBD0BFF34F8F53
:104D50000649074BCA6802F4E0621343CB60BFF315
:104D60004F8F00BFFDE7704700E0014000ED00E01D
:104D70000400FA052DE9F3411B4DBFF35B8F984604
:104D80002B68BFF35B8F1746DA0704462AD520B994
:104D90006FF0010002B0BDE8F08101A911F036FB0F
:104DA00012490246204617F024FB0028F0D1BFF339
:104DB0005B8F2B68BFF35B8FC3F3C0061B0711D457
:104DC000A5F1D404072221464046B847062895BFDE
:104DD00045F8D46C0723C4F80360B0FBF3F094BF2C
:104DE000E671E0710020D5E7BC04002044DC02003D
:104DF0002DE9F04188B09C79DDF838805D791E7925
:104E0000DF7893F802C093F801E01B78B8F1000F47
:104E10000ED0CDE90638CDE904CE1346CDE90267C0
:104E2000CDE90045084A0FF0E5FC08B0BDE8F08187
:104E3000CDE905E3CDE9037C1346CDE90156034AEC
:104E400000940FF0D7FCF0E7BAE20200DEE20200C5
:104E500070B504468CB01E461546A2B129B10A466B
:104E600002A8042110F03CFB02A900912B46224627
:104E7000242103A8FFF7BCFF109A314603A8FEF7D0
:104E800073FD0CB070BD0346044A242103A80FF043
:104E9000B1FC0028F0DA6FF01500F2E7FFE2020043
:104EA00007B5064B0648DA79C2EBC202009200222F
:104EB0001146FFF7CDFF03B05DF804FBE8030020C7
:104EC00044DC020030B504468DB0154692B129B1DC
:104ED0000A4602A8042110F003FB02A900912B4608
:104EE0002246242103A8FFF783FF03A811F066FAE6
:104EF0000DB030BD0346054A242103A80FF07AFC0B
:104F00000028F2DA6FF01500F2E700BFFFE20200BE
:104F100007B5009313460A4601460348FFF798FF7A
:104F200003B05DF804FB00BFE6E402000A46014658
:104F30000148FFF7C7BF00BFE6E4020007B50093D2
:104F400013460A4601460348FFF782FF03B05DF8A7
:104F500004FB00BFE0E402000A4601460148FFF7F7
:104F6000B1BF00BFE0E4020007B5009313460A4654
:104F700001460348FFF76CFF03B05DF804FB00BF78
:104F8000D1E402000A4601460148FFF79BBF00BF7B
:104F9000D1E4020007B50022034600910348114600
:104FA000FFF756FF03B05DF804FB00BFD8E4020032
:104FB00008B502480AF066FA002008BDA8070020DC
:104FC00070B51A4CBFF35B8F2368BFF35B8F13F090
:104FD000010F25461DD014F8CD3CA4F1D406D3B161
:104FE000BFF35B8F2368BFF35B8F5A0701D400F0D8
:104FF000B9FBBFF35B8F55E8003F23F4006245E83F
:1050000000210029F7D1BFF35B8F1B0501D5FFF706
:10501000CFFF002009E001F0DDF830B9F379002B73
:10502000DED101F0E7F80028DAD070BDBC04002022
:1050300007B5009313460A4601460348FFF708FFE9
:1050400003B05DF804FB00BF25E502000A460146F7
:105050000148FFF737BF00BF25E5020030B50B4D13
:105060000B4B87B0002428460393CDE9044416F087
:1050700052F803AB0093284606490A234FF4E8622E
:105080000AF006FA204607B030BD00BF481F0020D6
:1050900008E30200C0630020014601480AF038BA64
:1050A000481F00200146014816F00AB8481F00209A
:1050B0000378012B30B513D0022B27D07BB9194BC5
:1050C0000A4603F1100453F8045B42F8045BA34260
:1050D000F9D11B78137043884B731B0A8B7330BD57
:1050E000104B0A4603F1100453F8045B42F8045BCA
:1050F000A342F9D11B78137043684B73C3F30722A3
:105100001B0CCB731B0A8A730B74E8E700F11003C6
:1051100050F8042B41F8042B9842F9D103780B7016
:10512000DDE700BF11E3020010B511F055FC16F0E9
:1051300054F80E4C30B1BFF35B8F2368BFF35B8F25
:105140007BB910BD0AF09EFCBFF35B8F2368BFF3F1
:105150005B8F1BB9BDE810400AF0A8BC0A20984735
:10516000F8E7BDE810400A20184700BF7C36002051
:1051700038B50446084811F0B7FA054648B1631E31
:10518000DBB21F2B96BF054A0021D15C0C3011F019
:105190001AFB284638BD00BFA80C002022E30200FD
:1051A000054BBFF35B8F53E8002F43E80001002954
:1051B000F9D1BFF35B8F70477C3600200F2810B504
:1051C0000CD80D280CD90A4811F08EFA044618B1F3
:1051D00004210C3011F0F7FA204610BD1328F2D04C
:1051E00009B10448F0E7BDE810400220FFF7C0BF56
:1051F000D40C0020240C0020F8B506460F4602F01F
:1052000099F9044640B18378012B24D0132112F080
:1052100060FA204601F0E2FD3946304605F0C8FB51
:10522000054628BB3946304604F0E6FB144B1B68A4
:1052300023B31C6804B10C3C53F8043C13B1394649
:1052400030469847D4B12346E4689B68A4B10C3C2F
:10525000002BF4D1F7E70023D0F8A450C0F8A43015
:10526000132112F036FA204601F0B8FD002DD3D0FC
:10527000284614F0D4FAD5E7002BE0D1F8BD00BFE2
:10528000E836002070B5C6683378B6F8014083B9B7
:105290000F21204601F076FEF378054650B90A4A00
:1052A000118831B96FEA04506FEA10501080074A34
:1052B000137070BD0373012101F0D0FD2846BDE8D5
:1052C000704001F08BBD00BF4A5500209E55002064
:1052D00010B5084C0146062294F86F0002F044F91C
:1052E00038B994F86F000449BDE81040052202F077
:1052F0003BB910BDE8030020A0E2020010B5012177
:1053000004460C3011F080FA2146034A0078BDE8CB
:105310001040002311F04ABC08D2020010B5012150
:1053200004460C3011F070FA2146034A0078BDE8BB
:105330001040082311F03ABCC8D1020010B5012179
:1053400004460C3011F060FA2146034A0078BDE8AB
:105350001040022311F02ABC88D102002DE9F04749
:10536000884616468246002872D0BFF35B8FDFF86E
:10537000E490002359E8004F49E80032002AF9D1AF
:10538000BFF35B8F002C63D02046FFF7A5FB324DA7
:105390000C2303FB005027464388534511D0BFF32D
:1053A0005B8F59E8003F49E80072002AF9D1BFF34A
:1053B0005B8F002B4CD01F463846BDE8F047FFF707
:1053C0002BBCA64208D0204611F089F9328AF16838
:1053D00004F10C0011F0EEF92046FFF77DFB0C26DE
:1053E00006FB00504368ABB1B8F1000F12D1204664
:1053F000FFF772FB06FB005001214268D2E900036F
:10540000127A03F01F06B1405B09DAB100EB8300AA
:1054100011F069FB2046FFF75FFB0C2606FB0050EE
:105420008368002BC8D02046FFF756FB704305F871
:1054300000802046FFF750FB06FB0055A86809F0E6
:105440000FFEB9E7C94300EB830011F0C6FBE1E7AB
:10545000BDE8F08730050020803600202DE9F843B4
:105460000C460AF00FFBE368228A1978022964D0FF
:10547000042905D02046FFF7CFFB6FF0150405E0A7
:10548000022A08D82046FFF7C7FB00240AF00EFBCB
:105490002046BDE8F88358783E2808D1032AF1D089
:1054A000DB78012B01D00A2B47D1032604E011F051
:1054B00008FB0646F0073ED504F10C05284611F01E
:1054C000BBF9012107462846B4F8109011F094F971
:1054D0000221284611F098F9804600783E2816D11E
:1054E000E3681B78012B31D00A2B2FD002251A4AF2
:1054F0001A491B4841F245130FF0E5FF002383F3DF
:105500001188BFF36F8F0323184602DF04E011F008
:10551000D8FAC1070546EAD5124A98F800000623D2
:10552000214611F043FBAA0712D56369A4F8109035
:1055300013FA87F7E760B307A7D521460A4811F0A9
:10554000D7F80A490A4815F0BBFD9EE70325E3E7B3
:105550002046FFF761FBEEE742E3020076E302003C
:105560008FE3020058D1020034050020C807002054
:10557000E81F002070B5314811F0CFF8044600282C
:105580005AD000F10C05284611F046F9022805D042
:1055900004282FD02046FFF73FFB21E0238A032B6E
:1055A000F8D90421284611F02FF9FF2243880688F4
:1055B0002276228AC6F30B009A426083EAD10F2139
:1055C00001F0E0FC05460028E4D001F0F7FC320BC6
:1055D00020762146284612F012F8284601F0FEFBFC
:1055E000174BD3F84C313BB3BDE870401549164812
:1055F00015F066BD2846022111F006F9054600782F
:105600003E2812D011F05DFA10F002060DD10F4ABB
:105610000F49104840F6A8430FF055FF86F3118854
:10562000BFF36F8F0323184602DF0B4A2878062347
:10563000214611F0BBFAADE770BD00BF3405002074
:10564000E8030020C8070020E81F002042E3020012
:10565000ACE302008FE3020098D10200094BBFF3D4
:105660005B8F1A68BFF35B8F02F00B02BFF35B8F97
:1056700053E8001F43E800200028F9D1BFF35B8FF7
:10568000704700BFBC04002010B5C1E900239DF89D
:1056900008300B720C46FFF71FFA034B0C2202FB7B
:1056A00000335C6010BD00BF80360020F8B50246B4
:1056B0000B46104811F018F80446C0B104210C3014
:1056C00011F067F82046FFF707FA0B4D0C2707FB90
:1056D0000050002646802046FFF7FEF907FB0050E9
:1056E00086602046FFF7F8F907FB00556E602046FC
:1056F000F8BD00BF7C0C00208036002037B5044682
:105700000D468DF80700A0B929B10B49072228469C
:1057100016F05FFE40B909490DF10702002005F0BF
:10572000AFF8002003B030BD29462046FFF764FDE6
:10573000F7E76FF01500F5E7A7E20200056B02003E
:1057400029289ABF014B185C092070475DE40200CC
:10575000034B0146D3F86C0182689268104700BF82
:10576000E80300200148042111F0BDB9BC04002069
:1057700000487047EEDB0200014809F083BE00BF1D
:10578000B807002070B505460C4659B94FF0FF30F8
:105790004FF0FF31FFF78AFF044618B96FF0680534
:1057A000284670BD2046FFF797F9164B0C2202FBE6
:1057B0000033A61830465D8011F03EF803280BD95F
:1057C0000321304611F007F80580238A033B8370DC
:1057D0000121304611F007F840F635439D4208D1CB
:1057E0002046FFF7B5FF054648B12046FFF714FAFB
:1057F000D6E70548214615F0ABFBFFF7BDFF0025B6
:10580000CEE700BF803600203C05002038B50246B8
:105810000B46244DD5F8541109B9002038BD05F5C3
:10582000987009F057FC0028F7D10022002305F5F5
:10583000AA7009F0E3FB044668B91B4A1B491C48DF
:1058400040F6B8430FF03FFE84F31188BFF36F8F2B
:105850000323184602DFD5F8480120B1FFF7DCF931
:105860000023C5F84831204610F06DFFC5F8480107
:105870002046FFF76DFF98B10E4809F0F1FB204676
:10588000FFF72AF90C4B0C2202FB00301F21408845
:105890002246FFF763FD2046FFF7BEF9FFF76CFFD6
:1058A0000120BBE7E803002042E30200DAE3020044
:1058B0008FE3020018050020803600202DE9F04F0C
:1058C000064687B017460C4669B94FF0FF304FF0D7
:1058D000FF31FFF7EBFE044660B96FF0680528461C
:1058E00007B0BDE8F08F887AFFF7EEF8454B8342AA
:1058F00040F0828001220021684615F042FB2046DC
:10590000FFF7EAF8DFF800A10C2303FB00A0C0F8C2
:1059100008D0204610F017FF01463046FFF732FF4F
:10592000054618B12046FFF777F9D8E716F0EEFDE7
:10593000364B1A58364B9A4220D1DFF8D8B0364849
:1059400015F01BFB002181464FF4A020FFF75EFFFE
:10595000804688B9314A32484FF4F97359460FF0FE
:10596000B2FD304831460FF0AEFD88F31188BFF329
:105970006F8F0323184602DF4C45E0D14FF4A0227D
:105980000023684609F0A6FB804698B14FF4FC73EB
:10599000224A254922480FF096FD244842463146C6
:1059A0000FF091FD002383F31188BFF36F8F032362
:1059B000184602DF2046FFF78FF80C2358431AF8E9
:1059C0000060AEB12046093EFFF726F9092E0CD83B
:1059D000DFE806F0150B0B08050B0B0B0B126FF035
:1059E0000B057CE76FF00C0579E76FF0040576E7AF
:1059F000002F97D03C6072E76FF015056FE76FF0EE
:105A00006E056CE77C0C002080360020080000004A
:105A1000782D0020DEE302003C05002042E3020076
:105A20008FE30200E6E3020006E402000FE4020056
:105A300010B5FAF7B9FF034B1B6813B1BDE810406E
:105A4000184710BD9836002073B5274D0646D5F887
:105A50006C0115F034F900283FD06FF0020105F118
:105A6000D40011F0BAF8012111F03DF8C30737D482
:105A700010F043FF044668BB1C4B1E600122114618
:105A800005F5987015F07DFA05F5AA7015F054FA31
:105A9000174815F040FB1749154800946FF00703AD
:105AA00040F6980209F0F4FC1349114815F09BFBED
:105AB000D5F86C01114983681B689847044648B9BA
:105AC00026B902B0BDE87040FAF76EBF05F1C40018
:105AD00009F0D8FC204602B070BD6FF01204F9E75F
:105AE0006FF07704F6E700BFE80300209836002047
:105AF000E81F0020406B002054E402005D540100C8
:105B00002DE9FF41504BB0F80180198848F47042EC
:105B100091424FF0000608BF1E80054604BF4B4B64
:105B20001E7800F09DF9EB78012B08BF484B05F17A
:105B3000040420460CBF93F86F70002710F048FF54
:105B40002146A8B102A810F038FFD5F81130CDF8E1
:105B50000130B5F81530ADF805300127EB78012B91
:105B60001CD01321404611F0A9FA04B0BDE8F08121
:105B7000384611F0E5FB0346006802909A889B794D
:105B80006868ADF80C208DF80E30A288A3792F79C3
:105B90000090ADF804208DF80630DFE702A8FFF78B
:105BA00097FB04460028DCD00346B5F8012023F813
:105BB000702B02989DF80E20BDF80C1020679A718A
:105BC0009980B5F8173040F2E2425343C4F8883068
:105BD000B5F81930A4F89030B5F81B30A4F892301D
:105BE000EB78E3700022012B22731CD18DF800703A
:105BF000BDF804209DF806300098A4F87B2084F8B6
:105C00007D30C4F8770000F05DFC237A1049C3EBC7
:105C1000C3035A18CB58C4F87E309388A4F8823056
:105C2000937984F884300721204601F017F926B1D2
:105C300026730121204601F011F9204601F0F0F908
:105C4000204601F0CBF890E74A5500209E550020F1
:105C5000E803002000B5C3681A7889B032B13C2A45
:105C600032D109B05DF804EB10F0C3BF8DF800200D
:105C7000B3F80120ADF80120DA788DF80320B3F8ED
:105C80000B20ADF81720B3F80D20ADF81920B3F8AC
:105C90000F20ADF81B205A7C8DF81D20586801900C
:105CA0001A899B7A8DF80A30094BADF808206846AE
:105CB0001A689B88CDF80B20ADF80F30CDF8112075
:105CC000ADF81530FFF71CFF09B05DF804FB00BF0D
:105CD000B4E2020038B5032104460C3010F094FD04
:105CE000E3680578B0F80100197840F6354398422A
:105CF0000AD02246FFF732FB35B1044809F0B0F96B
:105D0000BDE83840FFF738BD38BD00BF180500209A
:105D100038B5042104460C3010F076FD4578017842
:105D200040882246FFF71AFB35B1044809F098F97C
:105D3000BDE83840FFF720BD38BD00BF1805002082
:105D4000F8B50A4DEF7906460024E3B29F4202D827
:105D50006FF0010007E02946304611F01DFA0735C3
:105D6000631C08B12046F8BD1C46EEE7E80300209E
:105D700037B504460D46B9B11649284611F00CFA5C
:105D800090B91548C4EBC4042946204411F00CFA1C
:105D9000124811F010FA430703D5FFF709F910F084
:105DA000AEFD002003B030BD684610F0F8FD0028BD
:105DB000F8D16846FFF7C4FF0028F5DA064BC4EBBC
:105DC000C4001844694611F0EFF9002DE0D00146F7
:105DD0002846DBE7A7E20200E8030020BC0400201D
:105DE00070B5144E06223146044616F0F2FAE0B1C0
:105DF0004FF0FF304FF0FF31FFF758FC0546B0B1D0
:105E0000062221460C3010F0D5FC0022294642F231
:105E10000500FFF753FD48B93346226843F8692966
:105E2000A288B280012283F86820002070BD6FF044
:105E30006800FBE751040020084BBFF35B8F53E879
:105E400000CF4CF4806C43E800C2002AF7D1BFF3C6
:105E50005B8F037A19430172704700BFBC040020B6
:105E60000A4BBFF35B8F53E8002F22F4806143E8B5
:105E700000100028F7D1BFF35B8F530504D5044908
:105E80000022022004F01EBD704700BFBC040020A9
:105E90009F7302001FB50023CDE9023301908DF8F6
:105EA0000C1001AA0349022004F00CFD029805B071
:105EB0005DF804FBDF720200F7B5044670B1404D97
:105EC00095F8222195F823310AB19A4208D201337C
:105ED00085F82331237A43F00403237203B0F0BD25
:105EE00000210222084601F03FFB064648B1204649
:105EF0000121FFF7A1FF304603B0BDE8F04000F0FC
:105F00006DBF01462F4800F0D7FA95F82331B3B999
:105F100095F8232195F822319A421CD1002211468E
:105F200042F22900FFF7CAFC70B995F8233101331A
:105F300085F82331237A43F00403237204E03046CA
:105F400011F07CF90028E3D01F48002103B0BDE820
:105F5000F04000F0B1BA2246671C12F82A0B39460D
:105F600011F02FF9064630BB95F82331013385F83F
:105F70002331237A43F00403237295F8A7305B079B
:105F800019D53946684611F00FF901234FF0FF305B
:105F90004FF0FF318DF80730FFF788FB044650B112
:105FA000082269460C3010F005FC3246214642F2C8
:105FB0004E00FFF783FC012011F040F9C4E700BF59
:105FC000E8030020097302006F7202002DE9F0411E
:105FD000044600B3364D95F8222195F8233192B14D
:105FE0000132934210DC00210222084601F0BCFA83
:105FF000064690B120460221FFF71EFF3046BDE85D
:10600000F04100F0EBBE13B1013B85F82331237A58
:1060100023F004032372BDE8F0810146254800F017
:106020004BFA304611F00AF9074688B995F8233142
:1060300095F822219A4217D2013B85F82331237A21
:106040001D4923F0040302462372022004F03AFCA7
:1060500095F8233113B1012011F0F0F8BDE8F041BB
:106060001648002100F028BA4FF0FF304FF0FF3102
:10607000FFF71CFB04F1010806460028E8D00721C1
:106080000C3010F091FB414611F08EF83A46314643
:1060900042F22800FFF712FC0028D9D195F82331ED
:1060A000013B85F82331237A23F004032372CFE7E1
:1060B000E803002009730200277202006F720200D9
:1060C00038B50D460649CC7938B12B689C4228BFBB
:1060D0001C46C4EBC40216F04CF92C6038BD00BF5E
:1060E000E803002070B5044611B16FF0150070BDD3
:1060F00080B11B4911F050F860B92046FFF720FE2F
:10610000002827DA2378012BEFD1A37903F0C0030D
:10611000C02BEAD1134DEB79012B1ED005F1D40031
:1061200011F049F8C30707D4002CDED00C492046F3
:1061300011F032F80028D8D1EE792146731C304690
:10614000EB71FFF715FE08B93046D0E7EB79013B5C
:10615000EB71CCE76FF07700C9E76FF00B00C6E793
:10616000A7E20200E80300202DE9F3410446D8B17C
:1061700001AA002141F20900FFF7A0FB054698B9EA
:10618000019E1249D6F80C8008F101070622384614
:1061900016F01FF928B10E490622384616F019F9F3
:1061A00030B93046FEF738FD002002B0BDE8F0817E
:1061B000D8F80130C4F80130BB88A4F80530304667
:1061C0002570FEF729FD0120EFE700BFB4E20200D1
:1061D000AEE2020007B56846FFF7C6FF044BD87170
:1061E00018B169460020FFF7C3FD03B05DF804FB5A
:1061F000E8030020F0B5294DEE7989B0002E46D194
:1062000095F8C230DB0722D56A4631464FF6094081
:10621000FFF754FBD8B9DDF800C0DCF80C40637818
:10622000012B1E4628BF012673B1A31C02AA1234FB
:1062300018685968174603C70833A3423A46F7D18E
:10624000186838609B88BB806046FEF7E5FCEE71FD
:10625000002416260127EB79E0B2834202D8B3B1BD
:10626000002012E008AB06FB0033694653F8182CF7
:1062700033F8143CCDF80120ADF805308DF80070EE
:10628000FFF776FD01340028E5D009B0F0BD00210C
:10629000084609B0BDE8F040FFF724BFE80300203E
:1062A0002DE9F0410D4617461C460646002856D0FB
:1062B000002B54D00A03037808D56D074FD411F092
:1062C00053F8002849D1012323700CE0A9072CD0F2
:1062D00026480FB1AA0608D4C3EBC302825C012A88
:1062E00012D002B92270002037E090F8D820510671
:1062F00038D5C3EBC302825C012A05D002B92270F3
:10630000237843F00203DFE74FF00108072111FB78
:1063100003810144304611F01FF8F0B984F8008081
:10632000002FE0D0AB06DED5EAE76A0711D50F49AA
:10633000C3EBC3028E5C012E08D1072212FB03635C
:10634000194411F009F840B92670EBE7002EE9D1A5
:10635000FAE711F009F801232370BDE8F0816FF02E
:106360001500FAE76FF08500F7E700BFE8030020AB
:10637000F8B545686905064635D4046914B115F0C9
:10638000030330D0194F3078FB7983422BD9C0EB0F
:10639000C00017490722384416F01BF8A8B115F0C1
:1063A000030306D197F87020082A02D8B2689F2A02
:1063B00019D915F0300F09D0ACB1EA060AD405F4AA
:1063C0006035B5F5603018BF0120F8BDEB0601D48B
:1063D000002CF4D1D6E902239A4204D81F2A02D90C
:1063E000B3F5804FEBD90020EFE700BFE8030020B2
:1063F000A7E20200F7B5CDE90001694642F20800C4
:106400009DF8207016461D4610F0F0FF044668B94E
:106410007FB9BFF35B8F0C4B53E8001F41F00401C1
:1064200043E80012002AF7D1BFF35B8F204603B088
:10643000F0BD694642F20900CDE9006510F0D6FFD3
:106440000028E6D00446F1E710040020F8B5044621
:10645000164B14F8097B83F86F7005460E46072229
:106460001349204615F0B5FF70B91249384601F0BE
:1064700035F8044610B96FF00B00F8BD052100F0A7
:10648000EDFC34600020F8E72146384611F0C0F9F1
:1064900040B92146287801F021F804460028EAD0C6
:1064A0000621ECE76FF01500E7E700BFE8030020E6
:1064B000A7E20200A0E2020003460148184700BF1D
:1064C0000004002000487047000400202DE9F04F30
:1064D0008B4ED0F810B089B09A460023BBEB030472
:1064E0000546304618BF0124039310F079FF0F468C
:1064F0004107914640F1E5802846FFF739FF60B932
:106500006FF015043846002340F20111994540F020
:10651000E180204609B0BDE8F08F284610F03BFF2F
:1065200080460028ECD0A6F1AC0010F059FFC2055F
:10653000C0F3002300F1C880CDE90533CDF81B304E
:10654000AB686868ADF81030EB68ADF8123010F049
:1065500038FF8DF81D00BFF35B8F56E8003F23F432
:10656000807346E80032002AF7D1BFF35B8F2A78A8
:1065700006F8BC2C06F8652C696822460DF1150357
:10658000A6F1BC00FFF78CFE04460028BAD1A6F1A4
:10659000B303BBF1000F11D02A69116846F8B31C90
:1065A0009188998092799A716B689E0745D1980578
:1065B00002D4BAF1000F54D002230BE0514A116803
:1065C00046F8B31C9188927999809A716B689C0700
:1065D000EDD05B468DF814304FF0FF304FF0FF31B7
:1065E000FFF764F80446002871D00F2204A90C308C
:1065F00010F0E0F82146002242F20600FFF75EF9B3
:10660000044600287FF47EAFBBF1000F2DD06B68ED
:10661000990736D13C48012110F05DFF039E0446E6
:10662000002836D0002E3FF46DAF3046002100F038
:1066300015FC304600F0D2FB64E713F0100F0CBFDE
:10664000012304238DF814302B691A68CDF8162025
:106650009A88ADF81A209B798DF81C304FF000080D
:10666000BAE703238DF81430F8E7129BCDF80080C9
:10667000524649463846FFF7BDFE04460028C6D0BC
:1066800040E7214803A9FFF7E1FE04460028C1D0F6
:1066900038E716B1304600F0A1FB6A681B4812F0DB
:1066A000030218BF0122092110F0FAFE42460A2116
:1066B00010F0F6FE6A680C21C2F3800210F0F0FEC2
:1066C00020E76FF00A041DE76FF077041AE76FF018
:1066D000680417E702888A4204D1426812B112782E
:1066E000D20702D40133083010E70949094814F0F1
:1066F00018FD4FF470220023064808F067FF08E7F2
:10670000BC040020A7E202000004002010040020C6
:106710002D7502001804002010B5184810F003FF72
:10672000174810F05DFE0346DA05C0F3002023D5BC
:10673000134810F055FE830515D51249124807225B
:1067400015F047FE11490346087E93B9104905220A
:1067500000F00AFF044630B10021017300F07EFB17
:10676000204600F03BFBBDE810400448002110F03B
:10677000B2BE06222131EBE710BD00BF00040020AD
:1067800010040020A7E2020009040020E803002012
:10679000A0E2020070B59AB03B4B02930021182290
:1067A00003A815F00EFE44F2010309A8099310F0A6
:1067B000BFFE099B04936946344B059302A815F06C
:1067C00040FA10B31F25324BBFF35B8F53E8001F15
:1067D00021F0010143E80012002AF7D1BFF35B8FDB
:1067E0002C4E09F04FF93468002C45D0002DA4F14F
:1067F0000404294D18BF002523680BB1284698478B
:106800006468002C38D0043CF6E7009801AB4122C4
:1068100009A915F0E8F80028D4D1204A0DF1250384
:106820000DF1650153F8040B42F8040B8B42F9D1CA
:106830001B49009801AB202215F083F80028C1D134
:1068400000980AF05DFA05460028BBD113491248AA
:1068500010F07BFE1348203110F077FEBFF35B8F02
:10686000114B53E8001F41F0100143E80012002AC9
:10687000F7D1BFF35B8FA6E70023C6E9003309F029
:1068800015F91AB070BD00BF1271000100000209B5
:106890009C360020A4360020FF550020BF55002064
:1068A0009F5500201F560020BC04002030B5A7B023
:1068B00004233D22002116A8159315F082FD2D4BCF
:1068C00006931822002107A815F07BFD44F201036E
:1068D0000DA80D9310F02CFE0D9B0893264B0993E9
:1068E000264904AB202206A80AF04CFAD8B16FF072
:1068F000040409F0C7F8224B1D6885B10020186018
:10690000204BBFF35B8F53E8001F21F0020143E8E7
:106910000012002AF7D1BFF35B8F24B3A84709F018
:10692000C5F827B030BD184B0DF1550203F14000FA
:10693000194653F8044B42F8044B8342F9D105AB96
:1069400002932023CDE900130B480499412315AA93
:1069500015F029F90028CAD104980AF0D1F90446A3
:106960000028C6D0C3E70DA8074910F0EEFD0DA81A
:10697000D4E700BF12710001000002099F550020FA
:10698000A03600209C360020BF55002008B50449E1
:10699000402215F01EFDB0FA80F0400908BD00BF8E
:1069A00087E4020010B59AB018220446184B0293EF
:1069B000002103A815F005FD4FF4804309A80993B1
:1069C00010F0B6FD099B0493124B05932146042356
:1069D0000DF125008DF8243010F0B7FD04F12001F1
:1069E0000DF1450010F0B1FD01AB412209A902A84B
:1069F0000AF0C8F9044602A815F09BF92CB90198D1
:106A00000AF07EF901201AB010BD0020FBE700BF9C
:106A1000124100010000020910B5002837D0204AB9
:106A2000136823B1043B834234D05B68F9E71D4B04
:106A3000BFF35B8F1968BFF35B8F89072DD4146890
:106A40004460011D5068116000B95160BFF35B8F55
:106A500053E8002F42F0010143E800100028F7D16D
:106A6000BFF35B8FD30701D5002010BD0E4BBFF3E2
:106A70005B8F53E8001F21F0100143E80012002A49
:106A8000F7D1BFF35B8F0948FEF70CFBECE76FF023
:106A90001500EAE76FF07700E7E76FF00F00E4E733
:106AA000A43600209C360020BC040020E80700200B
:106AB000054BBFF35B8F1B680448BFF35B8F13F07C
:106AC000100F08BF00207047BC040020FF550020B5
:106AD00070B505461E4803688B4232D0BFF35B8F0A
:106AE0001C4B1B68BFF35B8FDA062DD5036813B10F
:106AF0006FF00F0070BD184ABFF35B8F1368BFF3D0
:106B00005B8FDB07F4D4BFF35B8F52E8003F43F0A9
:106B1000020442E80046002EF7D1BFF35B8F13F06A
:106B20000204E5D101600D48294610F00EFD0C4825
:106B300005F1200110F009FD0A48FEF7B3FA2046DE
:106B4000D8E76FF07700D5E76FF07C00D2E700BFA1
:106B5000A0360020BC0400209C360020BF55002039
:106B6000DF550020D807002070B50C4B1C68054687
:106B700044B154F81C3C1C3C13B1297B284698476F
:106B8000E469F5E7064C074EB44200D370BD2368B4
:106B900013B1297B284698472034F5E7E0360020DA
:106BA000E0C9020020CA020010B50446FDF794FFB8
:106BB000044901EB001120460FF04BFFBDE81040E7
:106BC000FEF7DABDAC36002070B5D1E901560022DF
:106BD0000446C1E90122064814F0BAF93DB1314634
:106BE00020462B466FF06D02BDE87040184770BD1F
:106BF0009C0B002037B5437B072B04462ED14FF466
:106C00008061043010F0C5FC410527D4BFF35B8FD1
:106C10006368134DBFF35B8F13F4803F14D095F876
:106C2000D8309A061AD510F0D7F8B8B10DF1060190
:106C300001A810F02BFA88B9BDF80620BDF80410A1
:106C4000204610F07CFA09E095F8D8301B07E6D50D
:106C5000204610F059FA637B072BE0D003B030BD1B
:106C6000E803002070B505460F480022002308F015
:106C700031FAB8B90D4B1C6834B154F8143C1C3CC3
:106C800003B19847E469F7E7094C0A4EB44204D3CC
:106C90002846BDE8704008F0F5BBA36803B19847EB
:106CA0002034F3E770BD00BF840B0020E0360020E5
:106CB000E0C9020020CA02002DE9F843DFF8548041
:106CC000044640270025EFF3118387F31288BFF3B2
:106CD0006F8FE16929B983F31188BFF36F8FBDE826
:106CE000F883206A0A68E261814208BF226283F366
:106CF0001188BFF36F8FD1E901694046C1E90155A1
:106D000014F026F91EB1002249462046B047FEF78E
:106D100033FDD8E79C0B00200448B0F80431002B69
:106D200000F5847008BF0020704700BFE803002012
:106D300030B5044615F0EAFB0D4A0D460D490858DA
:106D4000D2F8801088428BB005D120460BB0BDE848
:106D50003040FFF7B1BF24342146104614F0B0F99B
:106D60001DB16946204614F0BBF90BB030BD00BF21
:106D7000782D00200800000038B5002204468A4221
:106D800002D10024204638BD04F1C8030120BFF31E
:106D90005B8F53E8005F002D04D143E8000CBCF189
:106DA000000FF6D1BFF35B8F02D0D0340244E6E788
:106DB000002CE6D0C8220021204615F002FB04F189
:106DC0004000044914F0ADF9034904F1240014F023
:106DD0005BF9D7E7E9760100B175020008B5C83064
:106DE000BFF35B8F50E8003F013B40E80032002AD0
:106DF000F8D1BFF35B8F3BB9044808F031F9BDE827
:106E00000840034808F03EBB08BD00BF840B0020CB
:106E10000808002010B5044610F03FFC08F032FED0
:106E20000C4BD3F8243104F1BC012BB90A4810F003
:106E300096FB08F03BFE06E0994208D108F036FECA
:106E40002046FFF7CBFFBDE81040FEF795BC1B685E
:106E5000EBE700BFE80300200C05002070B5437B82
:106E60008B42044668D04173FBB910F016FC637B7B
:106E7000012B1DD0072B5FD13048002109F048FAC3
:106E80000023C4E90D33E378012B55D1A378012BFE
:106E900004BF032384F8983004F140004FF42032FB
:106EA000BDE87040002308F05DBB427B012A08D199
:106EB000234D05F58476616961BBBDE87040FEF73E
:106EC0005BBC072AD8D0002A36D1013B072B33D828
:106ED000DFE803F004171B1B1B17323200F14005DB
:106EE000284614F02AF920460121FFF721FF204609
:106EF00010F07CFB28460022BDE87040002308F01B
:106F000065BB037B0BB1FFF72FFE2046BDE8704049
:106F1000FFF764BFA2690B686361914208BFA36178
:106F20002046FFF751FEB5F80431002B14BF304660
:106F3000002008F095F8BEE770BD00BF18080020DB
:106F4000E8030020F8B5074609480D46164610F03C
:106F5000A4FB044650B183781F4203D1BDE8F8403A
:106F6000FFF73CBF3146A8472046F7E7F8BD00BF12
:106F700088200020024900220120FFF7E3BF00BF64
:106F8000F56B010038B505460B480C4610F085FB43
:106F9000034670B1427B012A02D0073A012A06D883
:106FA0001A88AA4202D19A78144203D11846FFF7F0
:106FB00015FF0023184638BD88200020034BC01A57
:106FC000034B00115843C0B2704700BF8820002017
:106FD000C54EECC470B51C46144305460E460AD097
:106FE00015F094FA0B4908580B49D1F880108842E3
:106FF00004BF002213460949002D14BF2846084645
:107000000FF072FB044618B1711D0C300FF0C1FB7C
:10701000204670BD08000000782D0020CC0B002019
:1070200010B50446054808F02DFA204600F0BCFCD7
:107030002046BDE81040FFF797BD00BFF8070020CD
:107040002DE9F04F87B0002303930593AA4B5A8B89
:1070500032B1AA4DD5F8244134B907B0BDE8F08F5C
:107060001B68002BF5D1F8E754F8BC3903B1BC3BE1
:10707000A349002601E01C461346B5F80421002A66
:1070800000F03781D5F810214AB904F1BC06002B75
:10709000E3D0D3F8BC20002AEDD0BC3AEBE70A6875
:1070A000002AF2D0D4F8A820002AEED0D4F8AC20E0
:1070B000002AEAD0D4F8B020002AE6D0637B072B60
:1070C00066D120469047002862D0BFF35B8FD4F88A
:1070D000C030BFF35B8F022B5ADC204610F0DDFA84
:1070E00004460028B9D0637B072B40F0F980D4F820
:1070F000A830B5F8041104AA20469847074600288E
:1071000000F0D180B5F80421049B9A4206D30146D1
:10711000D4F8AC6005AB03AA2046B047059B0193A9
:107120003B8ADDE9039A002B00F0DD8038460FF042
:10713000A6FC8046002840F0D980B5F80431DFF87D
:10714000C4B1002B14BF584600200022002307F0D2
:10715000C1FF78B96A480022002307F04FFF0646B6
:1071600000283BD1B5F80431002B18BF5E463046ED
:1071700007F076FF6FF00B053846FDF74DFDB9F1CE
:10718000000F00F08C8001992A462046C84786E00F
:10719000D4F8BC3004F1BC02C6B9D5F82811C5F842
:1071A00024318A4201D1C5F828310023C4F8BC300B
:1071B0002046D4F8B0309847002894D0637B072B42
:1071C00040F08E802046FFF725FE8CE73360D5F82F
:1071D00028319A4208BFC5F82861E6E7019BC0F84C
:1071E00004908360B5F804B14348DA454FF00002DB
:1071F0004FF000034FF0000198BF1FFA8AFBFDF724
:107200008DFC814650B1FDF767FC3F4B5A4603EBBE
:107210000013394648460FF0F7FB8146B5F80431B4
:1072200094F8C4709A458CBF4FF00108023784F877
:10723000C48098BFFFB204F1C008BFF35B8F58E869
:10724000003F013348E80032002AF8D1BFF35B8FDA
:1072500004F1140A3146504610F081F9A378012B4D
:1072600025D0BFF35B8F58E8003F013B48E8003270
:10727000002AF8D1BFF35B8F3146504610F09BF9DE
:107280004846FDF7C9FC20463146FFF79DFCB5F89E
:1072900004311C48002B08BF002007F0E1FE132139
:1072A000204610F016FA2046FFF798FDD5E609F1C2
:1072B0000C0B042158460FF08EFA238807F0FD07C7
:1072C00043EA07330380B9F81030043B43800221BE
:1072D00058460FF088FA4846FEF73AFA0028C0D11F
:1072E000FEF74AFADFE76FF0790545E76FF004052E
:1072F00042E79368FFDE00BF500C0020E803002047
:107300009C0B0020F0040020AC3600202DE9F04159
:10731000D0F88860BFF35B8F4268BFF35B8F920445
:1073200040F2E2430446B6FBF3F600F10403B6B2C2
:1073300017D5B0F88C20B24213D8B0F88E20B242E4
:107340000FD3D0E9241291420BD1BFF35B8F53E8E6
:10735000001F21F4005143E80012002AF7D1BFF3C7
:107360005B8F114B1D6865B155F80C7C1C3D37B126
:10737000B4F89230B4F8902031462046B847ED6911
:10738000F1E70A4DDFF82880454501D3BDE8F081DB
:107390002F6937B1B4F89230B4F8902031462046C6
:1073A000B8472035F0E700BFE0360020E0C9020012
:1073B00020CA02002DE9F041074608460D460FF0AD
:1073C0000DFD064618B900263046BDE8F081144B85
:1073D0001C6884B154F8103C1C3C0BB9E469F8E714
:1073E0002946384698470028EDD028460FF0F6FC8D
:1073F0000028F3D1E7E70B4CDFF82C804445E3D2BB
:10740000E3680BB92034F9E7294638469847002845
:10741000D9D028460FF0E2FC0028F3D1D3E700BF13
:10742000E0360020E0C9020020CA02002DE9F04148
:10743000C37804468BB900F17E06114B1D687DB1FF
:107440001C3D04F170076B691BB13A46314620467A
:107450009847ED6925B11C3DF5E700F17706ECE7AB
:10746000084D094F04F17008BD4201D3BDE8F08119
:107470006B691BB142463146204698472035F3E7F9
:10748000E0360020E0C9020020CA0200F8B5437AC5
:1074900083720546164610F0A3FA0D4B1C684CB1DA
:1074A00054F8043C1C3C1BB1697A32462846984784
:1074B000E469F4E7074C084FBC4200D3F8BDA36968
:1074C0001BB1697A3246284698472034F4E700BF5A
:1074D000E0360020E0C9020020CA020038B50546A7
:1074E0000C460F480121FFF747FCC0B10572236825
:1074F0000367A388A0F87430A37980F8763001235D
:10750000437283728370074BC0F8A830064BC0F8F3
:10751000AC30064BC0F8B030054BC0F88C3038BDED
:1075200088200020CD7801007F750200737502006D
:107530001800280070B505460A480E4610F0ADF850
:10754000044620B18378012B04D0FFF747FC0024C8
:10755000204670BD3246294610F03AF90028F7D18E
:107560002046F2E788200020F8B505460E480E4672
:10757000174610F092F8044620B18378012B03D00F
:10758000FFF72CFC00240DE036B13246294610F0FE
:107590001FF908B92046F3E7637BBB42FAD1237A8F
:1075A000AB42F7D12046F8BD8820002010B5837883
:1075B0000B70C3784B70037A8B70437B023BDBB25A
:1075C000062B044698BF2B484FF0000298BFC35CBF
:1075D00081F8232088BF134681F82030A378012B3F
:1075E0000CBF637A002381F82130204610F0A8F800
:1075F00081F82200A378012B39D104F170038B604C
:10760000237A1D4AC3EBC30313444B60E07804F1B3
:107610007E0304F1770210B1184613460246C1E911
:107620000323D4F888304B6140F2E242B3FBF2F31B
:107630000B83B4F890304B83B4F892308B83D4F83A
:10764000A4302BB15B7BDA0644BF012381F82330E1
:10765000D4F8A43013B15B7B9B0601D4002010BD8D
:1076600091F8233043F0020381F82330F6E76FF0FE
:107670001500F4E7C7E40200E803002038B504462B
:1076800008460D460FF0AAFB48B3164B93F8D830C6
:10769000990707D4E37883B129462046BDE83840EE
:1076A00000F0D8B994F899309A07F3D5BFF35B8FFF
:1076B0006368BFF35B8F5B04ECD42946204610F06F
:1076C000B5F858B92B88A4F88C306B88A4F88E30A4
:1076D000AB88A4F89430EB88A4F8963038BD6FF0EE
:1076E0001500FBE7E8030020F7B510F8333C04462B
:1076F000A0F140060BBB304610F015F9314B1D6868
:107700004DB155F8183C1C3D1BB114F8341C3046E3
:107710009847ED69F4E72C4D2C4FBD4205D3304618
:1077200003B0BDE8F040FFF759BB6B681BB114F81C
:10773000341C304698472035EFE710F83E3C012BCB
:107740003DD1BFF35B8FA0F13C0555E8003F23F42A
:10775000005245E800210029F7D1BFF35B8F9B045D
:107760001CD5E36C00936946636D01933046FFF7C7
:1077700085FF58B9BFF35B8F55E8003F23F4805372
:1077800045E80032002AF7D1BFF35B8F4FF4006168
:10779000284603B0BDE8F0400FF0FBBE0C4A10686D
:1077A00051686B4603C369463046FFF767FF002800
:1077B000ECD14FF4805128460FF0EBFEE6E703B022
:1077C000F0BD00BFE0360020E0C9020020CA020080
:1077D0007CCC02000B4B58B11A6862B902693AB905
:1077E00002685AB942684AB982683AB942692AB904
:1077F0001860002070476FF0770070476FF0150039
:10780000704700BFF036002008B568B1094B1A6810
:1078100000F10C0122B907480FF0A1FE104608BD87
:10782000914204D01268F5E76FF01500F7E76FF0AA
:107830007700F4E7E836002010B50C4813F07CFB25
:107840000B490A4813F084FB0A49084813F080FBEF
:107850000949064813F07CFB10F00FFE02F0CCFF44
:10786000044608B910F088F9204610BD9C0B002092
:10787000BC360020C8360020D4360020044B1868DF
:1078800018B9044A5A600B6070476FF00B007047DC
:10789000F436002044D2020070B5044652EA0300D8
:1078A0000AD014F033FE074D074ED5F880503058FB
:1078B000854204BF0022134620460431BDE87040D3
:1078C000FFF788BB782D0020080000002DE9F84361
:1078D000D0F8B4400E4690464CB1483C236B63B19F
:1078E00004F13009484613F048FB054658B9FDF746
:1078F00043FF00252846BDE8F8832068B43010F027
:1079000008F8A46CE8E70FF0BAF80028F1D128468F
:107910000EF019FFE36C05469BB9A38C078A403B28
:107920009BB23F2B03D8238D9F4228BF1F460421C3
:1079300005F10C000EF04FFF0780A38C4380043745
:10794000E764E36C2A8A9E420FD3934216D0A38C3D
:10795000403B9BB23F2B21D92068B4300FF0D9FFB8
:10796000236B13B120460FF0B5FFE36CC8F800306D
:107970009E4234BF9E1B0026E664BBE70022002324
:10798000484607F03BFBFDF747F9A38CA3F1400203
:107990003F2AE1D8034AAA61EB61DDE700221346E2
:1079A000F9E700BF9F7A0200F7B5284D284F04463B
:1079B0000026BD4201D303B0F0BD2988204610F057
:1079C00064F86B68019001A920469847002838DBCD
:1079D000019B2A889A829A8403F11002BFF35B8F7D
:1079E00052E8001F42E800600028F9D1BFF35B8F26
:1079F0009E64DE649E60A16B03F1080219BBC4E9BA
:107A00000D221C60DE6003F1300013F095FA01983E
:107A100043681B6803B19847019BBFF35B8F10332A
:107A200053E8001F41F0010143E80012002AF7D19A
:107A3000BFF35B8F01984368DB6913B100F110015C
:107A400098470835B5E70A60A263DAE7C8C90200BB
:107A5000E0C9020070B5124B0C4619780131C9B269
:107A6000012938BF012105460822122019700FF0A4
:107A7000D4FF064688B108210C300EF095FE22880E
:107A8000028062884280A2888280E288C280314679
:107A90002846BDE8704010F00FB86FF00B0070BDC5
:107AA0003F56002023281FD81A2804D8431E182B1D
:107AB0000ED906207047A0F11B03082B1ED8DFE863
:107AC00003F0051D1B231D19251D0500032070470C
:107AD0000F4A012383401A40C2B90E4A1A40002AB5
:107AE00014BF01200620704700F07F03522B05D100
:107AF00000207047012070470520704710F0400FAC
:107B00000CBF0620002070470420704702207047F9
:107B1000AAAA8A025455450170B50E46438D418B81
:107B20008B4202F1010228BF0B469A42054620D83B
:107B30003046FFF7B7FF022812D0042810D014F007
:107B4000E5FC154B1958154BD3F88030994213D0EA
:107B5000134B1B685A1A18BF4FF0FF32134602E04E
:107B60004FF4702200230F480021FFF795FE0446D2
:107B700020B90024204670BD0022EFE7FCF7ACFFDF
:107B8000094B182202FB0033012104F10C009D6017
:107B90000EF00AFE0670EDE708000000782D0020C8
:107BA000BC370020F80B002044370020011F01489B
:107BB00013F0E7B8240A0020F8B54FF47022074606
:107BC00000230D480E460EF08FFD044690B100F1E3
:107BD0000C05092128460EF0DCFD2046FCF77CFF51
:107BE000064B182202FB0033012128469F600EF04D
:107BF000DBFD06702046F8BDF80B0020443700205E
:107C000010B500F150030446BFF35B8F53E8001F2B
:107C100041F0010143E80012002AF7D1BFF35B8F66
:107C2000201F10F00FF904F17400044913F079FAE1
:107C30002068BDE8104001F069BE00BF2D8502003C
:107C400070B503788AB004460E4607AD032B20D8E2
:107C5000DFE803F002191B1D11492846F8F742FD21
:107C6000059563780493A3780393E37802932379CB
:107C7000019363790093A3790A4A1E2130460CF0E0
:107C8000B9FD0AB070BD0849E7E70849E5E70849CA
:107C9000E3E7084A0A2128460CF0ACFDE0E700BF04
:107CA0002FDC020058DC020036DC02003DDC020062
:107CB00047DC020051DC02002DE9FF4105460E467B
:107CC0004FF000084FF42053006817688DF80880C3
:107CD00002A91446ADF80A300EF013FEA0B142F628
:107CE000010328688DF80C8003A9ADF80E300EF062
:107CF00008FE48B123691BB15A88B24200D25E80A7
:107D0000012004B0BDE8F081616828680EF0F9FD3B
:107D100010B100232361F3E7E368A0681A786AB121
:107D2000B7F82AC0798B038A8C4594BFC3EB0C0348
:107D3000C3EB0103934201DA0020E2E704210C3097
:107D40000EF032FD2061068023695E80074B0093B0
:107D50000194A26800232946384610F0B6F800289E
:107D6000EADB2069003818BF0120CAE7AB7E0200B9
:107D70002DE9F34717680546894600685168D7F82A
:107D800004A014460EF0BDFD804600284BD195227C
:107D90002946504610F0AEFF0646207540B1E36814
:107DA0001B780BB184F81480002002B0BDE8F08786
:107DB0002946504611F0DCF810B908232375F3E783
:107DC000A06826750EF0C3FC02210C300EF0ECFC0E
:107DD000164B2061A0F8009000930194A2683346EE
:107DE0002946384610F071F8002807DA10F1FF0F25
:107DF00026BF4042C0B20E202075D5E72369002B74
:107E0000D2D0A0680FF0C3FE7B8B7A8D9A4294BFCC
:107E1000C0EB0200C0EB0300E3681B78984294BFFC
:107E200000200120C1E70120BFE700BF9F7B0200C7
:107E3000F7B5002304460E462B480022694606F09B
:107E4000E7FF0546D0B914F061FB284B009F1A5894
:107E5000274B29461A60381D282214F0B2FA3C60DC
:107E6000009C24480195C4E90155C4E90955002244
:107E7000002301A906F0CCFF054620B16FF00B05E9
:107E8000284603B0F0BD019B0146B022184614F00D
:107E900098FA194A82605C3013F04EF8019BBFF3E8
:107EA0005B8F543353E8002F43E800510029F9D188
:107EB000BFF35B8F019B1C60636A019F1BB904F1D8
:107EC0000C0013F039F8626AC7F8A820A26A07F11B
:107ED000A803636202B9A362019B17225A855A83E1
:107EE00004333360CCE700BF080A0020080000001C
:107EF000BC370020240A0020280800202DE9F74F75
:107F0000064608460C46FCF7E7FDDFF89880182384
:107F1000434308EB03020546D2F808A0E068BFF32C
:107F20005B8F716DBFF35B8FC90738D5E168097846
:107F30001171002248F803200378D22B0ED1336848
:107F40002146186811F0D8FA40B101902046FCF79C
:107F500063FE019B184603B0BDE8F08F04F10C00EE
:107F60000EF06AFC18235D4308EB050900231A464E
:107F700007462146301DB4F810B0C9F808600FF06C
:107F800062FD03460028E5D06269A4F810B012FA39
:107F900087F7E76048F80500C9F808A0DAE76FF04E
:107FA0001503D7E7443700202DE9F14F0546FCF7CC
:107FB00093FD3349182202FB00F3C81851F803A0BF
:107FC0000779B0F80680D0F810900021D0E9024679
:107FD00014F0F7F9A87AFCF777FD6969834651B187
:107FE0006B7AD80705D4DBF824301B6828469B68D9
:107FF000984700236B612946584612F0B4FF002FC2
:1080000031D084B3236873B31B6863B3BAF1000F34
:1080100029D1201D10F046F93846FFF743FD052809
:1080200021D8DFE800F0160320162003BFF35B8F92
:10803000636DBFF35B8FDA0715D5A36D9BB14FF46A
:108040007022002304F1780001B0BDE8F04F07F082
:10805000BDBA23681D68BFF35B8F636DBFF35B8F91
:10806000DB0700D556B901B0BDE8F08F4946284678
:10807000B0470134A3B29845F8D8F4E70024F9E7F3
:1080800044370020F8B50B8A076804460D46002BDC
:1080900039D0012105F10C000EF0B6FB7B7B072BDC
:1080A000064630D154F8043C6BB301781748043CC1
:1080B000002310F833708F4200EBC30208D1298AE5
:1080C00053789778994213D2012F1CD1042317E0DB
:1080D00001330C2BEDD10846FFF7E4FC98B10528DD
:1080E00011D081B106230022204610F01EF90AE0CB
:1080F0005368294620469847012F034603D110B103
:1081000031780029EFD10020F8BD00BF6CD2020009
:108110002DE9F0410E8A043EF6B2022E04468CB0E0
:10812000084601D0102E64D104210C300EF06CFBF7
:108130000DF1080805884788011D324640460EF0BB
:108140000EFC002857D09DB3002687B3BD422FD820
:108150004FF4205301A940468DF80460ADF8063075
:108160000EF0CFFB40BB1422002107A814F029F920
:1081700011212046FFF720FD0990002837D001216A
:108180000C30CDE907480EF00FFB00230A901B4A84
:10819000037039460B93284607AB0FF049FD0A9B45
:1081A0001B78FBB90998FCF737FD0A2301E03D462F
:1081B00001232A4610210EE042F6010307A940469A
:1081C0008DF81C60ADF81E300EF09BFB0028CAD065
:1081D00010232A461946204610F0A7F800200CB0BC
:1081E000BDE8F0810999204610F091F8F6E71120DA
:1081F000F5E70420F3E70E20F1E700BFB97C0100AA
:108200002DE9F043036885B004460D461868012146
:1082100010F074FE40B904F154000FF016FFB0BB2B
:10822000122005B0BDE8F08310220021684614F04A
:10823000C8F821212046FFF7BFFC029048B3DFF8C1
:108240005890009405F10C074FF001082B8A012B80
:1082500004D80299204610F05AF818E038460EF07B
:10826000E3FA6B464A46014606468DF80C800FF04D
:10827000DFFC9DF80C30002BE8D00298FCF7CCFC1A
:108280009DF80C3032462021204610F04EF8002098
:10829000C7E71120C5E700BFC98002002DE9F04300
:1082A000036885B004460D461868012110F026FECB
:1082B00040B904F154000FF0C8FEB0BB122005B065
:1082C000BDE8F08310220021684614F07AF80F21EF
:1082D0002046FFF771FC029048B3DFF858900094F5
:1082E00005F10C074FF001082B8A012B04D80299E5
:1082F000204610F00CF818E038460EF095FA6B4660
:108300004A46014606468DF80C800FF091FC9DF818
:108310000C30002BE8D00298FCF77EFC9DF80C3066
:1083200032460E21204610F000F80020C7E7112049
:10833000C5E700BF69800200F0B51D46036885B03F
:1083400004460E4618680121174610F0D7FD38B9CB
:1083500004F154000FF079FE48BB122005B0F0BDC7
:1083600065B310220021684614F02BF839462046E8
:10837000FFF722FC029018B3BDF82830ADF80430A6
:1083800001238DF80C300F4A00946B46294628468D
:108390000FF04EFC9DF80C305BB10298FCF73CFCF2
:1083A0009DF80C302A46314620460FF0BEFF0020D3
:1083B000D4E7029920460FF0AAFFF8E70120CDE7A5
:1083C0001120CBE7698002002DE9F0410E8A043EBE
:1083D000F6B2022E04468CB0084601D0102E76D19B
:1083E00004210C300EF010FA0DF1040805884788BE
:1083F000011D324640460EF0B2FA002869D085B31E
:1084000077B3BD422DD86068012110F077FD064694
:1084100078BB8DF8000042F6020369464046ADF88D
:1084200002300EF06EFA20B342F6030306A940466E
:108430008DF81860ADF81A300EF063FAC8B1012D4E
:1084400003D14FF6FF739F4213D004F154000FF095
:10845000FCFD002814BF002012200CB0BDE8F08104
:108460003D4601232A46082120460FF05EFF0020EA
:10847000F3E7182200210DEB020013F0A2FF0921FF
:108480002046FFF799FB0890F8B101210C30CDE9A7
:1084900006480EF089F90023099003700A238DF82D
:1084A0002C300D4A06AB394628460FF0C1FB9DF82B
:1084B0002C302BB10898FCF7AFFB9DF82C30D1E79E
:1084C000089920460FF023FFD1E71120C5E70420CB
:1084D000C3E70E20C1E700BF717D01002DE9F04325
:1084E0000F4687B00446062107F10C000EF08CF908
:1084F0000588B0F802808288D7F80C90C5B10023B7
:10850000B8F1000F13D0A84512D38DF800308DF8C4
:10851000043001A94FF420536846ADF80220ADF8AD
:1085200006300EF0EEF9064660B10A2301E045463A
:1085300001232A46062120460FF0F7FE002007B04F
:10854000BDE8F0830146142201A83F7C13F039FFF7
:1085500007212046FFF730FB0290D8B10A238DF89F
:1085600015300D4A019401AB41462846CDE9036917
:108570008DF814700FF05CFB9DF815302BB102984C
:10858000FCF74AFB9DF81530D3E7029920460FF01F
:10859000BEFED3E71120D2E7477C02007FB5CB684F
:1085A0001D885E88044685B176B1AE420DD3102297
:1085B0000021684613F005FF05212046FFF7FCFA6D
:1085C000019058B9112007E0354601232A460421BD
:1085D00020460FF0AAFE002004B070BD6B46094A89
:1085E0000094314628460FF023FB029B23B90198E3
:1085F000FCF712FB0A23E9E7019920460FF087FEFA
:10860000E9E700BF8D7D0200F0B51E4603680D4608
:10861000003987B0044618BF01211868174610F0CA
:108620006DFC40B904F154000FF00FFD002844D058
:10863000002007B0F0BD002E41D01822002168466E
:1086400013F0BFFE47BB23681E4A1B68009300233C
:10865000ADF812300C9B0393BDF83430ADF81030F8
:1086600001238DF8143031466B4630468DF80850A2
:108670000FF0DEFA9DF81430C3B1002FD8D0019866
:10868000FCF7CAFA9DF81430002DD1D032462946A5
:1086900020460FF04AFECBE7002239462046FFF77E
:1086A0003BFA01900028CED11120C2E701990029A0
:1086B000BED020460FF02BFEBAE71220B9E701200A
:1086C000B7E700BFBF7B020007B50B46024600219B
:1086D00013F01CFF01910F4909580F4800688842A8
:1086E00004D00E48D0F88000884201D10022134601
:1086F00001A90B4806F08CFB014648B9019B1C22DE
:10870000184613F05EFE0346184603B05DF804FBFE
:108710000023F9E708000000BC370020782D002076
:108720005C0A002010B50446806818B1FCF774FAA2
:108730000023A36021460248BDE8104012F021BB8F
:108740005C0A00202DE9F347044678300E461746B0
:108750001D4612F0F2FCA06D30B920460FF0D1FE9C
:10876000002002B0BDE8F087124B98424FF000089D
:1087700005D12068C4F858800FF04DFDF0E7D0F81F
:108780000490C0F80480A06DD0F818A0FFF7CAFFCD
:108790002068C4F858800FF03EFDB9F1000FDFD01B
:1087A0002068CDF800A000683B4632462946C847FD
:1087B000D6E700BFC0370020F7B550F8044C054697
:1087C000002C59D000F1A40104F124000FF024FC86
:1087D0002E1F05F1580700220023384606F00EFC34
:1087E000024678BB6B6D2BB101466FF067033046D4
:1087F000FFF7A8FF002345F8043C05F15003BFF341
:108800005B8F53E8001F21F0010143E80012002AAA
:10881000F7D1BFF35B8F636A73BB04F10C060022D0
:108820000023304606F0EAFB78B9666886B913483B
:108830002660214612F0A5FA286803B0BDE8F04092
:1088400001F004B9FCF7E8F9C5E7FCF7E5F9E6E75C
:10885000A26833686360964208BFA36077683FB13F
:10886000B3690093002320681A466FF06701B84788
:108870003046FFF757FFD8E703B0F0BD080A0020E5
:10888000F8B51D460F461646FCF726F9044C18238A
:1088900003FB0040C0E903760123C3800575F8BDE2
:1088A0004437002010B50449144618461022A0474A
:1088B00000EAE07010BD00BFB021002070B50D4C83
:1088C0002378834206460D4604D1611C28460FF0EA
:1088D000CFFE58B9237CB3420AD1074928460FF08E
:1088E000C7FE10B1012004EB001070BD0020FAE7B4
:1088F0000020FAE7F43700200538002070B50D4C51
:108900002378834206460D4604D1611C28460FF0A9
:10891000AFFE58B9237BB3420AD1074928460FF06E
:10892000A7FE0028054808BF002070BD2046FCE7D0
:108930000020FAE758210020652100206421002052
:1089400070B50D4C2378834205460E4603D1601C5A
:108950000FF08EFE60B9237BAB420BD10748314646
:108960000FF086FE18B101200C2303FB004070BD00
:108970000020F9E70020FAE7505500205D5500205F
:1089800038B50E4B144682689A420D4611D12279B1
:108990002168C0680FF074FE58B1D4F8C8302F2B8E
:1089A00009D804EB83020133158101895181C4F890
:1089B000C830012038BD0020FCE700BFA58D0100B4
:1089C00070B5204B144682689A420FD1A568C668DC
:1089D00075B92279216830460FF052FE024628B15F
:1089E000194901300FF079FE15701581012070BD15
:1089F000E0680028FBD02B888B420AD0F6D2E068D2
:108A0000A36801380433E0600038A36018BF012078
:108A1000EDE725682279294630460FF031FE0246FF
:108A200060B9094930460FF02BFE02460028E6D017
:108A3000294601300FF051FE23791370A3685B883B
:108A40001381DCE7A58D0100A7E2020070B5144D8B
:108A5000064640B115F8011C2A466C1E0EF0B8FE01
:108A600098B120460CE00F4928460FF001FE40B9AE
:108A70000C4905F110000FF0FBFD20B105F10F00CE
:108A800070BD681EFCE70020FAE7217C04F11102AA
:108A900030460EF09DFE0028F5D004F11000EFE7FF
:108AA000F5370020A7E2020010B54A1C0C4638B189
:108AB00009780EF08DFE08B1204610BD0020FCE7BD
:108AC000024910460FF0D4FDF5E700BFA7E202000F
:108AD0002DE9F04106460F4690460EF013FA50B3CA
:108AE00039463046FFF70AFF054698B913480FF09C
:108AF000FBFD0446E8B112480FF0F6FD50B9114DE8
:108B000001240C235C43104A601C394610440FF0CA
:108B1000E4FD1655012101FA08F105F108000FF0F6
:108B2000BEFDBDE8F04109484FF40042002306F0C5
:108B30004DBD054DE5E7BDE8F08100BF6021002097
:108B40006C21002064210020582100207021002089
:108B50002DE9F04180460F4616461D46FFF7F0FE10
:108B6000044648B91449FFF7EBFE0446F0B100F89B
:108B7000018B39460FF0B1FD2289638992B99BB907
:108B800026816581254615F8010B29460EF0BAF9B4
:108B900060B12246294612F8080BBDE8F0410423D3
:108BA000FCF7B6B9964203D39D42EAD8BDE8F081FE
:108BB0009D422681E6D9E4E7A7E202002DE9FF41C4
:108BC0000E4617469846044628B96FF01505284604
:108BD00004B0BDE8F08102A90DF06BFE0546002847
:108BE000F3D101A920460DF011FC0198D0B902A9DA
:108BF0000020FFF7A5FE0446D8B9002EE7D01149A2
:108C0000FFF79EFE0446D0B1002300F8013B02A905
:108C10000FF063FD042204F108014046B84700EA62
:108C2000E075D4E70A2229460BF010FE0028DED0BA
:108C3000CBE7002EEED1066046608660C7E76FF096
:108C40000B05C4E7A7E2020038B5094B1546826858
:108C50009A420AD1C4682968013420460FF008FD01
:108C600018B1696820460FF038FD012038BD00BFFB
:108C7000A58D010008B513468168074A914209D1C4
:108C80001A791968C0680FF0FBFC18B10023036063
:108C900043600381012008BDA58D010002484FF407
:108CA000A472002306F092BC3822002008B50421EB
:108CB00008480FF0F4FC07486FF002010FF0FEFCCB
:108CC00004480FF011FDC30701D5FFF7E7FF0020AF
:108CD00008BD00BF68220020024608B508490130DF
:108CE0000FF0FBFC002313720C32BFF35B8F52E8D2
:108CF000001F42E800300028F9D1BFF35B8F08BDA8
:108D0000A7E202002DE9F041234B154682689A4202
:108D1000074602D1C468638933BB0120BDE8F081F6
:108D2000FEF75CF8E36800216181002BF5D038463E
:108D30009847F2E705F17008287A41460EF0E2F80C
:108D400068B9164B9C4202D128460FF09BFD14498E
:108D500030460FF0C2FC002323702381E2E7414636
:108D600030460FF0BAFCDDE72389002BDAD0264627
:108D7000284616F8011B32460EF02AFD0028D9D1EC
:108D800020783146FEF7D6FB0028CBD0437B072B5B
:108D9000C6D1FEF723F8C0E7A58D010078080020B2
:108DA000A7E202002DE9F0471F46BDF82030D1F8B8
:108DB0000C9006468846002B46D17B1E012B46D8D8
:108DC000012F4946157818BF1588FFF76DFE044638
:108DD00078B915B93846BDE8F0874946FFF764FE13
:108DE0000446B8B306F1700101300FF076FC337A17
:108DF0002370D9F81030DBB9B4F808A02581B9F890
:108E00000A30AB4203D0494640460FF073FCAA45F6
:108E100005D0307A002206F17001FFF759FE002DCF
:108E2000D8D10E49601C0FF058FC25702581D1E780
:108E30002A464146304698470028CCDB01380128B5
:108E4000DAD96FF00D00C6E76FF00600C3E76FF0E8
:108E50000C00C0E76FF01000BDE700BFA7E2020002
:108E600008B5124801210FF01AFC10F0010F104B49
:108E70000AD1104A9A610D480FF036FC830713D4CB
:108E8000BDE80840FFF70ABF1A8B588B012A4FF63E
:108E9000FF7205D8904207D04FF6FF725A83EAE777
:108EA00090421983E7D0F7E708BD00BF6822002091
:108EB000182200200100FFFF10B5104C1049204679
:108EC0000FF0D6FB014638B9601E0FF06EFD14F8A6
:108ED000010C21460FF0FCFC09490A480FF0C8FBC1
:108EE000014650B908480FF060FD084BBDE810403E
:108EF000187C03F111010FF0EBBC10BDF537002019
:108F0000A7E202000538002004380020F4370020D2
:108F100010B56FF0020104460E480FF0CFFB0D486C
:108F20000FF0E2FBC20704D50B480022002306F035
:108F30004DFB20460FF054FB58B12046FFF786FD4D
:108F400038B1037ADB0704D5BDE8104001210FF0EA
:108F50003CBD10BD682200203822002010B51B48FF
:108F600001210FF09CFBC3072ED4022117480FF0FC
:108F700096FB084007D11649164A0B88164CA242A8
:108F80001CD300B10B801549154812F0CAF84FF4F4
:108F9000A47200231248FCF77FF81249124812F01D
:108FA000C0F8022111480FF07AFB1148114912F064
:108FB000B8F8BDE810401048FEF726BC50680344DE
:108FC0009BB208320120DAE710BD00BF1438002040
:108FD0006855002020CA020048CA02003D8C0200E9
:108FE000C0210020C1950100382200206822002005
:108FF00070210020D58C0200500800202DE9F0419E
:10900000034648B1008A38B91249DFF84CE0012420
:109010004FF0140C714501D3BDE8F081D1E9007621
:10902000BB4204D30CFB0672143A93420ED934446B
:10903000A2B208311446EDE70CFB0578434507D092
:1090400001356219B54292B2F6D1F2E70025F8E790
:109050001046E1E720CA020048CA02002DE9F74F96
:10906000BDF83050009199464FF6FF73002D08BFB0
:109070001D46244B1B888342074690463CD203B0D2
:10908000BDE8F08F73682344BB4232D29CB20836ED
:109090001D4B9E42F6D3F2E78958019340460DF0EE
:1090A00030FC019B90B101340AF1010AA4B273684B
:1090B0005345ECD9009B9C42E1D8BC423168F2D3C5
:1090C0000BFB0AF28B18B8F1000FE5D1B9F1000FD4
:1090D0000BD1013DADB218460E9A0D9B2146984723
:1090E000002DCCD00028DED1C9E7DA689145DAD16D
:1090F000EFE74FF0000ADAE7044E01244FF0140BBB
:10910000C6E700BF6855002048CA020020CA020016
:1091100010B51822E4B000210DEB0200CDE90111D9
:10912000CDE9031113F04DF94FF41053ADF814309D
:109130001F4C8023ADF816304FF48063CDE907341F
:1091400001A962AB102205A807F01CFE014660BB16
:109150004FF4AC720CA813F034F9629922460CA8B3
:1091600012F0C6FC08BB134A0CAB4FF6FF7101208E
:109170000FF059FD104905AB10220CA812F0CFFCDE
:109180000446629807F0BCFD7CB90B4B082203F142
:109190001001187811F8014D03F8014B013A0870DD
:1091A000F7D1064808210FF07AFA64B010BD00BF6D
:1091B0000002C00307890200A021002068220020CD
:1091C0002DE9F0411949BDF818700446A1F13000AD
:1091D00015461E4611F0C4FF15480FF085FA010729
:1091E00007D4FFF795FFFFF767FE12481021FBF742
:1091F000D1FE2046FFF72AFC68B1037ADA070AD5C8
:1092000000F10C0420460FF06FFAC30703D40221CB
:1092100020460FF044FA102306933A46314628467A
:10922000044BBDE8F0410FF07DBA00BFF0210020F3
:1092300068220020A021002010B51B480FF054FA2E
:10924000C0F3C00080F0010408B9FFF761FF1648C1
:109250000FF04AFA034614480FF046FADA0621D511
:10926000830608D5F4B1FFF727FEBDE810400F488C
:109270001021FBF78FBE20210B480FF010FA0B498D
:109280001022881813F0A5F848B9094811F055FFC5
:10929000BDE8104004486FF001010FF00FBAFFF76E
:1092A000DFFDE0E710BD00BF68220020A021002004
:1092B0003822002008B5102103480FF0F0F9FFF71D
:1092C000BBFF002008BD00BF682200202DE9F0414F
:1092D000B8B00C46164621493E986A461F460DF026
:1092E00071F8002837D0009D01A928460DF08EF8AE
:1092F00065B1019870B90DF1080800232846414670
:109300008DF814300DF0D5FA054650B16FF0150404
:1093100025461AE00A2200210BF098FA0028EAD02C
:10932000F4E7CDF81080A4B1C02208A93846B047B0
:10933000041EEDDBA40808ABCDE90634084A04ABF3
:109340004FF6FF7101200FF06EFC284638B0BDE8E3
:10935000F0812346F0E76FF01505F6E7CEE4020052
:10936000C189010030B5B5B0002301918DF8080026
:1093700033930A4A01AB04460D4601204FF6FF71B4
:109380000FF051FC339B3BB19B0003AA29462046BA
:10939000FBF7EAFD35B030BD1A46F7E781890100D9
:1093A0002DE9F34100F17008CDE9001204460F46A3
:1093B000007A414616460DF0A5FD0F4A05466B465C
:1093C0004FF6FF7101200FF02EFC1DB1207A4146AF
:1093D000FFF7C8FF207A3946FFF770FA40B13146EF
:1093E00001300FF07AF91DB1207A41460FF070FA82
:1093F00002B0BDE8F08100BF498C010007B5002331
:109400000193FFF7FBFD411C89B20846034A01ABFB
:109410000FF009FC019803B05DF804FB31860200EF
:109420002DE9F843154689469422696806460FF0EF
:1094300061FC8046002842D16968022230460FF064
:1094400094FC00283ED04FF470200021AF8AFFF733
:109450003BF90237044680B11C4B47611D21417422
:10946000C0F80C80436085613A4630460EF0E0FF5C
:10947000074638B92046FFF755F96FF00B05284627
:10948000BDE8F883012342464146FFF7F9F9A98A6E
:1094900007F10C0002310DF087F920F8029BAA8A2F
:1094A000296912F066FFA760214630460FF07BF86D
:1094B00005460028E3D02046FFF734F9DFE74FF0F8
:1094C000FF35DCE76FF01505D9E700BF37860200EE
:1094D00030B504468BB037480FF006F942070D4609
:1094E00061D514B1637B072B60D168680590FFF7E5
:1094F00085FD2A68ADF818003AB305A902912E49F6
:1095000001910121002300914FF6FF710593FFF7B0
:10951000A5FD059B1BB96FF001000BB030BD6B6062
:10952000059B186800238DF8103004A942F6030348
:10953000ADF812300DF0E5F970B90598C3689B7964
:109540009B0605D46FF01500E7E70028E8D1E2E7B5
:109550000FF022FBADF81800BDF818003CB1012354
:109560000146AB752A462046FFF75AFFD5E76FF054
:109570007F0307930223ADF8203042F60213ADF8C3
:10958000123005ABAC7502930C4B01930123009391
:1095900004AA23464FF6FF7109958DF81040FFF796
:1095A0005DFD0798B9E76FF00A00B6E76FF07F003E
:1095B000B3E700BFBC04002065860200F1970100FC
:1095C00073B500F13005044650F8083C0193A0F152
:1095D00020066FF0010128460FF070F80D4B44F89B
:1095E0001C3C0D4B44F8183C01AB002044F8103CE7
:1095F000042324F8080C24F8060C24F80C3C31460B
:10960000FFF766FF18B9022128460FF048F802B0AC
:1096100070BD00BF08D30200118F01002DE9F8438F
:10962000334B1468174682689A4205465DD1C66876
:10963000002306F10109002B57D13389002B54D0A8
:1096400031784A4620460EF0C3F800284DD04FF43A
:109650009572294620460FF04DFBA0B1032844D057
:10966000052820460CBF4FF003084FF002080EF00B
:10967000A9F8804507D93A7942454FF00103DAD27B
:1096800087F80480D7E7314628460FF033F8194BA6
:109690009E422AD1207A04F17001FFF751F9054664
:1096A00018B303890BB94389FBB12046FDF786FC4B
:1096B000114A2B8922F8203002EB800369895980F6
:1096C0000E490F4D182303FB001300B202EB80027A
:1096D00000EB40005D601A610A4D9D60042201EBC1
:1096E000C00120469A82FFF7F3FE0120BDE8F8830F
:1096F000A58D0100780800204C550020DC370020A3
:1097000008D302006D8A020030B504468BB035489C
:109710000EF0EAFF42070D465DD514B1637B072BBF
:109720005CD168680590FFF769FC2A68ADF81800FD
:109730003AB305A902912C4901910121002300911E
:109740004FF6FF710593FFF789FC059B1BB96FF07E
:1097500001000BB030BD6B60059B186800238DF8CD
:10976000103004A942F60303ADF812300DF0C9F829
:1097700070B90598C3689B79DB0605D46FF01500B6
:10978000E7E70028E8D1E2E70FF006FAADF81800A5
:10979000BDF818002CB101462A4620460FF077FB91
:1097A000D7E742F60212ADF8122005AA6FF07F0348
:1097B00002920E4A07930123CDE90032ADF8203022
:1097C00004AA23464FF6FF7109958DF81040FFF764
:1097D00045FC0798BDE76FF00A00BAE76FF07F001D
:1097E000B7E700BFBC04002065860200F1970100C6
:1097F0002DE9F843414B144682689A42074603D04C
:1098000001273846BDE8F883C6683D4B9E4211D01B
:109810003289A3899A4206F10101F1D13078FDF72E
:1098200089FE05460028EBD0437B072B26D0FDF7A9
:10983000D5FAE5E7334DDFF8D0904FF00008494600
:1098400028460EF015FF78B915F8010C07222946B5
:10985000FDF78AFE78B9236915F8010C1A692946C3
:1098600053881288FFF774F90C35B8F1000FCFD187
:109870004FF00108E3E7FDF7B1FAF5E7736923B1AB
:109880003946984708B92846D1E7394694222846F0
:109890000FF030FA07460028F5D1A389022B14D126
:1098A000338913F0020604D12846FDF797FAA66023
:1098B000A6E72269A1882846FFF7B2FD0646A8B9A7
:1098C0002269937D01339375EEE7012B04D028467E
:1098D000FDF784FAA76093E7338913F00106E3D01C
:1098E0002269A18828460FF0D2FA06462846FDF7DD
:1098F00075FA002EA66084DB82E700BFA58D01000B
:109900007808002051550020A7E2020070B58EB003
:1099100000F17005044603900123007A8DF81030A1
:1099200029460DF0EFFA90B1227A2AB302AE042153
:1099300030460BF0D5FD0096104A242105A82B4691
:10994000FBF756FA05AA0E491046FAF75DF803AB85
:109950000C4A4FF6FF7101200FF065F9E3784BB91F
:1099600020460DF02FFF9DF81010884202D22046AD
:109970000DF0F3FE0EB070BD0092DDE7D1E4020001
:10998000CD9201001D960100F8B50E4B1B680546EF
:109990000E461746A3B11C6804B1043C53F8043CBE
:1099A0001BB13A463146284698474CB12346646875
:1099B0001B681CB1043C002BF3D1F7E7002BF0D15E
:1099C000F8BD00BF1838002013B50A4A00900446BD
:1099D0004FF6FF7101206B468DF804000FF023F95C
:1099E000002120460FF08AFA08B9FFF739FA02B0D1
:1099F00010BD00BF1D96010037B5134A0091044603
:109A00000D468DF804006B464FF6FF7101200FF0F4
:109A10000AF929462046FBF7B5FA002812DB294649
:109A200020460EF01FFF00280CDB29462046FEF7DB
:109A300045FF08B1FFF750F929462046FBF78CFA9D
:109A400000EAE07003B030BD758C010073B50446C8
:109A500003461A4A4FF6FF71012004F170060FF019
:109A6000E2F8207A31460FF0FBF8207A31460DF00B
:109A700049FA50B1237A8DF80430114A00966B46AA
:109A80004FF6FF7101200FF0CEF82046FEF7DEFF03
:109A9000054688B1207A31460DF034FA28B92846B7
:109AA00002B0BDE87040FFF717B93146681C02B03C
:109AB000BDE870400EF011BE02B070BD058D010012
:109AC000758C0100064BD3F8EC0028B9054AC3F8A1
:109AD000F020EC330B6070476FF00B00704700BF55
:109AE000702200200CD4020008B5054B0146184630
:109AF0000FF04BFA043B002814BF1846002008BDA5
:109B00007422002010B50C4A11680C4ABFF35B8F19
:109B100000F5B87353E8004F944204D143E8001CA9
:109B2000BCF1000FF6D1BFF35B8FBFF35B8FD0F8B2
:109B30007001BFF35B8F10BDF03600207022002053
:109B400008B5FFF7DFFF0346C8B1D0E9001221B91D
:109B5000002A0CBF0320022010E032B1836813B941
:109B6000094B1B7833B9042008E00749087828B16D
:109B70009B6833B9003A18BF0122500008BD03208A
:109B8000FCE70120FAE700BF4056002038B5051D6C
:109B90000446082128460FF05EFA064904F15700F2
:109BA000FCF796FF20B1284608210FF02CFA082078
:109BB00038BD00BF8D95020038B5EC220546002166
:109BC00012F0FFFB102105F1270004F0A1FA044672
:109BD00048B9052128460FF03EFAFCF769FF034B10
:109BE0001860204638BD0824FBE700BF203800205D
:109BF00070B50E4686B00446FFF784FFF36804F1A3
:109C000037020546114603F1100053F8046B41F882
:109C1000046B8342F9D1237A052B40D8DFE803F0A7
:109C2000172323033F6502AB45490093096804F1FC
:109C3000270304F1570000F035FF80BB0A21201DE7
:109C40000FF009FAAB680299D4F8EC009847204667
:109C50000D210FF000FA201D10210FF0FCF9204615
:109C60000FF051FA19E094F8DC10D4F8D83002ADB6
:109C7000CB403349009503F00103096843F08003AA
:109C800004F157000FF053FE48B91022294604F1A1
:109C9000170012F09EFB20B1042006B070BD082012
:109CA000FBE7032120460FF0D6F90FF02CFA00282D
:109CB000F3D194F8DC300133DBB2142B84F8DC30C0
:109CC00009D10D2120460FF0C6F91021201D0FF0FB
:109CD000C2F90020E1E7102104F1270004F018FA8E
:109CE000003818BF0120C000D7E7102104F1270079
:109CF00004F00EFA0028D2D105B3EB68F3B1114B92
:109D0000E27A1B88ADF80830A37CD20703F0010388
:109D100012D4002B14BF012303238DF80930002334
:109D2000C4E93833201D0C210FF095F9EB68D4F805
:109D3000EC0002A99847CCE75B00EEE70220ACE715
:109D400020380020FFCC020073B5047A022C0546AF
:109D500023D844B190F8DC30D0F8D840DC4004F08F
:109D6000010444F08004032128460FF0ADF90646B3
:109D7000A8B110210C300CF017FD00900F482346BD
:109D8000006805F1270205F157010FF0D0FD0446E8
:109D900050B13046FAF740FF01E0032C02D0082012
:109DA00002B070BD0024DEE7314628460FF03CF9D2
:109DB000281D21460FF027F92046F1E72038002022
:109DC000F7B50446FFF79EFE251D06460E212846E0
:109DD0000FF0DBF850B94E4B2022196804F1570000
:109DE00012F0F7FA10B9082003B0F0BD0C2120469C
:109DF0000FF06AF907460028F5D040210C300CF02E
:109E0000D3FC434B1B680246014603F1200053F884
:109E100004CB41F804CB8342F9D1203203F1200175
:109E200053F8040B42F8040B8B42F9D13946204613
:109E30000FF0FAF8237A052BD5D801A252F823F0B7
:109E4000599E0100E59E0100879E0100599E010078
:109E5000E79D0100059F0100042120460FF0FBF85B
:109E6000FFF772FF0028BFD1284607210FF0F3F853
:109E70000820FFF739FE002847D1204603B0BDE88F
:109E8000F040FFF783BE2046D4F8EC70FFF73AFEAF
:109E9000042106464FF0FF330DEB0100019304F05F
:109EA00037F900289FD1019B1A4AB3FBF2F102FB5C
:109EB00011330193C4F8D83084F8DC0056B133680C
:109EC00043B10B2128460FF0C6F83368D4F8D810F8
:109ED00038469847032120460FF0BDF80E210FF0B9
:109EE000BAF8C1E7204603210FF0B5F80E210FF0B4
:109EF000B2F828460A210FF0AEF87368D4F8EC00E7
:109F00009847B1E704212046E9E700206CE700BF4D
:109F10002038002040420F0070B50E460446FFF77F
:109F2000F1FDF36804F157052A4603F1200153F8C7
:109F3000040B42F8040B8B42F9D104F1770203F1D0
:109F4000200153F8040B42F8040B8B42F9D1284648
:109F5000FCF71CFD28B30E21201D0FF07CF8D4F86F
:109F6000EC50D5F8A43033B9287A05F1700100F02F
:109F700061FCC5F8A400D5F8A43043B90F4B1D68A7
:109F8000B5B9201D06210FF066F8284608E0DA89E9
:109F900002F02402002AF1D05B7B9B07EED4032061
:109FA00070BD2846FCF7FEFC0028E7D10B20F7E740
:109FB0002046BDE87040FFF703BF00BF20380020F7
:109FC00038B512490446A0F1EC05543011F0A9F857
:109FD00028460FF0D8F9BFF35B8F0D4A04F18403D4
:109FE00053E8001F43E800200028F9D1BFF35B8F3E
:109FF000BFF35B8F88344FF0FF3354E8002F44E801
:10A0000000310029F9D1BFF35B8F38BDCB96020038
:10A010007022002038B5174B1B78054623B301F09A
:10A020000F042846FFF78CFD134A03280CBF04F0E9
:10A030000B0444F0040405F5BA731278BFF35B8F88
:10A0400053E8001F013103D143E800200028F7D175
:10A05000BFF35B8FBFF35B8FD5F87431BFF35B8FBA
:10A060002BB144F0010038BD01F00704D9E704F03A
:10A07000FE00F8E740560020F1090020F8B50D4633
:10A08000D0F8EC600446FFF73DFDEF68FB78102B3D
:10A0900001D00620F8BDD6F8A4305BB1251D0F21F4
:10A0A00028460EF072FF80B92046FFF785FD60B1AB
:10A0B000C0B2EFE7307A06F1700100F0BBFBC6F8E2
:10A0C000A4000028EAD10820E4E7012363723B687A
:10A0D000C4F80A30BB88E38102232374B978204690
:10A0E000FFF798FFE0742046FFF72AFD1023607405
:10A0F00023753B7903F0030363757B7903F0010358
:10A10000A375E37C1A070CD5BB781B0709D505217D
:10A1100028460EF0A0FF637D03F002036375002361
:10A12000A375052128460EF030FF002843D04C4B84
:10A130001B78A374E37C980606D5BB78990603D5F3
:10A14000142128460EF087FFE37CDA0735D5BB786B
:10A15000DB0732D50D2128460EF07DFFA37D84F864
:10A16000E830637D84F8E930032128460EF073FF60
:10A17000237BE17C3F7803EA0102100704D5E27AF1
:10A18000A07C0243D2071CD4042F1CD80B4313F02D
:10A19000040307D02046FFF7D3FC324B07EB8707B9
:10A1A0003B441B5C2372D6F8A41020460EF0F6FE4A
:10A1B00058B903206EE72C4BBAE700236375A375EB
:10A1C000CCE70523EEE70023ECE7D4F8EC309B7AEC
:10A1D000032B36D024D8013B012B3FF674AF052169
:10A1E00028460EF0D2FE0028E3D00C2120460EF0C7
:10A1F00032FF02210EF068FF054600283FF463AFEE
:10A2000006210C300CF0D0FAD4F811300360B4F809
:10A2100015308380294620460EF006FF002039E7DE
:10A22000042B7FF450AF237D627B934228BF1346FB
:10A23000102B7FF42EAF052128460EF0A6FE002835
:10A24000B7D0237A002BB4D0052128460EF09DFE0E
:10A250000028C4D1237A013B012BC0D8A9E700BF55
:10A260004256002009E50200415600202DE9F04148
:10A27000C678012E044604D06FF015042046BDE8D0
:10A28000F0810EF07BFE0546002800F0AB80071D34
:10A29000042138460EF079FE002840F0A680032104
:10A2A00038460EF072FE10B16FF00F04E6E731464B
:10A2B00038460EF06AFE0028F6D12846FFF722FC49
:10A2C000D5F8EC309B7A032B064642D032D8013BBE
:10A2D000012B48D90F21201D0EF057FE0028CBD1AD
:10A2E000D4F8A43083B904F17006217A32462020D4
:10A2F00000F000FBC4F8A40030B9217A32460420F3
:10A3000000F0F8FAC4F8A400D4F8A430002BB3D0BD
:10A31000DA8912F0240FAFD0A17A022923D9587B11
:10A32000C007A9D503291ED09206A5D51B7B102BEB
:10A33000A2D118E0042BCDD12846FFF701FC032859
:10A3400004D1002EC6D0F368002BC3D0284B1B7855
:10A3500007E02846FFF7F4FB032804D1002EB9D00C
:10A36000F368002BB6D0D4F8A4303BB12846FFF7F1
:10A3700023FC044670B16FF068047FE7207A04F193
:10A38000700100F057FAC4F8A4000028EED16FF075
:10A390000B0473E70B2128460EF096FE06460028B4
:10A3A000E9D001210C300CF0FFF909218046284644
:10A3B000FFF730FE234688F800002246314605F1BB
:10A3C000EC000DF040FB044618B13046FAF724FCCF
:10A3D00054E738460F210EF03EFE012128460EF0CC
:10A3E0003AFE4BE76FF07F0448E76FF0040445E75F
:10A3F00040560020F8B5D0F8EC40D4F8A43006461A
:10A40000051D43B9022128460EF0BFFD092700288B
:10A4100051D11F214BE081BB0D2128460EF0B5FD27
:10A42000074620B1D4F8A40008B10FF060FA364B0B
:10A430001B689BB11D6805B10C3D53F80C3C13B172
:10A440003946204698474DB12B46ED681B681DB133
:10A450000C3D002BF4D1F7E7002BF1D130460EF084
:10A4600092FF637B072B4DD1627AA37A9A4249D03F
:10A470002046BDE8F840FFF7F9BE0139C9B20E2900
:10A4800098BF224A1B7B94BF575C092723BBD4F893
:10A49000A4000FF0C4F90023C4F8A4300221284618
:10A4A0000EF073FD38B9072FB3D8194BD95D3A4672
:10A4B0002046FCF7EBFF032128460EF066FD00283E
:10A4C000CCD0114B1B68002BC8D01D6805B10C3DCA
:10A4D00053F8083C4BB90BE0022128460EF055FD1D
:10A4E0000028D4D1DAE70C3D23B1394620469847FD
:10A4F000002DB3D02B46ED685B68002DF3D1002B07
:10A50000F3D1ABE7F8BD00BFE8360020FAE4020063
:10A51000E9E40200124B10B5044618604FF0FF3218
:10A520004FF0FF330F4804F0A1FC0F4805F054F83A
:10A530000C4804F013FD04B910BD0C4CBFF35B8F45
:10A5400054F80439BFF35B8F5B06F5D52046FFF75F
:10A5500037FC01460028EFD020460EF0D0FFEBE795
:10A5600020380020A8080020BC0800207422002009
:10A570002DE9F0410B8A04460E46B3B3012106F1E2
:10A580000C000CF041F9A4F1EC05E83C074604216D
:10A5900020460EF0FAFC40BB39780E2925D8DFF8AA
:10A5A000508058F8313023B9072128460EF0A7FF14
:10A5B0001BE028460EF0D1FE30B9032120460EF0F4
:10A5C000E4FC90B10821F0E73B78318A08EBC30244
:10A5D0001279914201D00A21E7E7314658F8333029
:10A5E0002846984701460028DFD10020BDE8F081C9
:10A5F00034D402002DE9FF4190F8E930CF68D0F85B
:10A60000EC6023F0020380F8E9303B78044623B184
:10A61000BB7903F0C003C02B72D106F1700807228A
:10A620003946404611F0D5FE88B1307A394600F0FF
:10A63000BFF9054658B1014620460EF0AFFC18B9E7
:10A64000082004B0BDE8F08128460FF0E8F80D219D
:10A65000201D0EF09AFC00283ED0317A424602209E
:10A660000FF0C9F805460028EAD0F378002B40D156
:10A6700006F17E031878012826D19A7902F0C002EB
:10A68000402A21D1D3F80120C5F83A20B3F805308B
:10A69000EB8796F87030BBB196F8763003F0C003C4
:10A6A000C02B11D01849039501AACDE90187FCF709
:10A6B00049FC3B68C5F80130BB88A5F80530BB797B
:10A6C000EB713046FCF7B2FE00212846FBF7E2FBB7
:10A6D000C0B92846FBF7F0FB94F8E9305B0703D5D7
:10A6E0000A2120460EF0B7FCB4F8E81021B1002092
:10A6F000A7E706F17703BDE72046FFF77BFEF6E705
:10A700000A209EE703209CE7CD9302002DE9F0414B
:10A710000546A0F1E80604460F463046012155F8EB
:10A72000EC890EF01AFE002859D0CFB10321304633
:10A730000EF02BFC002852D03846FBF701F8013808
:10A74000C0B208289ABF2B4B1C5C00240221304663
:10A750000EF081FC21462846BDE8F041FFF74ABED5
:10A7600098F80B30002B3AD0032130460EF00DFC48
:10A7700020B92846BDE8F0410EF005BE052130465F
:10A780000EF003FCB8B114F8043C1F0707D514F809
:10A79000033C180703D5112130460EF05CFC14F879
:10A7A000043C23F0080304F8043C14F8033C23F0B1
:10A7B000080304F8033C14F8033CD90711D506211B
:10A7C00028460EF048FC022130460EF044FC236877
:10A7D000D3F8A4301BB134F8041C0029BBD0BDE869
:10A7E000F0819A0701D50821EAE75B07EBD50A213A
:10A7F000E6E700BFF1E4020008B5044B044801227B
:10A800001A70FCF709F9002008BD00BF405600206F
:10A81000C408002008B5437B5B0607D40121FBF781
:10A820000BFBBDE80840024804F02CBE08BD00BF89
:10A83000CC08002070B50F4C14F8013B834206464B
:10A840000D4604D10722204611F0C3FD68B10A4924
:10A850000A48072211F0BDFD48B904F8016C2B68C5
:10A860002360AB88A380AB79A371024870BD002040
:10A87000FCE700BF24380020A7E2020025380020B2
:10A88000F7B50E4F04460D4616460023F9893A786F
:10A890000BB103B0F0BD0029FBD0A242F9D1084BA7
:10A8A00018689A8800909B798DF806303146684682
:10A8B000ADF80420A8470123E8E700BF24380020B2
:10A8C0002538002010B40B461146044AD4890442AE
:10A8D00002D010BC1046184710BC70472438002026
:10A8E00008B5034900220220FFF7ECFF002008BD55
:10A8F00015A80100F8B50C4CE389074620463B40FB
:10A900000D464FF00006114610F8012B07D0954276
:10A9100003D1072211F05DFD18B1304600E0184662
:10A92000F8BD2046FCE700BF24380020F8B50B78BE
:10A93000012B06460C4601D00020F8BD8B7903F0B0
:10A94000C003402BF8D1174DEF892946BF0711F8F6
:10A950003A2B4FF0000304F1010006D5B24204D1B6
:10A96000062211F036FDD0B10023EA89297802F0E1
:10A970000202002BE0D1002ADED0B142DCD1671CFC
:10A98000094839460BF082FF01230028EDD0D4F8A6
:10A990000130C5F83A30054BB4F805209A800148DB
:10A9A000CBE700BF243800204E3800205E3800205E
:10A9B00010B5074C2378834208D10722601C11F0A0
:10A9C00008FD00280CBF2046002010BD0020FCE739
:10A9D000243800202DE9F0479AB01D46DDE9239781
:10A9E0002E4B16460CAA84468A4603F1300E90463A
:10A9F00018685968144603C4083373452246F7D1D2
:10AA000018681B79206023716146202204A80EF08B
:10AA100076FF23486B46202204A900F071F8044613
:10AA2000C0BB102251460DF135000EF068FF102218
:10AA300031460DF145000EF062FF2946062211F85D
:10AA4000013B8DF855300DF156000EF058FF22995C
:10AA5000062211F8013B8DF85C300DF15D000EF01F
:10AA60004EFF4B4635224146684600F049F8044601
:10AA700080B948460EF04DFF01238DF83030352265
:10AA80003B464146684600F03BF8044610B938465C
:10AA90000EF03FFF20461AB0BDE8F08701CD02005E
:10AAA0002AE5020070B598B00E46144601462022F1
:10AAB00004A81D460EF023FF202231460CA80EF0FC
:10AAC0001EFF1022294614A80EF019FF102221465D
:10AAD00068460EF014FF6B46502204A9184600F099
:10AAE0000FF840B9039B054A1BBAB3FBF2F102FB16
:10AAF00011331C9A136018B070BD00BF40420F00A4
:10AB00002DE9F0418EB007460C461546002118226B
:10AB100008A81E4611F055FC4FF41053DFF8508082
:10AB2000ADF81C308023ADF81E304FF44063CDE902
:10AB30000938102205AB394607A806F023F920B1E1
:10AB40006FF004000EB0BDE8F08106AB0293102355
:10AB50002246CDE9006341462B46059811F016F8D0
:10AB60000446059806F0CCF82043EBD0E8E700BF98
:10AB70000002C00310B5094C0A44914200D110BD37
:10AB800011F8013B584003090001E35CC0B24340A7
:10AB900018091B01205CDBB25840EEE73AE50200E1
:10ABA000020600F07F0312D5082B05D1010700F043
:10ABB0000F0306D50E48704710F0780F12D100F041
:10ABC0000F034C2000EB43100A4B18447047082B2E
:10ABD00005D1020700F00F0306D50748704710F0B3
:10ABE000780FF6D000207047044800EB4310704700
:10ABF000B039002064380020D03A0020D03900203D
:10AC00000149024810F05CBA8C380020E82300208B
:10AC10000146014810F09CB9B40B00200248002204
:10AC2000002304F0EBB900BFB40B002013B51248A9
:10AC300000F0C4FE114B98421AD1114803F0ECFE0B
:10AC40000024104803F02AFF0F49104800944FF0E9
:10AC5000FF334FF4806204F01BFC0D490B4810F0E9
:10AC6000C2FA0C480C4910F00FFA204602B010BD91
:10AC70006FF00400FAE700BF81AE01000000AD0BE9
:10AC800058E50200ACD4020040740020E823002004
:10AC90004AE502008C3800209DAF010010B50E4936
:10ACA000BFF35B8F002351E8002F012A03D141E855
:10ACB00000300028F7D1BFF35B8F0CD151F8044C62
:10ACC000143920460AF07DFD783004D12046BDE8D5
:10ACD00010400AF052BD10BD8438002038B5002461
:10ACE00064F07F00C0B2FFF75BFF01340EF094FE0A
:10ACF000082CF5D10E4D0024E0B2FFF751FF036997
:10AD000003B9056101340EF087FE082C05F14005FA
:10AD1000F2D108480EF080FE074BD3F87C2212B91E
:10AD2000064AC3F87C2206480EF076FE002038BDA5
:10AD3000F43E0020B039002064380020F43A0020AE
:10AD4000D03A002010B5054CFFF768FF20B14168EC
:10AD5000204610F016F8F7E710BD00BF400A0020AB
:10AD600007B500230E48002201A904F051F890B164
:10AD7000FFF7E8FF0A480022002301A904F048F881
:10AD800038B90198042340600374FFF741FFFFF7CF
:10AD900037FF002001E00198406003B05DF804FB3C
:10ADA000400A0020022810B511D8094B1C5CFFF79F
:10ADB000D7FF60B1002202740472FFF729FF054B30
:10ADC00093F824301BB1BDE81040FFF719BF10BD48
:10ADD00055E5020064380020F8B587780646384605
:10ADE000FFF7DEFE3B06F578044612D5002D43D171
:10ADF000FFF7B6FF034600283ED00122A577027474
:10AE0000032202739C60FFF703FFBDE8F840FFF7E1
:10AE1000F7BE4DB1012D2FD1FFF7A2FF034658B366
:10AE2000657705740573EDE7FFF79AFF20B3B278F5
:10AE3000124B12F0800F02F0080111D041B1D3F88B
:10AE4000A836E36001230374022303738460DAE706
:10AE500002F00F02142101FB0233D3F80836F0E7A9
:10AE600011B1D3F8A837ECE702F00F02142101FB6F
:10AE70000233D3F80837E4E7F8BD00BF00700240A2
:10AE8000F0B5064689B01422002103A811F099FA02
:10AE90003378013B052B21D8DFE803F07A03141443
:10AEA0006A1603238DF814300024FFF759FF034678
:10AEB000A0B1047400F10802DDE9050182E8030095
:10AEC00018461DE00423EDE7B7783846FFF768FE23
:10AED000837A044623B1013B022B43D909B0F0BD6C
:10AEE0003B06F57813D5002DF8D1FFF739FF03465F
:10AEF0000028F3D00122A5770274032202739C601C
:10AF0000FFF786FE09B0BDE8F040FFF779BE55B106
:10AF1000012DE3D1FFF724FF03460028DED065773B
:10AF200005740573EBE7FFF71BFF07460028D5D034
:10AF30000123037402230373846004F10C01B078CD
:10AF40000EF0CBFD134AE168B2F88C328B4206D981
:10AF50005B1AA2F88C3201F07FF83846D0E7A2F8ED
:10AF60008C52FAE7304609B0BDE8F040FFF734BF35
:10AF700001A801F04FF89DF80530052B04D19DF88C
:10AF8000043013F0600FA9D0034B059301248CE724
:10AF900002248AE764380020D03900202DE9F043EC
:10AFA000A64CDFF89C9285B08046FFF737FE074637
:10AFB00010B905B0BDE8F08394F825303A7C3BB970
:10AFC000002A00F0878079689D480FF0DAFEECE7F0
:10AFD000042A43D8DFE812F07E00050001011701C2
:10AFE00040013B7BBD68032B38D8DFE803F0023E0D
:10AFF0005B606E69934B002232607260D3F88014FC
:10B000003170D3F884147170D3F88814D3F88C0499
:10B0100041EA00217180D3F89014D3F8940441EAF6
:10B020000021B180D3F89814D3F89C3441EA03236B
:10B03000F3800823EB6030687168834B03C31146CB
:10B040002B68687A984796F90030002B09DBF38863
:10B050009AB232B1A4F88C3200F0FEFF796848460B
:10B06000B3E70023A4F88C32F8E76B7F002BF5D010
:10B070002B7F002BF2D000266E774FF0FF32734803
:10B080002E774FF0FF330EF0DAFC6B6901936B689B
:10B09000CDE9023601A9687A00F0E6FC6B480EF0B3
:10B0A000D0FCDBE72B680121687A9847D6E7AB7ABA
:10B0B0006BB9EB7F5BB965484FF0FF324FF0FF3360
:10B0C0000EF0BDFC00F0CEFF60480EF0BAFC2B681D
:10B0D0000221E9E73A7A042AC0D8DFE802F05903EE
:10B0E0002367730000F02AFC05460028B6D100F063
:10B0F00065FBBFF35B8F5649012351E8002F002AFF
:10B1000003D141E800300028F7D1BFF35B8FA5D110
:10B1100041F8085C41F8105CE069636114390AF099
:10B12000D5FA9BE7002565F07F00C0B2FFF738FD38
:10B13000037A13B1407A01F0F9F80135082DF2D104
:10B1400094F854311BB194F8550101F0EFF8002543
:10B15000E8B2FFF725FD037A13B1407A01F0E6F873
:10B160000135082DF4D194F874321BB194F87502AE
:10B1700001F0DCF8002000F0C5FB012384F8253045
:10B180002368002B3FF46AAF00210220984765E74F
:10B19000002584F8255001F02FF8FFF77FFD236884
:10B1A000002B3FF45BAF29460420EFE7002B3FF470
:10B1B00055AF00F0CDFB2368002B3FF44FAF0021CB
:10B1C0000520E3E72268002A3FF448AF002B3FF454
:10B1D00045AF00210620904740E708F110054FF0E9
:10B1E000FF334FF0FF3228460EF029FCFFF776FDC3
:10B1F00028460EF026FC58F8283C002B3FF42EAFD2
:10B2000000210120C2E794F874327BB1012584F853
:10B21000895284F88852FFF7A3FD38B10D4A0574AE
:10B2200005738260FFF7F4FCFFF7EAFC58F8283C4E
:10B23000002B3FF413AF00210A20A7E76438002059
:10B24000400A002000700240683800209C3800202E
:10B2500084380020D03A00200FF092FC00F0CCFFA0
:10B2600000F0A2FAFFF76EFDFFF738FD0FF081FC4A
:10B27000014800F0A3FBF1E681AE010038B5164DA0
:10B2800095F824402CBB05F138000FF0C4FD204692
:10B2900001F0A2F922460121E8612720F9F7D0F94F
:10B2A0000FF067FCFFF71AFD044610B9012385F87B
:10B2B00024300A4B1B680BB1FFF7A2FC4FF0804310
:10B2C000D3F83834DB0702D50020FFF76BFD2046AA
:10B2D00038BD0024FBE700BF64380020B40B002019
:10B2E000074B93F824203AB193F82530002B14BF74
:10B2F00000206FF0120070476FF01200704700BF1F
:10B300006438002038B5104B93F824300446C3B19C
:10B3100005782846FFF744FC10B96FF0150038BDDA
:10B32000457223798372638843602078618810F0C6
:10B33000080F02D14B1E0B42EFD10EF0C9FB0020CB
:10B34000EDE76FF01200EAE76438002038B5124BE1
:10B3500093F824200546CAB193F82530B3B1FFF71E
:10B360001FFC0446A8B1837A012B12D007D9023BF7
:10B37000012B07D96369A3610020E06038BD00F0AC
:10B3800077FEF7E7284600F019FEF3E76FF01200AA
:10B39000F4E76FF01500F1E76438002038B50E4B84
:10B3A00093F82420054682B193F825306BB1FFF75E
:10B3B000F7FB68B115F008040AD1284600F020FE1A
:10B3C000284600F0EBFF204638BD6FF01200FBE787
:10B3D0006FF01500F8E700BF6438002038B50C4B5B
:10B3E00093F8242005460C4662B193F825304BB102
:10B3F000FFF7D6FB48B144B1284600F0E7FD2070C6
:10B40000002038BD6FF01200FBE76FF01500F8E781
:10B410006438002070B5134E96F824300446C3B14A
:10B42000FFF7BEFB0546B8B1230705D4204600F060
:10B43000E7FD204600F0B2FF2B7A83B901232B727F
:10B4400096F825300BB9002070BD204600F06EFF45
:10B45000F9E76FF01200F7E76FF01500F4E76FF00F
:10B460007700F1E7643800202DE9F043DFF8E4804D
:10B470001E4698F8243085B0074689461546002BAD
:10B4800061D098F82530002B5DD003065ED5FFF71C
:10B4900087FB0446002859D0037A002B56D04FF082
:10B4A000FF334FF0FF3208F138000EF0C8FAA37FE7
:10B4B0004BB108F138000EF0C4FA6FF00A042046D0
:10B4C00005B0BDE8F083A37AC5B13BB30123A377F0
:10B4D0004FF0000801A93846CDE90195CDF80C8060
:10B4E00000F0C2FA1C4B984229D084F81E801EBB83
:10B4F0006FF0040419480EF0A4FAE0E7E27F02B10D
:10B50000E577002BE2D100F0B9FD8742DED000F0F4
:10B51000A9FD12480EF095FA0024D0E7B8F80A30D9
:10B52000AB42F0D96268B5FBF2F302FB1353002B78
:10B53000E9D10123E377E6E7C6F80080D8E706B152
:10B5400035600024D6E76FF01204B8E76FF01504F9
:10B55000B5E700BF643800200000AD0B9C38002028
:10B560002DE9F0411D46204B174693F824200E4646
:10B57000002A33D093F8253083B3030631D401B9C0
:10B580007FBBFFF70DFB044658B3037A4BB34FF074
:10B59000FF3316484FF0FF320EF051FAE368BB421A
:10B5A000984628BFB84646B93FB905B12B600F4849
:10B5B0000EF047FA0020BDE8F081A169424630460E
:10B5C00010F0D7FEA3694344A361E368A3EB08032B
:10B5D000E360002DEBD0C5F80080E8E76FF01200C3
:10B5E000E9E76FF01500E6E7643800209C3800209A
:10B5F00070B51E4D95F82420034682B395F825209A
:10B600006AB31B062ED4FFF7CBFA044650B3037A75
:10B6100043B34FF0FF334FF0FF3205F138000EF027
:10B620000EFAE368B3B9012663692677A361637FE5
:10B6300083B1FFF795FB30B905F138000EF001FA40
:10B640006FF00B0070BD067484600673FFF7E0FABC
:10B65000FFF7D6FA06480EF0F4F90020F2E76FF093
:10B660001200EFE76FF01500ECE700BF6438002030
:10B670009C38002010B5084B93F824300C462BB1B1
:10B68000FFF78EFA28B10460002010BD6FF01200A1
:10B69000FBE76FF01500F8E764380020014B1860F5
:10B6A000704700BF6438002008B5074B93F824307A
:10B6B00023B1FFF775FA20B1406808BD6FF01200A2
:10B6C000FBE76FF01500F8E7643800204FF0805377
:10B6D000D3F83021082A06D1D3F83431052B04D809
:10B6E000034AD05C7047002070470120704700BFBC
:10B6F00059E50200064B10F0800FA3F1D80208BFF5
:10B70000134600F00F00182202FB0030704700BF04
:10B710000C420020EFF31180402383F31288BFF323
:10B720006F8F0A4BD3F8001C032261B949F27531BF
:10B73000C3F8001CC3F8142DC3F8001C80F3118853
:10B74000BFF36F8F7047C3F8142DF7E700E0064092
:10B75000EFF31180402383F31288BFF36F8F0A4BFE
:10B76000D3F8001C61B949F27532C3F8002CC3F854
:10B77000141DC3F8002C80F31188BFF36F8F70473E
:10B780000022C3F8142DF6E700E006404FF0805386
:10B79000D3F83031082B02BF024B0022C3F81C2C17
:10B7A000704700BF00700240024A00231360024A43
:10B7B00013707047EC4200204756002008B54A4BF2
:10B7C0004FF40062C3F80024FFF780FF08B1FFF7D1
:10B7D000A1FF4FF08053D3F83031082B18D1EFF38D
:10B7E0001180402383F31288BFF36F8F3F4BD3F850
:10B7F000001CC02200296ED149F27531C3F8001C2B
:10B80000C3F8142CC3F8001C80F31188BFF36F8FAA
:10B81000354B0122C3F80025D3F800241205FBD5CF
:10B820004FF40062C3F800244FF08053D3F8303156
:10B83000082B17D1EFF31180402383F31288BFF355
:10B840006F8F2A4BD3F8001C002947D149F275327B
:10B85000C3F8002CC3F8141CC3F8002C80F3118823
:10B86000BFF36F8FFFF732FF30B1FFF771FFFFF7C4
:10B870002DFF08B1FFF74EFF4FF08053D3F8303162
:10B88000082B194B0AD140F2E372C3F8002840227A
:10B89000C3F80428BFF36F8FBFF34F8F8022C3F824
:10B8A0001C250122C3F83025114B40F2FF121A600B
:10B8B000104B00211960104B1970FFF767FF0F4BF9
:10B8C00019700F4B02221A70FFF700FF50B1BDE84C
:10B8D0000840FFF73DBFC3F8142C95E70022C3F8DA
:10B8E000142CBBE708BD00BF0070024000E006401A
:10B8F000E8420020E4420020435600204556002044
:10B9000047560020094B002210B51A70084A094B0F
:10B91000094C002808BF1346C4F800332720F8F765
:10B920005FFE0123C4F8043510BD00BF4656002059
:10B93000FDFFDF01FDFFFF0100700240034B18789F
:10B94000012894BF00200120704700BF4756002007
:10B9500010B54FF0FF324FF0FF33154803F0BAFB3C
:10B96000EFF31181402383F31288BFF36F8F114BE4
:10B970001B7803F0FF0483B10F4BD3F8002412F4BB
:10B9800000720AD10120C3F82C05D3F82C05D3F896
:10B990000004800502D5C3F82C25002481F311880A
:10B9A000BFF36F8F024803F05BFB204610BD00BF62
:10B9B0006C0B00204656002000700240F8B51C4B6E
:10B9C0001C7894BB1B4A106001221A7040F2FF17CA
:10B9D000264664F07F0514F0080FEDB214BF394617
:10B9E000402128460EF074F82846FFF783FE013404
:10B9F000092C867506730661EBD1002440F2FF170F
:10BA0000254614F0080FE6B214BF394640213046EF
:10BA10000EF05EF83046FFF76DFE0134092C857597
:10BA200005730561EDD10448F8BD0448FCE700BF8B
:10BA300047560020EC4200200000AD0B0500AD0B86
:10BA4000084B10F0800F00F00F0114BFD3F8102541
:10BA5000D3F8142501238B40134214BF012000208A
:10BA6000704700BF007002402DE9F8430246EFF333
:10BA70001187402383F31288BFF36F8F030703D12D
:10BA8000184B1B78834229D1174B184E1C68356818
:10BA900010460EF015F8E443A4B24FF001092C4310
:10BAA00009FA00F814EA08041AD11046FFF722FE3A
:10BAB00080F80C90034607C91C6183E807009C7559
:10BAC0000B4B0C4845EA080580223560C3F8042179
:10BAD00087F31188BFF36F8FBDE8F8830648F7E757
:10BAE0000648F5E745560020E8420020E4420020E1
:10BAF00000E100E00000AD0B0A00AD0B0B00AD0B48
:10BB000010F0080F074B06D0D3F8C00410F4803FA4
:10BB100018BF0020704700F00F0000F5947053F834
:10BB200020007047007002402DE9F74FAB4BAC4E40
:10BB3000D3F85421DAB10022C3F85421D3F8041306
:10BB4000890214D58DF80420D3F82025ADF80620FD
:10BB5000D3F8C034002B336814BF4FF001224FF4E8
:10BB60008072134333609F4B01A81B6898479B4B1F
:10BB7000D3F8604134B10022C3F86021D3F86C449B
:10BB8000C3F86C44D3F828214AB10022C3F8282115
:10BB9000954B18780DF094FF012383401C43DFF888
:10BBA0004C82934F98F8005098F9009015F00801D6
:10BBB00043D1B9F1000F05F00F032EDA8D4A52F888
:10BBC000230020B342F823101422534303F180438F
:10BBD00003F51C33D3F80836874A117803F00103C4
:10BBE0004B401370FFF7D2FD844803F039FA284622
:10BBF000FFF780FD837D032B37D128460DF060FFD2
:10BC0000012303FA00F03B6823EA00033B60DFF8FE
:10BC1000D4A101254FF006095DE0794A52F82300CE
:10BC20000028F4D042F823101422534303F1804338
:10BC300003F51C33D3F80837CEE7B9F1000F674B93
:10BC400009DBD3F85021002AE1D00022C3F85021AB
:10BC5000D3F8A837C0E7D3F82C21002AD7D0002288
:10BC6000C3F82C21D3F8A836B6E7037BDBB9284606
:10BC70000DF026FF012303FA00F03B68B9F1000F35
:10BC800023EA00033B6001DA882DC0D106238DF83A
:10BC9000043000238DF80730524B8DF806501B6896
:10BCA00001A89847B3E7002DB1D14C4B0122DA64CB
:10BCB000ADE794FAA4F03268B0FA80F005FA00F328
:10BCC0001A430F28326024EA03043A6840F39C8048
:10BCD000134200F0A980002CEBD1404BD3F8002197
:10BCE0005AB1C3F80041474B1C703F4B1C700123F5
:10BCF00001933C4B01A81B689847384BD3F8582157
:10BD0000002A2ED00022C3F85821D3F80044C3F8EB
:10BD10000044E30508D53B4B01221A70022301932E
:10BD2000304B01A81B689847A50508D5354B002264
:10BD30001A70032301932B4B01A81B6898476005D9
:10BD40000FD5304B1A7862B100221A70234B0122B2
:10BD5000C3F808259A6504230193224B01A81B68A8
:10BD600098471E4BD3F85C3103B3244B9B681BB937
:10BD700098F80030590619D0184B0022C3F85C21FE
:10BD8000D3F88034184A23F07F0313703B6823F004
:10BD900001133B60336823F4803343F001033360C5
:10BDA000052301930F4B01A81B6898473A68336835
:10BDB0001A4200F0EB8011480022002303F08AF9B8
:10BDC000002840F0E380054BD3F82C35002B7BD0C6
:10BDD0000A4803B0BDE8F04F03F042B900700240DA
:10BDE000E8420020EC420020455600204456002046
:10BDF000E442002008710240435600206C0B0020F2
:10BE0000307102404656002013407FF464AF60F06A
:10BE10007F018DF804908DF806108DF80730DAF860
:10BE2000003001A8984756E7A0F110018DF8049062
:10BE30008DF806108DF80750F1E749F08005284687
:10BE4000FFF758FC4368B0F814A001689A4528BF72
:10BE50009A4601F06043B3F1005F044604D05448B1
:10BE6000524610F086FA52492268636852442260B2
:10BE7000A268A3EB0A03D20768B2636053D5BAF194
:10BE8000000F52D1002323734FE011464FF0000AF8
:10BE9000604545D1003B18BF0123002A42D05045E0
:10BEA00040D9012303FA09F32BEA03033B6006237D
:10BEB0008DF804303F4B8DF8065002221B68A275A6
:10BEC0008DF8072001A89847D7F800B033681BEA1F
:10BED00003093FF47DAF19F0012314BF93FAA3F9CE
:10BEE00099FAA9F9B9FA89F9B9F10F0FA5D9A9F108
:10BEF0001005EDB22846FFF7FDFB04462846FFF784
:10BF0000FFFD6368B4F814C022689842BDD81B1ABC
:10BF100000EB020E11466360C4F800E08246B7E70A
:10BF20000023BAE768B2002BACD04FF08053D3F8AF
:10BF30003031082B02BF204B8222C3F81C2C3368FF
:10BF400088F80050012202FA09F923EA0903336054
:10BF5000236915F0080F53442361174B19D10028AA
:10BF600005F00F054FF0140000FB0530A9BF0A359E
:10BF700003EB8503C0F80017C0F804A7AFBF43F870
:10BF80002520C0F80016C0F804A65A6003B0BDE82A
:10BF9000F08F0028B5BFC3F8A016C3F8A017C3F8E8
:10BFA000A4A6C3F8A4A7B4BF5A629A64EEE700BF80
:10BFB000F4400020EC42002000700240024B40F4AC
:10BFC0008070C3F81805704700700240030713D44F
:10BFD00000F00F0310F0800F084A0BBF03F58873C1
:10BFE00003F5847302EB830252F8230008BF506804
:10BFF000003818BF012070470020704700700240D1
:10C00000034BC3F80C0540F48070C3F80C0570476F
:10C01000007002400023036043600E4BD3F880247D
:10C020000270D3F884244270D3F88824D3F88C1497
:10C0300042EA01224280D3F89024D3F8941442EAD1
:10C0400001228280D3F89824D3F89C3442EA032357
:10C05000C380704700700240014B0122DA647047D0
:10C0600000700240014B01221A65704700700240C7
:10C07000014B01225A65704700700240014B18784D
:10C08000704700BF4556002010B50246EFF31184FB
:10C09000402383F31288BFF36F8F0DF011FD0B491E
:10C0A000012303FA00F00B6823EA00030B6012F08F
:10C0B000080101BF02F00F02054B02F5947243F82C
:10C0C000221084F31188BFF36F8F10BDE842002067
:10C0D00000700240F7B50146EFF31185402383F36A
:10C0E0001288BFF36F8FFFF705FB064608460DF079
:10C0F000E7FC012211F0800F02FA00F22D4818D15E
:10C10000036832EA03040AD00846FFF7BDFF0323A1
:10C11000B37585F31188BFF36F8F03B0F0BD264967
:10C12000347323EA020303600B6823EA02030B6003
:10C13000EDE70B0715D48029204B2FD001F00F0419
:10C1400004F2DA346400C3F80048D3F80448D3F8A2
:10C150000478E4B244F002043C43C3F80448D3F842
:10C160000438154F04683B6864EA030C1CEA020FAC
:10C17000CFD013433B60002333730323B3758DF893
:10C1800007300F4B8DF8061024EA020406220460E3
:10C190001B688DF8042001A89847BAE740F2B474F0
:10C1A000C3F80048D3F80448D3F80478E4B244F064
:10C1B0000404D1E7E4420020E8420020007002407D
:10C1C000EC42002038B50446094D4FF0FF324FF0E5
:10C1D000FF33284602F07EFF2046FFF77BFF28460C
:10C1E00002F03EFF034B8022C3F8042138BD00BF9C
:10C1F0006C0B002000E100E0F8B54FF0FF324FF08B
:10C20000FF332B4802F066FF2A4B8022C3F88421BB
:10C210002720F8F707FA98B1274E284B34681B6897
:10C22000240C24041C43012764BB254D40F2FF135A
:10C2300033602720C5F80445F8F7E0F9C5F8004356
:10C24000204A13788BB11E4B0021C3F8081101213D
:10C25000C3F80026C3F804165960D3F80811002962
:10C26000FBD00021C3F808111170154B0022C3F850
:10C270000025FFF78BFA0E4802F0F2FE124B012266
:10C280001A70F8BD94FAA4F5B5FA85F50F2D284675
:10C29000C6BFA5F11000C0B240F08000030701D472
:10C2A000FFF718FF07FA05F524EA0504BCE700BF0D
:10C2B0006C0B002000E100E0E8420020E442002096
:10C2C00000700240435600204756002010B5044637
:10C2D0004FF0FF324FF0FF33114802F0FBFE2046D3
:10C2E000FFF7F8FE04F00F02012393400D4A14F00B
:10C2F000800F14BFD2F81015D2F814156FEA03039B
:10C3000015BF0B400B40C2F81035C2F81435044875
:10C3100002F0A6FE044B8022C3F8042110BD00BF2A
:10C320006C0B00200070024000E100E070B5044694
:10C33000FFF786FB68B904F00F02012514F0800FA7
:10C34000144B05FA02F205D0D3F810150A43C3F8CE
:10C35000102570BDD3F814150A43C3F81425631EC5
:10C36000062BF6D8EFF31186402383F31288BFF330
:10C370006F8F2046FFF788FE20460DF0A1FB064A8E
:10C380001368854023EA0503136086F31188BFF321
:10C390006F8FDEE700700240E4420020030610B514
:10C3A000044605D4FFF712FE10B12046FFF76CFEDD
:10C3B000014BC3F8184510BD00700240084B70B522
:10C3C000C31A0D4607499B100446594306484022AC
:10C3D0000DF0A2FB2B4601462046BDE870401847F1
:10C3E00004430020B76DDBB600C6020073B50C4CE9
:10C3F0000C4A4023041B00930D460B460A49A41027
:10C400006143064609480DF0B3FB011E05DA3046CC
:10C410002B4602B0BDE87040184702B070BD00BFA7
:10C4200004430020DB9B0200B76DDBB600C60200B0
:10C430000022F8B5012105461046F8F701F9104829
:10C4400001F026FF0446B8B90EF047F82F690D49F0
:10C45000384609F028F9031E09DB01263E642D69E0
:10C46000084905F11C0009F01EF9031E02DA1C46FA
:10C470002046F8BDEE64FBE76FF00404F8E700BF68
:10C48000BDC50100B0D402007FB500220123CDE973
:10C49000022304ABCDE90433094ACDF800D06B4642
:10C4A000CDF804D00DF092FB002805DB4FF480425C
:10C4B0000023684602F00EFE07B05DF804FB00BFE3
:10C4C000ED9B020010B5EFF31184402383F3128833
:10C4D000BFF36F8F074A136823F00201DB07116077
:10C4E00002D401200DF0F3FF84F31188BFF36F8FA6
:10C4F00010BD00BF5443002030B4104B0C2202FB8F
:10C50000003301460020D3E90E529863EFF3118007
:10C51000402484F31288BFF36F8F1C6C04F0C004B6
:10C5200044F002041C6480F31188BFF36F8F1DB1C7
:10C530002B46034830BC184730BC704704430020EA
:10C5400000C6020010B4EFF31182402383F3128877
:10C55000BFF36F8F1748016841F002040460C807F9
:10C5600007D482F31188BFF36F8F012010BC01F054
:10C570007FBE4FF08041D1F80C04D1F80C14C907EC
:10C58000EFD5EFF3118083F31288BFF36F8F0A4961
:10C590000B6C03F0C00343F002030B6480F31188BB
:10C5A000BFF36F8F82F31188BFF36F8F002010BC31
:10C5B000FFF7A2BF544300200443002010B101281C
:10C5C00004D07047034B1B6C5B0701D1FFF794BF8E
:10C5D000704700BF04430020024AC3B21C2003FB83
:10C5E00000207047044300202DE9F0413849BFF393
:10C5F0005B8F0746012251E8003F41E800200028F8
:10C60000F9D1BFF35B8F33B9324933484B60CB600C
:10C610008A6009F05BF87B1E012B2BD8012F07D114
:10C620004FF08043D3F81C3403F00303012B21D0D7
:10C630000EF0D3FD0546F8B9284B1B78E3B14FF057
:10C6400080430222C3F808230646DFF894804FF0A7
:10C650008044D4F81824D4F81834D20315D503F044
:10C660000303012B01D0012F0FD155B386F311889D
:10C67000BFF36F8FBDE8F081EFF31186402383F3A2
:10C680001288BFF36F8F0125DFE7ADB130460AF0A6
:10C6900001F8D4F81835002BDBD1D4F80421002A96
:10C6A000D7D0C4F80431D4F804310123C4F81835C4
:10C6B000C8F88031A360CCE7002121200EF043FEB2
:10C6C000E7E74FF080430222C3F80423D2E700BF1C
:10C6D00000430020F042002020430020FF580020AB
:10C6E00000E100E0EFF31182402383F31288BFF3EF
:10C6F0006F8F0A4BD3F8001161B10021D3F8080500
:10C70000C3F80011D3F80031C0B282F31188BFF32F
:10C710006F8F70476FF00A00F7E700BF00D000404E
:10C72000F0B5034610469C7893F803C0EFF31182EE
:10C73000402585F31288BFF36F8F1F7893F801E0CF
:10C74000E41B04EA0C04A04288BFA0B23E180CEA25
:10C7500006063D461E7082F31188BFF36F8F0A18DC
:10C760008A4216D177450CD1EFF31182402181F333
:10C770001288BFF36F8F1978597082F31188BFF355
:10C780006F8F1B79241AA34222BF064B01221A6025
:10C79000F0BD5E190135767901F8016B05EA0C05EB
:10C7A000DEE700BF00D00040DB432DE9F04713F087
:10C7B00001050E46144604D02248FFF7B1FFBDE83C
:10C7C000F0879AB3EFF31188402383F31288BFF305
:10C7D0006F8F0D20F7F726FF07460D20F7F70EFFA6
:10C7E00088F31188BFF36F8FDFF85CA0DFF85C80FF
:10C7F000CAF80051DAF800314FF400590123CAF8A1
:10C8000000302546C8F88091DAF8003183B1FFF78F
:10C8100069FF031EC8F88091F6DB013DADB2735588
:10C82000002DF1D117B10D20F7F7DAFE2046C6E74B
:10C83000EFF31180402383F31288BFF36F8F09F069
:10C8400029FFE1E78843002000D0004000E100E03C
:10C850002DE9F041124F0D46144607F1450814B971
:10C860002046BDE8F0814FF0FF334FF0FF323846ED
:10C8700002F030FC224629464046FFF751FF0646AB
:10C88000384602F0EDFB3EB94FF0FF324FF0FF3378
:10C89000044802F01FFCE6E7A41BA4B23544DEE71F
:10C8A000584300207043002038B5194C012211462E
:10C8B00020460EF066FB0122002104F118000EF064
:10C8C00060FB40F20743A4F848304FF070632363E5
:10C8D0000C2384F8343000250E4B84F84550A4F81E
:10C8E0004650D3F8042522F00102C3F804250121A3
:10C8F000C3F80051D3F80021C3F804132A46196085
:10C900000D20F7F79DFE0D20F7F76AFE284638BD8B
:10C910005843002000D0004010B5FFF7E3FE002888
:10C9200020DB174B93F8322093F8314093F8331003
:10C93000141B31EA0404C0B20DD193F8472093F8D8
:10C94000464093F84810141B31EA04040BD10D4BF8
:10C9500001225A600EE09C180132114084F8350023
:10C9600083F8321010BD9C180132114084F84A003F
:10C9700083F847100448BDE8104002F071BB00BFC7
:10C980005843002000D0004070430020024B0B6051
:10C9900001231360704700BFAC430020004870477C
:10C9A000D4D4020010B5012211460748074C0EF0FE
:10C9B000E8FA01F0BBFC0EF0CCF820600EF0C5F8F0
:10C9C0006060002010BD00BFB4430020AC430020D5
:10C9D0004FF08042D2F81015D2F8103501F01E0148
:10C9E00023F01F030B4343F00103C2F81035024B41
:10C9F00000221A70704700BF485600204FF0805345
:10CA0000D3F83031082B20D14FF08042D2F81015E6
:10CA1000CB071AD5D2F8103501F01E0123F01F0301
:10CA20000B43C2F81035D2F808315BB1D2F810359B
:10CA300023F01F030B4343F00103C2F810356FF0DE
:10CA40008B007047024B01221A700020704700BF14
:10CA500048560020F8B504460EF077F8237B0546CB
:10CA60000BB10DF049FD134F0026FFF7C7FFE8B9E2
:10CA7000606801F0A7FFA3685B1BA36063682B4499
:10CA800063603B780BB1FFF7A3FF237B01363BB913
:10CA9000A368002BE9D1A068003818BF0120F8BDB9
:10CAA000304601F0BFFC0028F2D0F4E76FF08B00B5
:10CAB000F5E700BF48560020F0B587B00E46154692
:10CAC0000EF043F82946074630460DF030F9C8B35A
:10CAD000B6FBF7F307FB1363A3BBB5FBF7F407FB48
:10CAE00014547CBBBD4222D34FF0FF324FF0FF33D2
:10CAF000164802F0EFFA0DF0F3FC02AB01461022EB
:10CB0000C0B1214618460FF05CFC01228DF81420BC
:10CB10000F4ACDE900200F48CDE9036501F00EFC76
:10CB2000684601F011FC0446084802F099FA2046D4
:10CB300007B0F0BD18460FF044FCCDE90365FFF7E0
:10CB400089FFF0E76FF01504F1E700BFB443002060
:10CB500055CA0100645E010070B5037B04460BB149
:10CB60000DF0CAFC194E0125A368032B06D8184AFC
:10CB7000D2F80034DB07FBD5002070BDFFF73EFF85
:10CB800008BB23686068196801F038FF33780BB17F
:10CB9000FFF71EFF63680433636023680433236078
:10CBA000A368043BA360237B0135002BDCD028461F
:10CBB00001F038FC0028D7D0054AD2F80034D90754
:10CBC000FBD50120D9E76FF08B00D6E7485600204F
:10CBD00000E0014070B50D4686B01946284616465D
:10CBE0001C460DF0A4F860B345EA04039B0728D166
:10CBF000FCB14FF0FF334FF0FF32134802F06AFAF6
:10CC00000DF06EFC0346CDE9026502A804949BB1C9
:10CC100001238DF814300D4BCDE9003041F64C5016
:10CC200001F08CFB684601F08FFB0446064802F0D9
:10CC300017FA204606B070BD8DF81430FFF78CFF50
:10CC4000F3E76FF01504F4E7B443002059CB01007B
:10CC5000F0B545681646A8682A7C01F01F0487B025
:10CC600044EA4214002869D0B6F5001F04D12146D9
:10CC70000DF063FF002052E001AA0020B6F5800FFE
:10CC80000190506037D1B3F1007F14BF0523042316
:10CC90008DF804300023CDE904230393EB6823FAD5
:10CCA00001F111F001010DF103073AD1B6F1A07FB6
:10CCB00037D104F01F03620903F5E07326D0012A7F
:10CCC0003FD1214A52F82330DB072AD4A8683A46DC
:10CCD00021460DF0A8FE16301BD00297A86803AAC3
:10CCE00021460DF06CFD002819DBA86801222146C1
:10CCF0000DF0D0FEBEE7B3F1C06F05D0B3F1007FF9
:10CD000014BF01230223C3E70323C1E74FF0A0426E
:10CD1000D8E7A868394601F055FD0028DDDA07B0EC
:10CD2000F0BDA8683A4621460DF07DFE0028D5D119
:10CD30009DF80310A86801F03FFDCFE76FF0850074
:10CD4000EDE751F82330FFDE00030050420970B5D3
:10CD5000034602D0012A17D070BD0D4E32695168CA
:10CD60000029F9D003F01F0301250C689D4000291C
:10CD7000F2D08A682A4002D04B68304698472CB1DE
:10CD8000236821461C46F2E7024EE7E72346F8E710
:10CD900040C6020020C6020038B54568A86890B1B8
:10CDA0000DF070FE014670B9A8680DF04FFE044604
:10CDB00058B902460649A8680DF032FE2246052100
:10CDC0000620F7F73DFC002038BD6FF00400FBE7BC
:10CDD0004DCD01002DE9F043476840F20636D006FC
:10CDE0003B7C87B002EA060654BFC2F3401C4FF0FA
:10CDF000030C01F01F05B6F5837F144645EA431581
:10CE00008DF803C045D00DD8062E16D005D8A6B192
:10CE1000022E40D06FF0150038E0B6F5807FF9D1D2
:10CE200001260AE040F20222964236D0B6F5407F53
:10CE300035D0B6F5007FEDD102260123220303FA97
:10CE400001F12ED57B68C3F80815B86890BB05F0D2
:10CE50001F036D092BD0012D75D13D4A02EB8302D2
:10CE600084F48033D2F80017C3F30043C4F3404482
:10CE700044EA430421F4E16144EA8C0421F007010F
:10CE800044EA06230B43C2F80037002007B0BDE890
:10CE9000F0830726D1E70426CFE70526CDE7032652
:10CEA000CBE7630344BF7B68C3F80C15CDE74FF0B5
:10CEB000A042D3E70DF1020229460DF0B4FD14F4AF
:10CEC000403F80460CD1B86829460DF0E1FDB8F12D
:10CED000000FDAD19DF80210B86801F06DFCD4E7BC
:10CEE0004FF0000901ABCDE90199CDE90439CDF846
:10CEF0000C90B86803AA29460DF061FC4845C4DBD4
:10CF000014F4003314D084F480349DF803308DF889
:10CF10000E30C4F300448DF80C608DF80D40B868F5
:10CF20004B4603AA29460DF002FD0028CFDAACE7F4
:10CF3000CDE904330DF103030393B86803AA29462E
:10CF40000DF03DFCF1E703F5E07350F82330FFDE10
:10CF500000030050036803F01F025B09026004D065
:10CF6000012B034818BF002070474FF0A0407047C6
:10CF7000000300502DE9F04FDFF86091DFF860A169
:10CF800085B01546834600EB810140F2FF185945F4
:10CF900003D1002005B0BDE8F08FDBF80030580465
:10CFA000C3F3C322C3F3080400F191801B0E19F8E8
:10CFB0000270444508BF4FF0FF34192B00F28A80FD
:10CFC000DFE803F00D141A1D20261D888888883696
:10CFD00063888888888888888888667C7F82C5F886
:10CFE0000C45621C5ED10BF1040BD0E7C5F814456B
:10CFF000631CF8D000265FE0C5F80845F1E7C5F8E6
:10D000001045F5E7661CC5F80845ECD0002604E09D
:10D01000601CC5F80C45E6D0012603A80394FFF771
:10D0200099FF039B012202FA03F3C0F80C3508E0D4
:10D03000C5F80845002FDBD1631CD4D0002632464A
:10D040000627DBF80030019303F40040002818BFE6
:10D05000002203A8009218BF01260394FFF77AFF6D
:10D06000039C019B009A00EB8400C3F3412CD0F891
:10D0700000473B0243EA8C03134304EA0A042343B8
:10D0800043EA4603C0F80037ADE7C5F80C45D1E7E1
:10D09000C5F86045621CDBF80030A4D0C3F3004340
:10D0A000002BB9D003A80394FFF754FF039B01267C
:10D0B00006FA03F3C0F808353246C2E7C5F86445FE
:10D0C000E8E7C5F86845E5E7C5F86C45E2E76FF0C5
:10D0D00015005FE76FF085005CE700BFC4E5020064
:10D0E000F0F8FCFF2DE9F041044647680D460EF0CC
:10D0F00074F84FF0400888B9264B1B7873B164264A
:10D1000060680CF066FFF0B901200DF0F9F9013EFE
:10D11000F6D1002121200EF016F9F0E7EFF3118689
:10D12000314688F31288BFF36F8F60680CF051FFAF
:10D13000A8B986F31188BFF36F8FEFE786F31188E4
:10D14000BFF36F8FE5E7EFF31186314688F312885E
:10D15000BFF36F8F60680CF03CFF0028EED0BB6916
:10D160001D706368BA691B680020C3F8442501225A
:10D17000C3F84825C3F82001D3F82041C3F858016B
:10D18000D3F858019A6081F31188BFF36F8FBDE81F
:10D19000F08100BFFF58002070B5012383400E4A84
:10D1A000BFF35B8FDC4352E8001F01EA040542E84D
:10D1B0000056002EF7D1BFF35B8F4FF480328240D0
:10D1C0000648C0F80823BFF35F8FBFF36F8F0B4291
:10D1D00014BF0120002070BDE84300200010014072
:10D1E00070B40E49D1E90034D01AC31844F10004D8
:10D1F00022F07F46C1E90034A6F50013B3F5400FD5
:10D2000009D2074B1B681A0A1B069C19054B42F1F1
:10D210000005C3E9004570BC02F042BF982400201D
:10D22000EC430020A024002011B3BFF35B8F012347
:10D23000104A834052E800CF4CEA030C42E800C198
:10D240000029F7D1BFF35B8F0B4A4FF48033834043
:10D25000C2F80433094BBFF35B8F1B68BFF35B8FCE
:10D26000C340DB0742BF064B4FF40032C3F8002136
:10D27000704700BFE843002000100140E443002055
:10D2800000E100E00D4B1868010A0006BFF35F8F54
:10D290000B4BD3F80435181841F10001B3F5801F8A
:10D2A0000AD2084BD3E90023904271EB030303D267
:10D2B00010F1807041F10001704700BFEC43002085
:10D2C00000100140A02400202DE9F04F85B0164643
:10D2D0001F469DF840A00446FFF75EFF0190FFF750
:10D2E000D1FFB04271EB070354D23E4B301A67EBCB
:10D2F0000101984271F100014FD23B4B03EB041343
:10D30000D3E902239F4208BF96425ED037494FF4CB
:10D31000803804F1500508FA04F8AD00C1F84883DC
:10D320002046ADB20CF07CFF26F07F4B05F1804526
:10D3300004F5A87305F58835DC464FF00309029320
:10D34000029A2CF07F4341F82230C1F84483D1F88F
:10D350000435274A6FF00200C01A604420F07F4075
:10D36000904232D9286868B1D1F804350393A3EB11
:10D370000B0020F07F40B0F5000F26D920460CF0BE
:10D380004FFF039BBAF1000F07D109EB030C09F122
:10D390000109D5E7BAF1000F09D06FF01505204655
:10D3A0000199FFF741FF284605B0BDE8F08F012342
:10D3B000104ABFF35B8FA34052E8000F184342E8C6
:10D3C00000010029F8D1BFF35B8F07490E982301B4
:10D3D00001EB0412C8500F9B5360C2E9026700259D
:10D3E000DDE700BF0100800088240020001001401C
:10D3F000FDFF7F00E44300207FB51C4C1C4BC4F8AC
:10D400000833C4F848331B4B00254FF0FF304FF072
:10D41000FF31C4F80855C3E902014FF48033C4F862
:10D420000433154B02264FF400320121C4F8046383
:10D430001120C3F880212A46F7F702F91120F7F7E7
:10D44000CFF80E4A0123A360236013600C4B0D4AF2
:10D450000093CDE9015500232846FFF735FF3046FC
:10D46000FFF7C2F8284604B070BD00BF00100140AD
:10D4700003000F008824002000E100E0E8430020C2
:10D48000E1D10100FFFF7F002DE9F7432B4CD4F8D9
:10D49000043399070BD5D4F8043143B1284A00234B
:10D4A000C4F80431D4F80431136801331360D4F89C
:10D4B0000433DA0323D5BFF35B8F224B53E8002FED
:10D4C00022F0010143E800100028F7D1BFF35B8F81
:10D4D000D30702D4D4F840318BB10025C4F84051B1
:10D4E000D4F84031FFF7CEFEEFF3108272B6164B40
:10D4F000D3E90267B042B94104D282F3108803B085
:10D50000BDE8F0834FF0FF384FF0FF39C3E90289DF
:10D51000D3E900101D604FF48033C4F84833C4F8D9
:10D520004051D4F8403182F310880029E7D00090B0
:10D5300032463B4628468847E1E700BF00100140DD
:10D54000EC430020E44300208824002030B5431C35
:10D55000124C85B005D08442A8BF0446012CB8BF48
:10D560000124FFF78FFE0E4B0C4DD3E90013401A38
:10D57000B0F5000F10D22218AA4228BF2A4652182E
:10D580004FF0000007490091CDE9010043F100038D
:10D59000FFF79AFE05B030BD2A46F0E7FFFF7F0097
:10D5A00098240020E1D1010008B5FFF76BFE024B83
:10D5B0001B68C01A08BD00BF9824002010B5084C95
:10D5C000012363601120F7F719F8064BC4F80833FC
:10D5D000C4F84833044B4FF40032C3F8802110BD27
:10D5E0000010014003000F0000E100E037B50469BE
:10D5F00094F835300D464BBB0B7B022B29D10B68C1
:10D600000BBB94F834204B68D2B9134A591E91428F
:10D6100019D823630DF1070120460DF003FB10F12B
:10D620000C0F0BD0AB689DF8070013B1021D44F836
:10D63000223094F83430013384F8343003B030BDF4
:10D64000226B9A42E6D06FF01500F7E76FF00F00FB
:10D65000F4E76FF08500F1E7FEFFCF0710B5002279
:10D66000046901211020F6F7EBFF00232046034A4E
:10D67000BDE8104019460DF0B1BA00BF81D60100D7
:10D680002DE9F0410B4E0C4F0C464FF001080CB940
:10D69000BDE8F08194FAA4F5B5FA85F52B1D56F88E
:10D6A000233013B129463846984708FA05F524EA8D
:10D6B0000504ECE700090020E0C60200F8B50E4DB5
:10D6C00006460F46002426FA04F212F001020AD19F
:10D6D00027FA04F3DB0707D40134042C05F108050D
:10D6E000F1D10020F8BD0122297928680CF0F2FD63
:10D6F0000028F1D0F6E700BF60D5020038B5094D2B
:10D7000000244FF4003128460CF0CFFD48B9013415
:10D71000042C05F10805F4D1BDE838400F21FFF7CE
:10D72000CDBF38BD60D5020003280A4607D8054B97
:10D7300003EBC00153F8300009790CF0CBBD6FF05A
:10D740001500704760D5020002460B46014801F003
:10D750008DBB00BFB40A0020014801F0FFBB00BF31
:10D76000B40A00201FB5002401940A220294CDF8C7
:10D770000B400091014601A80EF04DFE009A0848AA
:10D7800001A907F093FE074807F090FE84F3118883
:10D79000BFF36F8F0323184602DF04B010BD00BF34
:10D7A000ECE502004BE2020070B5064688B0244862
:10D7B0000D4624490DF068FC03A8E4F7FFFC22485D
:10D7C0000DF07DFA002834D0204B019301A8E4F736
:10D7D0001FFD88BB4FF0FF304FF0FF31FFF7B4FF64
:10D7E000044638B91A491B48E4F7AAFC044620B19C
:10D7F000FFF7B2FF204608B070BD41F64C5302A8B7
:10D800000293EFF75DFE20B1FFF7A6FF6FF08504EE
:10D81000F0E7012368468DF80030EFF749FE002855
:10D82000F2D1FFF799FF33690B481D60F7F7B8FC99
:10D83000E0E76FF01204DDE76FF01504DAE700BFF0
:10D84000F4430020A5A30200A0C6020055D90100A0
:10D85000A82400206DD9010029D9010030B52D4838
:10D8600085B0E4F7EBFB044600284ED1E4F7B8FCA2
:10D870000125E4F7C1FCEFF715FCEFF715FCEFF716
:10D8800015FCEFF715FC01AA022120468DF8045083
:10D89000E4F708FC031E37DB082301AA0721204612
:10D8A000ADF80430E4F7FEFB031E2DDB4FF045130B
:10D8B000019301AA40F2032303212046ADF808306A
:10D8C000E4F7F0FB031E1FDB01AA042120468DF8BC
:10D8D0000450E4F7E7FB031E16DB1F2301AA062111
:10D8E0002046ADF80430E4F7DDFB031E0CDB40F20C
:10D8F0002A7293420CDD84F31188BFF36F8F0423E7
:10D90000184602DF6FF00B031C46204605B030BD01
:10D910002346F9E765D70100014902480DF0D0BB65
:10D92000F4430020D82B0020094B93F84A30042BF5
:10D9300002D1810709D47047022B02D1020704D417
:10D940007047082B03D1830601D5FFF7E5BF704769
:10D950006B56002010B403460A46034881680C68E1
:10D960001946234610BC1847A0C6020070B53B4CB0
:10D9700094F84A30E3B194F84A30042B41D120782E
:10D980003E2827D0FF282BD00025637802334A2B6E
:10D990005AD8002200232946F7F710FC064620BB80
:10D9A000BDB1002384F84A30BDE87040FFF7B4BF32
:10D9B0004FF0FF304FF0FF31FFF7C6FE48B904F1DA
:10D9C0004A01204600F08EFB0546FFF7C5FE002DFC
:10D9D000D1D070BDA578022D14BF00250125D4E754
:10D9E000A57805F0FD05802DF6E762781B49023227
:10D9F0000C3008F0DFFE1A4B1B6831461948984777
:10DA0000CFE7022B14D1002200230820F7F7B0FB48
:10DA100005460028DDD0628804324A2A14D80F490E
:10DA200005F10C0008F0C6FE0D4B29461B68E5E722
:10DA3000082BB6D1002200232020F7F799FB62883B
:10DA400005460028E8D1C4E7002383F31188BFF31B
:10DA50006F8F0423184602DFA3E700BF6B56002038
:10DA6000F043002000C70200F7B5804D2B78064632
:10DA7000002B40F0328304238DF807307C4B048860
:10DA80001F68B7B10DF106030DF10702691CB84715
:10DA900001280ED09DF80630002B40F05B819DF8E8
:10DAA0000730AB700E2201236A70EB70AC80A87156
:10DAB00059E1B4F5105F4FEA94230AD2002B4ED0FF
:10DAC000013B072B08D8DFE803F00907367A070780
:10DAD00007C13F2B00F00782012055E0304640F29D
:10DAE000064230F9033B93420FD040F21D4293426D
:10DAF0001ED0012040F206439C4200F02B8140F2F0
:10DB00001D439C4200F026813EE0EFF73DFD42F2CE
:10DB100064039C4240F2B68242F285039C4233D8B1
:10DB200042F267039C4200F2C18242F26603E8E7D8
:10DB3000EFF72CFDEBE7304640F6634230F9033B4C
:10DB4000934230D00DDC40F6034293421FD040F6A2
:10DB50002D4293421ED040F60142934212D0012042
:10DB6000F8E040F67B42934220D040F67C4293425C
:10DB7000F5D19DF807303F4902338DF80730EFF7B4
:10DB80001FFC01E0EFF70EFC0128E8D087E7E4F77F
:10DB900015FCF9E79DF80730364903338DF8073057
:10DBA000EFF705FCF0E7EFF704FCEDE79DF8073031
:10DBB000304904338DF80730EFF700FCE4E7338891
:10DBC000A3F58053013B082BC9D801A252F823F0DA
:10DBD000F5DB010007DC01001BDC01005FDB01005D
:10DBE0005FDB01005FDB01005FDB01005FDB010049
:10DBF0003BDC01009DF807301E4808338DF80730E4
:10DC0000EFF779FCC0E79DF807301A4840338DF8EC
:10DC100007300CF0C9FB002041E79DF807300833BE
:10DC20008DF80730134B00221A605A60EB7A23F00C
:10DC3000600343F06003EB72EDE79DF807300D4899
:10DC400006338DF80730EFF758FC9DE7304642F277
:10DC50004E0130F8033B1AB28A4242F264016BDC97
:10DC6000B2F5005F08DC8C425EE000BFB6560020D3
:10DC700004440020BD560020A3F50053013B4D2B6A
:10DC80004FD8DFE813F0600075007E004E0087007B
:10DC90008A008D00960099009C004E004E004E00B8
:10DCA0004E004E004E004E004E004E004E009F00B3
:10DCB000A800AB00B4004E00BD00C600CF004E006F
:10DCC0004E004E004E004E00DF00E800F1004E0016
:10DCD0004E00F400F700FA00FD004E004E00060171
:10DCE00009010C0115011E0121014E004E004E00DC
:10DCF0004E004E004E004E004E004E004E004E00B4
:10DD00004E004E004E004E004E004E004E004E00A3
:10DD10004E004E004E004E004E0024014E004E00BC
:10DD20002D0142F264039C423FF419AF40F2BA81E4
:10DD300042F285030120F1E642F27C039A4292D13D
:10DD4000EFF720FC01E0EFF7DAFB42F264039C42BC
:10DD50007FF4DDAE0F236B700423AB700123E870FA
:10DD60002B71A5F8054001232B70002003B0F0BDF6
:10DD70009DF80730CC4803338DF80730EFF7C4FB2C
:10DD8000E3E79DF80730C84808338DF80730EFF710
:10DD9000BDFBDAE7EFF7BCFBD7E7EFF7BBFBD4E758
:10DDA0009DF80730C04801338DF80730EFF7B4FB1A
:10DDB000CBE7EFF7B3FBC8E7EFF7B2FBC5E7EFF749
:10DDC000B1FBC2E79DF80730B74907338DF807303C
:10DDD000EFF7AAFBB9E7EFF7A9FBB6E79DF8073025
:10DDE000B14910338DF80730EFF7A2FBADE79DF88E
:10DDF0000730AD4808338DF80730EFF79BFBA4E7F9
:10DE00009DF80730A84902338DF80730EFF794FBEF
:10DE10009BE79DF80730A44902338DF80730EFF7F0
:10DE20008FFB92E79DF8073008338DF807308F237A
:10DE3000EB71C023EB7242F264039C4240F01C8100
:10DE4000002087E79DF80730974902338DF80730A7
:10DE5000EFF77AFB79E79DF80730934804338DF8A4
:10DE60000730EFF773FB70E7EFF772FB6DE7EFF743
:10DE700071FB6AE7EFF770FB67E7EFF76FFB64E7AB
:10DE80009DF80730884801338DF80730EFF768FBBD
:10DE90005BE7EFF767FB58E7EFF766FB55E79DF8A1
:10DEA0000730814808338DF80730EFF75FFB4CE708
:10DEB0009DF807307C4904338DF80730EFF758FBA5
:10DEC00043E7EFF757FB40E7EFF756FB3DE79DF8D9
:10DED0000730754802338DF80730EFF74FFB34E712
:10DEE000EFF74EFB31E730464FF6165230F8033B62
:10DEF00093425BD84FF60152934206D803F2FF32A9
:10DF000092B20A2A34D901205FE0A3F57D43023B97
:10DF1000142BF8D801A252F823F000BF3DE0010015
:10DF200043E0010049E001004FE0010007DF01008C
:10DF300007DF010007DF010055E0010007DF0100F6
:10DF400007DF01005BE0010007DF010007DF0100E0
:10DF500007DF010007DF010007DF010007DF010025
:10DF600007DF010061E0010007DF010073E001004D
:10DF7000A3F57C43013B0A2BC5D801A252F823F03C
:10DF8000BBDF0100D7DF010007DF010007DF010071
:10DF900007DF010025E0010007DF010007DF0100C6
:10DFA00001E0010013E001002BE001004FF61D52DB
:10DFB0009342A8D1EFF79DFA07E09DF807303A4861
:10DFC0000C338DF80730EFF7FDF924F008034FF616
:10DFD0000252934296E59DF8073040338DF80730A2
:10DFE000314B00201880EB7923F0230343F0230307
:10DFF000EB712B7A23F0070343F007032B72E4E75E
:10E000009DF80730284817338DF80730EFF7F7F9F8
:10E01000DBE79DF80730244820338DF80730EFF711
:10E0200012FAD2E7EFF7E9F9CFE79DF807301E487B
:10E0300001338DF80730EFF723FAC6E7EFF736FA2A
:10E04000C3E7EFF735FAC0E7EFF734FABDE7EFF7CC
:10E0500037FABAE7EFF736FAB7E7EFF737FAB4E788
:10E060009DF80730104904338DF80730EFF730FA88
:10E07000ABE7EFF73CFAA8E703D942F285030020AB
:10E080004CE5002042F219039C421AD842F20C03DC
:10E090009C427FF62FADA4F500530D3B9BB241F29D
:10E0A000412208E00120EDE7BD560020A4F5015310
:10E0B000283B0B4A9BB222FA03F3DB077FF564ADE2
:10E0C00048E642F232039C423FF444AEA4F50153C9
:10E0D000033B012B3FF658AD3CE64FF0FF3045E6E1
:10E0E0002F80402038B5094C23780D461BB9BDE878
:10E0F0003840EFF747B9A278611C02320EF039F9C7
:10E100000020042320702B7038BD00BFB6560020BD
:10E1100070B505460E46084C20460CF0D0FD38B1CF
:10E12000A368B2B2294620461B68BDE87040184774
:10E130006FF0120070BD00BFA0C6020002484FF48D
:10E14000007102F09DBA00BFFE5600201FB50024EA
:10E1500001940A220294CDF80B400091014601A8D7
:10E160000EF059F9009A084801A907F09FF90748ED
:10E1700007F09CF984F31188BFF36F8F03231846CF
:10E1800002DF04B010BD00BF1DE602004BE202003A
:10E1900037B53223ADF80430154A00230125192183
:10E1A00068468DF80630ADF800508DF80230EEF775
:10E1B000AFFB0446C8B90BF020FD80B2EDF7C2FFFB
:10E1C0000C482946F2F77BF9044670B901462A4605
:10E1D0000820F6F735FA2A4621460B20F6F730FAE2
:10E1E0002A4621462846F6F72BFA204603B030BDD2
:10E1F0004DE1010008440020014902480CF060BFD5
:10E2000038440020D82B002037B50D4D0D4900248F
:10E2100000946FF009034FF48062284601F038F94A
:10E22000094928460CF0DFFF084909480CF02CFF8B
:10E23000224604211920F6F703FA204603B030BD28
:10E24000D82B00208078002032E6020051A4020082
:10E250003844002010B9024B1B681847704700BFB4
:10E2600048440020014B01201B6818474844002007
:10E2700028B1012807D104490020EDF78BBE034BDC
:10E2800001201B681847704755E2010048440020F0
:10E29000014B1860002070474844002010B51F480B
:10E2A000BFF35B8F0368BFF35B8F23B9062904D8E4
:10E2B000042926D839B1002010BD0729FBD14038E8
:10E2C00000F0CEFEF7E750F8203CA0F14004D3E97F
:10E2D00000209047012808D0114B984203D0022318
:10E2E000E06384F834300F48E6E742F210732363AA
:10E2F000032384F8343004F1240384F82900A36351
:10E30000F1E700F8173C084B40F8103CA0F11C0165
:10E310004038007EF2F714F9CDE700BF8C440020AE
:10E320001F64660280440020FF3F420F0248012222
:10E3300000210CF026BE00BF4C440020014BD861E8
:10E34000704700BF4C44002038B54FF0FF31054600
:10E350004FF0FF30FFF7F8F92E492F48EEF7E6F9B6
:10E360000446FFF7F9F9002C51DB2C4C40F2011365
:10E370002385E36925626433E36242F21073236309
:10E3800000226FF0730384F82420E36304F1400556
:10E39000BFF35B8F55E8003F45E800210029F9D124
:10E3A000BFF35B8F4FF0FF314FF0FF30FFF7CCF939
:10E3B00004F12401207EF2F7C3F8FFF7CDF9184AE3
:10E3C0000023204600F086FE00280ADABFF35B8FA8
:10E3D000012355E8002F45E800310029F9D1BFF3AA
:10E3E0005B8F4FF0FF314FF0FF30FFF7ADF9207E2C
:10E3F000F2F788F8FFF7B0F9BFF35B8F236CBFF338
:10E400005B8F13B1054800F08BFEE06B38BD6FF0F9
:10E410000B00FBE7644400209DE201004C44002017
:10E42000447B0B00074B01221A64D3F84035B3FB41
:10E43000F0F01844044BDB69984234BF00200120FF
:10E44000704700BF008000404C440020BFF34F8F56
:10E450000549064BCA6802F4E0621343CB60BFF380
:10E460004F8F00BFFDE700BF00ED00E00400FA059C
:10E470004FF08053D3F83021082A06D1D3F8343135
:10E48000052B02D8024AD05C70470020704700BFBD
:10E4900042E60200024AD2F80034002BFBD070475B
:10E4A00000E0014010B54FF08053D3F83021082A26
:10E4B0004ED14FF080420021C2F80C11C2F8101169
:10E4C000C2F8381502F54042D3F80414C2F82015FA
:10E4D000D3F80814C2F82415D3F80C14C2F8281580
:10E4E000D3F81014C2F82C15D3F81414C2F8301550
:10E4F000D3F81814C2F83415D3F81C14C2F8401518
:10E50000D3F82014C2F84415D3F82414C2F84815DF
:10E51000D3F82814C2F84C15D3F82C14C2F85015AF
:10E52000D3F83014C2F85415D3F83414C2F8601577
:10E53000D3F83814C2F86415D3F83C14C2F868153F
:10E54000D3F84014C2F86C15D3F84434C2F87035CF
:10E55000FFF78EFF18B13F4B3F4AC3F88C26FFF7F9
:10E5600087FF18B13D4BFB22C3F81825FFF780FF4A
:10E5700070B14FF080414FF08053D1F8E42ED3F8C2
:10E58000583222F00F0203F00F031343C1F8E43EA8
:10E59000FFF76EFF20B1324B4FF40072C3F84026F4
:10E5A0004FF08053D3F83031082B1AD14FF080430D
:10E5B000D3F80024D20744BF6FF00102C3F800244F
:10E5C0004FF08053D3F83431052B02D8254AD35C61
:10E5D0003BB14FF01023D3F808224FF08043C3F82B
:10E5E00058254FF01021D1F80C32DB0714D51E4806
:10E5F0000123C0F80435FFF74DFFD1F80C3223F0AA
:10E600000103C1F80C32FFF745FF0023C0F80435C1
:10E61000FFF740FFFFF71AFFD1F80032002B03DBB2
:10E62000D1F80432002B14DA0F4901234FF01020E7
:10E63000C1F804351224FFF72DFFC0F80042FFF7A0
:10E6400029FFC0F80442FFF725FF0023C1F8043575
:10E65000DEE710BD005000404881030000F000409C
:10E66000009002403CE6020000E00140014B1860CF
:10E67000704700BF9044002010B5054B1868144641
:10E680000BF040FF0028A4BF2070002010BD00BF89
:10E6900090440020024A01238340C2F804357047A9
:10E6A00000F00140036803F01F025B09026004D020
:10E6B000012B034818BF002070474FF0A04070475F
:10E6C00000030050034A430900F01F00D35C1844C4
:10E6D000C0B2704748E60200034611F0010030B5B1
:10E6E000CCB213D1A207C4F3400020D5124AD2F80D
:10E6F000200558604FF08053C2F82005D3F8303120
:10E70000082B15D0003818BF012010E04FF0A041B1
:10E710004FF08055D1F820251A60C1F82025D5F892
:10E720003051082D08BFD1F82015002ADAD030BDAD
:10E73000D2F82035E6E700BF00030050F7B50446E5
:10E740000846FFF7BFFF06B204EB46060D46B38A44
:10E75000DB072BD520460CF00FF8294620460BF09E
:10E760007AFF58B120460BF08CFF276800B207EB08
:10E7700080030022C3F81025C3F81025294620463F
:10E780000BF0A8FF0021B18201A80195FFF78AFFD5
:10E79000019B00EB8300074BD0F80027134043F0A8
:10E7A0000203C0F80037084603B0F0BD6FF0150053
:10E7B000FAE700BFF0F8FCFF01480BF0C1BE00BF54
:10E7C0003C09002010B504480C460BF09BFE0028C5
:10E7D000A4BF2070002010BD3C0900202DE9F04F9F
:10E7E000804689B058F804ABDAF80413C9B28346FE
:10E7F000082241F0004150460BF096FF051E2BDA2F
:10E800000023032106A8CDE90633FFF765FF644B1B
:10E8100001930DF118090023019A009312F8013BAE
:10E8200060490192DA0803F007038A5C22FA03F3D5
:10E83000DA071AD4009B09F10409A3B14FF0004193
:10E84000002250460BF070FF032106A8FFF744FF9B
:10E850000028DCD125F000450124002D40F08A80FD
:10E8600009B0BDE8F08F0123D6E7009B4E4A134460
:10E870000293D9F800100029DCD0029B91FAA1F193
:10E880001C78B1FA81F141EA44142046FFF71AFFDF
:10E890000BEB40000594878AC808BB0819F80020D4
:10E8A000039301F00701012303FA01F122EA0102B7
:10E8B00009F8002005A8FFF7F5FE059A039B02F56D
:10E8C000E072C7F3820650F822205B073746C2F396
:10E8D000014233D5D6B240463A4621460BF0DBFE24
:10E8E00005A80594FFF7DEFE059B03F5E07350F8DD
:10E8F0002330C3F301439E4207D1002120460BF091
:10E900009BFE314620460BF097FE05A80594FFF7C5
:10E91000C9FE059B012202FA03F3C0F820354FF02F
:10E920008053D3F83031082B01BFD0F82035D0F810
:10E930002035D0F82035D0F820359AE7022A0DD1BD
:10E94000032120460BF078FE06F00503012BDCD1F5
:10E950003A46214640460BF09EFED6E7022120466D
:10E9600003920BF069FE032EF2D0039A032ACCD156
:10E97000022EECE795FAA5F3B3FA83F304FA03F257
:10E9800025EA020503F5A2720BEB43035AF8222095
:10E99000B3F87C10C2F3014240460BF07CFE5CE70A
:10E9A00058E6020090D5020058E60200044AD2F868
:10E9B0000034DB07FBD50160BFF35F8F704700BFFA
:10E9C00000E001404FF080531A69B0FBF2F302FB04
:10E9D00013036BB9084B0222C3F80425C3F80805DA
:10E9E000D3F80024D207FBD50020C3F804057047F4
:10E9F0006FF00C00704700BF00E0014010B5054CFF
:10EA00000123C4F80435FFF7D1FF0023C4F804350F
:10EA100010BD00BF00E0014010B5184C237853BB77
:10EA20000278C2F34003920712D54FF08053D3F817
:10EA30003021082A0BD1D3F83431052B07D8104ADE
:10EA4000D35C23B14FF080430122C3F83826012361
:10EA50004FF08042C2F88035037803F00103C2F81A
:10EA600078350020F5F7DEFD08B9F5F7B9FD01238B
:10EA70002370002010BD6FF07700FBE7FE580020E8
:10EA80005AE602004FF080434FF46072C3F8082347
:10EA9000014B00221A6070479444002008B5FFF72C
:10EAA000F1FF03680BB1014A136008BD94440020D4
:10EAB00010B54FF08043D3F80443620707D54FF4F5
:10EAC00084700CF04AF810B11E4B1B689847A306DF
:10EAD00008D54FF48A700CF040F818B11A4B00209A
:10EAE0001B689847600608D54FF48C700CF035F819
:10EAF00018B1154B01201B689847210608D54FF423
:10EB00008E700CF02AF818B1104B00201B68984743
:10EB1000E20508D54FF490700CF01FF818B10B4BBC
:10EB200001201B689847A3050AD54FF492700CF09A
:10EB300014F828B1054BBDE810401B6802201847A7
:10EB400010BD00BF9C440020984400209444002045
:10EB50000368034A01F5C07143F82120704700BFE4
:10EB60003546526E38B5EFF31185402383F3128892
:10EB7000BFF36F8F064B9C680CF0B4F885F31188D7
:10EB8000BFF36F8F2046BDE83840F5F7D1BC00BF1A
:10EB9000A044002038B50A4B53F82040013053F808
:10EBA0002050A54200D838BD606830B1037FDB0734
:10EBB00001D40CF06CF80834F3E723689847FAE7BF
:10EBC00094D5020070B52A4B2A4C2B4D012286B0F9
:10EBD00003201A70FFF7DEFFF5F7B0F80420FFF707
:10EBE000D9FF2646AE4204F1300410D300F04AFFAC
:10EBF000204C224EAC4226D300F058FFF3F7BEF86B
:10EC00001F4A137B23F00103137306B070BD54F841
:10EC10000C3C059354F8103C049354F8143C0393B3
:10EC200054F8183C029354F81C3C019354F8203CCF
:10EC3000009354E90A2354E90C0100F007FD54F84D
:10EC4000303C5E65CDE7D4E90A23B3F1FF3F08BF4E
:10EC5000B2F1FF3F05D052EA0301206803D100F072
:10EC6000FFFF3034C6E73146183001F089F9F8E784
:10EC7000FF580020C0C80200C0C80200DBB202007A
:10EC8000F82C002070B5002386B00122CDE90423C2
:10EC9000134E144D01930F22CDE902321249142371
:10ECA00003FB005506EBC01604464FF4C07000FB92
:10ECB00004110E4B00954FF4A072304600F0C6FCD4
:10ECC000737B0B4AEE6023F0040373734FF4046309
:10ECD00004FB033313442C746B6006B070BD00BF9B
:10ECE000782C0020A044002000850020F1AD020017
:10ECF000C07C0020BFB50020FFF74CFF2A4B83F3F8
:10ED000008882A4C2A4F636943F400736361E02347
:10ED100084F8223000252023E37725766576A576D2
:10ED200084F82050636A43F4E023636284F823503C
:10ED3000F5F77AFBF5F710FD4FF0FF33A362E362BE
:10ED4000F5F7D0FDF5F72CFD1A481B4C00F0F6FC4A
:10ED5000F5F7D4FF0120FFF71DFF0220FFF71AFF90
:10ED600000F0D8FE154B16495C61164B0593012344
:10ED7000CDE903534FF400623B46CDE901550095C0
:10ED8000204600F063FC627B064622F00402204627
:10ED900062730CF065FA2846FFF774FF3A46314675
:10EDA0002046F5F7BBFC00BF0085002000ED00E029
:10EDB000C5EB0100182E0020F82C0020A0440020F4
:10EDC0008086002060E6020038B5064C064DAC4255
:10EDD00001D3002038BDD4E9011220460BF085FF95
:10EDE0001434F4E7780A00208C0A002038B5064C69
:10EDF000064D0020AC4200D338BD20460BF099FFF1
:10EE00000028F9DB1C34F5E7080A0020780A002006
:10EE100073B50C46EFF31181402585F31288BFF3DB
:10EE20006F8FC5685DB125602B68C360836901334E
:10EE30008361002081F31188BFF36F8F11E052EAE4
:10EE4000030603D125606FF00B00F3E7CDE9002343
:10EE50000246083000F05CFD18B9034B9B681B6943
:10EE6000236002B070BD00BFA04400202DE9F34133
:10EE7000044617461E46EFF31188402383F3128899
:10EE8000BFF36F8FC368334A7BB180689168884253
:10EE900019D057EA060318D188F31188BFF36F8F92
:10EEA0006FF00F0002B0BDE8F081916891F90E108B
:10EEB00021610133E3609368A36088F31188BFF395
:10EEC0006F8F0020EEE72169F2E791F90E1090F9BB
:10EED0000E309942A8BF19466FF07E029142B8BF2A
:10EEE00011468B422DDD0BF08EFF0546CDE90076F5
:10EEF00019482246414600F00BFD0028E1D0EFF30F
:10EF00001186402383F31288BFF36F8FA068D0B1BE
:10EF1000236821699C420AD04BB193F90E30994283
:10EF2000A8BF19466FF07E039942B8BF19460BF08F
:10EF30006AFF40B10848314600F07EFD6FF00A00DC
:10EF4000B0E70025D2E7002DF4D186F31188BFF396
:10EF50006F8FF3E7A044002000590020F8B58368C4
:10EF60000546002B3FD0234A926893423ED1C368A6
:10EF7000012B03D9013BC3600020F8BDEFF31187DB
:10EF8000402383F31288BFF36F8F016980680BF011
:10EF90003AFF2C68A54207D10023C5E9023387F365
:10EFA0001188BFF36F8FE7E7002CF5D0D4E900326A
:10EFB00013605A60637B002623F002036373C4E985
:10EFC0000066A66004F118000CF01DFAAC6094F91C
:10EFD0000E302B612046E6670CF042F906483946B0
:10EFE00000F02AFDC8E76FF01500C6E74FF0FF30CC
:10EFF000C3E700BFA04400200059002037B51146E8
:10F00000EFF31185402282F31288BFF36F8F0468FB
:10F010009CB12368426823F003039442036008BF55
:10F020004360012120460BF07BFF044685F31188E5
:10F03000BFF36F8F204603B030BD51EA0302F5D015
:10F0400000F10802CDE900131046294600F060FCEB
:10F050000028EFD1014B9B681C69EBE7A04400201E
:10F0600070B5EFF31186402383F31288BFF36F8FDF
:10F070000468A0421AD0CCB1D4E9003213605A60BF
:10F08000637B002523F00203C4E900556373A56088
:10F0900004F118000CF0B7F9E56720460CF0E0F831
:10F0A00031460B48BDE8704000F0C6BCD0E90232E2
:10F0B0009A4218BF01338360022110300CF082FAAB
:10F0C0000028EDD186F31188BFF36F8F70BD00BFAC
:10F0D0000059002013B5EFF31181402484F3128806
:10F0E000BFF36F8F846844B1013C846081F3118861
:10F0F000BFF36F8F002002B010BD52EA030406D1A7
:10F1000081F31188BFF36F8F6FF00F00F3E7CDE944
:10F1100000230246014800F0FBFBECE70059002009
:10F120002DE9F8430546EFF31188402383F3128855
:10F13000BFF36F8F002637466FF00A092C68A5428F
:10F1400016D0ACB1D4E9003213605A60637BA7607B
:10F1500023F002036373C4E9007704F118000CF094
:10F1600052F9C4F87C9020460CF07AF80126E5E7C5
:10F170000023AB60022105F110000CF023FA30B936
:10F180002EB988F31188BFF36F8FBDE8F88341462D
:10F190000248BDE8F84300F04FBC00BF0059002012
:10F1A00007B5074B0093074907484FF0FF334FF46B
:10F1B000006200F06DF9002003B05DF804FB00BFB1
:10F1C000ACD50200C08E0020782D00202DE9FF4133
:10F1D0004F4E04464027EFF3118887F31288BFF3A0
:10F1E0006F8FD4F88450F5B9022104F19C000BF024
:10F1F000D8FE002868D004F1940500220121284699
:10F200000CF0C8F80028F8D1002302934FF0FF3229
:10F210004FF0FF33CDE90023414604F18C023D4815
:10F2200000F0E8FDD7E7D4F888202B68C4F88430D4
:10F23000954208BFC4F88830D4F89C3043F00203EC
:10F24000C4F89C30EB6823F0040343F00103EB6047
:10F250006B6888F31188BFF36F8F28469847EFF3E8
:10F26000118887F31288BFF36F8FEB68D80623F0FD
:10F27000010236D4EA60EB689A0716D5306823F0AD
:10F280000203EB6088B10368002170B142689542C7
:10F2900035D1036869BB72683360824200D1736004
:10F2A000002340F8083BFFF7DBFED4F89C3023F046
:10F2B0000203C4F89C3088F31188BFF36F8FDB051D
:10F2C00089D400F02FFC86E7D4F89C30D9069BD572
:10F2D000C4F89C0088F31188BFF36F8F04B0BDE8B9
:10F2E000F08123F01103EB6005F11000FFF7B8FE89
:10F2F000C1E70B607368834208BF7160D0E723B138
:10F300001A68014618461346BFE71A46F9E700BFD8
:10F31000C04400200059002070B5C368C3F3400604
:10F320009B0705460C460DD50122002104F108007B
:10F330000BF027FE00232360054B65605A681AB95D
:10F34000C3E90044304670BD14605C60FAE700BF5A
:10F35000C0440020F8B5C3689A0704460F46C3F3BB
:10F3600040062ED45B071CD40B680BB983680B6076
:10F37000E368DD0744BFA3683B603D684CBF0226DD
:10F380000126002D3CD0204B9A68D5F880309A4257
:10F390000AD0D5F89C30D807C3F3800214D46FF09C
:10F3A000120600233B6025E00BF017FFD5F89C30D8
:10F3B0000028F0D1D907C3F3C002F0D552B15B07E2
:10F3C00008D46FF00F06ECE7002AFAD1C3F3C003AC
:10F3D000002BF6D100232360D5F8883063B9C5E946
:10F3E000214428460BF0F8FDE36843F00403E36092
:10F3F0003B68A3603046F8BD1C60C5F88840F0E764
:10F400006FF01506CDE700BFA0440020F8B5C36833
:10F4100003F00503002B06460C4614BF0127002706
:10F420001CD085680122002104F110000BF0A9FD19
:10F43000134920460BF028FEE36843F01003E36015
:10F44000F3685B0712D5336823606BB9D5F8883051
:10F4500033B9C5E9214428460BF0BEFD3846F8BD56
:10F460001C60C5F88840F6E73460F4E7D5F88430CE
:10F470002360D5F88830C5F88440002BEBD1F0E745
:10F48000B9AF0200014601480BF01ABE782D0020EA
:10F49000F0B589B004460020C4E921000E9D04F1B6
:10F4A0008C00C4E9230004F19400C4E9250055B39D
:10F4B0002879002840F2011008BF0120C4F89C0000
:10F4C00000204FF0FF364FF0FF37CDE90330CDE994
:10F4D0000100CDE906670D4B0094204600F002F9CB
:10F4E00055B1296811B120460BF07DFE6B791BB137
:10F4F000237B43F001032373204600F0B1FBC4F8E3
:10F50000804009B0F0BD0120D8E700BFCDF1010077
:10F5100037B501900846EFF31184402181F312883A
:10F52000BFF36F8FC16811F01E0F16D153EA0205A9
:10F5300008D101A9FFF70EFF84F31188BFF36F8F85
:10F5400003B030BD41F00801C160019981620449F6
:10F55000103000F015FD0120EEE70020ECE700BFC1
:10F560004DB0020001460148FFF7D2BF782D0020C0
:10F57000F7B50C46019016461D46EFF31187402360
:10F5800083F31288BFF36F8F08460BF016FD55EA20
:10F59000060309D101A92046FFF7DCFE87F3118895
:10F5A000BFF36F8F03B0F0BDE368074943F0080372
:10F5B000E360019BA36232462B4604F1100000F089
:10F5C000DFFC0120EAE700BF4DB002000146014820
:10F5D000FFF7CEBF782D00202DE9F0410546EFF36F
:10F5E0001187402383F31288BFF36F8F0468A04212
:10F5F00023D014B320460BF0E3FD04F118000BF008
:10F6000002FF0026B046C4F87C8020460BF028FE9E
:10F610002C68A54206F1010608D03CB120460BF04B
:10F62000CFFD04F118000BF0EEFEECE7064839467A
:10F6300000F002FA3046BDE8F08187F31188BFF38D
:10F640006F8F0026F6E700BF005900202DE9F04338
:10F65000073285B022F007020E461F46109901734B
:10F6600000F158037F32C0E916330446002322F02C
:10F670003F020421836041733F2A0F98A073C4E9BD
:10F680000633E37306F14009A2F1400805D883F37D
:10F690001188BFF36F8F084602DFB5182946204650
:10F6A000F4F7A2FC07300E9B20F00700E066C4E9E7
:10F6B000199802930D9B01932D1A0C9B00932A46D7
:10F6C0003B4631462046F4F7F7FF00236365044BC1
:10F6D0009B6803B11B6F2367284605B0BDE8F08324
:10F6E000A0440020F0B587B000250595109D049535
:10F6F0000F9D03950E9D0295DDE912760D9D0195F6
:10F700000C9D00950446FFF7A1FFB6F1FF3F08BF2F
:10F71000B7F1FF3F05D056EA070305D1204600F0B8
:10F720009FFA204607B0F0BD3A46334604F1180070
:10F73000014900F025FCF4E7DBB2020040F20113BE
:10F7400010B583810023C0E91933044600F024FE7C
:10F75000014B9C6010BD00BFA0440020094A936883
:10F760006FF00A01D967084998674B6843F08053E6
:10F770004B60002383F31188BFF36F8F9368D86FBA
:10F78000704700BFA044002000ED00E070B590F984
:10F790000D20437B002A36DBD90634D11B4C63F0A5
:10F7A0007F032246437352F8183FE169934207D121
:10F7B000C0E900210860E06111E09942F8D01B68BF
:10F7C000002BF5D090F90E5093F90E60B542F4D0AD
:10F7D000AE42F2DD5968C0E9003108605860A569A1
:10F7E000954200D005B9E568A3685A7BD20604D1DA
:10F7F000DA897F2A01D9AA6932B1AB4202D0284600
:10F8000000F038FB656170BD6361FCE7A044002037
:10F8100038B590F90D20437B002A014604DA03F045
:10F820007F0343730BF0E2FC0D4D2A46AB6852F8A0
:10F83000184F944200D004B9EC688B4207D05A7B31
:10F84000D20604D1DA897F2A01D9A2692AB1A3425A
:10F8500002D0204600F00EFB23466B6138BD00BF8E
:10F86000A0440020B3F1FF3F08BFB2F1FF3F03D037
:10F870000249183000F084BB704700BFDBB20200C1
:10F8800070B590F90D20437B002A014604DA03F09D
:10F890007F0343730BF0AAFC4B7B1C4C63F07F038C
:10F8A00022464B7352F8183FE069934207D1C1E9F1
:10F8B00000200160E16111E09842F8D01B68002B44
:10F8C000F5D091F90E5093F90E60B542F4D0AE42E6
:10F8D000F2DD5868C1E9003001605960A569A3688C
:10F8E000954200D005B9E5688B4207D05A7BD20615
:10F8F00004D1DA897F2A01D9AA692AB1AB4202D0A0
:10F90000284600F0B7FA2B46636170BDA044002082
:10F91000F8B50E4B0C4611460D4A98681060DDE9AB
:10F920000667EFF31182402282F31288BFF36F8FD4
:10F930009D6828460BF06CFC284632463B46FFF794
:10F9400091FF2046BDE8F840FFF708BFA044002023
:10F95000C8440020F8B50446EFF31187402383F331
:10F960001288BFF36F8F437B03F01F02002A0CBF86
:10F970000126002649B239D103F07F0343730BF00F
:10F9800035FC2C4D437B817363F07F032A46437320
:10F9900052F8183F934227D1E869C4E90020046077
:10F9A000EC610FE09842F8D01B68002BF5D093F97A
:10F9B0000EC06145F6D08C45F4DD5968C4E90031CC
:10F9C0000C605C60AC69944200D004B9EC68AB6830
:10F9D0009C4202D0204600F04DFA6C6187F31188FA
:10F9E000BFF36F8F3046F8BDE869DEE79B071ED591
:10F9F00085680BF0FBFB81732B689D4209D16B6816
:10FA0000C4E900531C606C60E8E76A689342F6D072
:10FA10001B68002BF3D093F90E209142F5D08A4257
:10FA2000F3DD5A68C4E9003214605C60D6E7817384
:10FA3000D4E700BFA044002049B9EFF3058030B9F6
:10FA4000054B5A699B689A4201D0FFF787BE81F344
:10FA50001188BFF36F8F7047A0440020034648B958
:10FA6000EFF3058232B9064A51699268914201D09A
:10FA7000FFF774BE83F31188BFF36F8F704700BF29
:10FA8000A0440020EFF31181402383F31288BFF3D9
:10FA90006F8F054B9A68D37B013BD37381F3118839
:10FAA000BFF36F8F704700BFA044002070B5EFF325
:10FAB0001186402383F31288BFF36F8F144DAB6818
:10FAC000DA7B0132DA732A4652F8184F944200D09A
:10FAD00004B9EC685A7BD20604D1DA897F2A01D9AD
:10FAE000A2692AB1A34202D0204600F0C3F92346FE
:10FAF0006B6186F31188BFF36F8FEFF311804023A2
:10FB000083F31288BFF36F8FBDE87040FFF7A6BF85
:10FB1000A0440020024B03F11802C3E906227047FB
:10FB2000A044002070B5EFF31186402383F31288C0
:10FB3000BFF36F8F1B4CA168E0690B68814214BF53
:10FB40001A46002249680B605960A368E1692AB926
:10FB5000154AC3E900210B60E3610CE093F90E0044
:10FB600092F90E50A84218D0854216DD5168C3E9BB
:10FB700000210B605360A5690B4B9D4200D005B975
:10FB8000E568A3689D4202D0284600F073F96561DC
:10FB90003046BDE87040FFF7E1BD8A42D8D0126818
:10FBA000D5E700BFA0440020B8440020F8B550EAD3
:10FBB000010306460C4603D1FFF7B4FF0020F8BD51
:10FBC000EFF31187402383F31288BFF36F8F124D39
:10FBD000124BA8681860FFF71BFEA868104923465F
:10FBE0003246183000F0CCF9AA68537B43F0040386
:10FBF000537304463846FFF7B1FDAB68D3E90A23D7
:10FC0000B3F1004F08BF002AD8D10BF024FC201A12
:10FC100020EAE070D3E700BFA0440020C8440020E1
:10FC2000DBB202000C490D4A38B500244FF4004500
:10FC30008C462146C0FB05C100236046EDF718FA4B
:10FC4000C117FFF7B3FF054A47F6FF73C0FB023445
:10FC5000DB0B43EA444038BD3F420F0040420F00F7
:10FC600038B50446EFF31185402383F31288BFF3C0
:10FC70006F8F437B5B070FD518300BF0C4FB637BA2
:10FC800023F0040320466373FFF780FD29460548EF
:10FC9000BDE83840FFF7D0BE85F31188BFF36F8F02
:10FCA00038BD00BF00590020014B9868704700BF65
:10FCB000A04400202DE9F8430446077BEFF31185AB
:10FCC000402383F31288BFF36F8F437B190705D559
:10FCD00085F31188BFF36F8FBDE8F883D90943F02E
:10FCE00008025DD14273A36813B120460BF086FA77
:10FCF00004F118000BF087FBA66D04F15808B0451D
:10FD000011D04FF0000976B130460BF077FA06F1CA
:10FD100018000BF078FBC6F87C903046FFF736FDF4
:10FD2000A66DB045EFD1DFF8C080D8F808309C420E
:10FD30003ED1EFF30589B9F1000918BF4FF0010971
:10FD4000D8F81860294A964200D00EB9D8F80C604D
:10FD5000B34202D0304600F08DF82046C8F8146057
:10FD600006F081FCB9F1000F02D02148FFF7E6FC54
:10FD7000D8F808309C4231D1EFF3058373BB227B66
:10FD8000D20718D42846FFF7E9FCFB07A4D50023C7
:10FD900083F31188BFF36F8F0423184602DF9BE7BC
:10FDA00003F07F0343F0080343730BF01FFA9AE755
:10FDB0004FF00009C4E785F31188BFF36F8F83F319
:10FDC0001188BFF36F8F0423184602DFEFF3118011
:10FDD000402383F31288BFF36F8FD4E785F3118834
:10FDE000BFF36F8FD1E700BFA0440020B8440020CC
:10FDF000182E0020D3B5DDE90667089CCDE9006721
:10FE0000FFF786FD1CB1034B9B681B69236002B0A2
:10FE1000D0BD00BFA0440020044BC01A044BC0104A
:10FE20005843044B01221A54704700BF982E0020FB
:10FE3000ABAAAAAA00590020C3897F2B12D80A4B6B
:10FE40001B6863B1094B90F90E201B689A4209DBCD
:10FE5000437BDB0606D1064BC31A18BF012303F010
:10FE6000010070470023FAE740090020CC4400203D
:10FE7000782C002070B50E4B0E4C1E7C06EB460312
:10FE800004EBC304054620460BF0BDFA0A4B0022E2
:10FE900028469A55FFF7D0FF48B1084B08491A6821
:10FEA000013A2046D317BDE8704000F069B870BD34
:10FEB000A0440020982E0020005900204009002076
:10FEC00019FE010038B5EFF31185402383F3128842
:10FED000BFF36F8F104B114A9C681068A04206D187
:10FEE000FFF7C8FF85F31188BFF36F8F38BD00217E
:10FEF0001B7C11600A4AD35C002BF3D02046FFF72D
:10FF00009BFF0028EED0637BDB0602D12046FFF783
:10FF1000B7FC2046E4E700BFA0440020C84400200E
:10FF200000590020024B1868984208BF0020704713
:10FF300044090020034B1B680BB9FDF735BB0020BB
:10FF4000704700BFD044002030B570B10B4B5B68E8
:10FF500098420AD0036843B1D3E90421D0E90445AB
:10FF6000121941EB0501C3E90421D0E90032136005
:10FF70005A600023C0E9003330BD00BF44090020AF
:10FF8000B3F1FF3F08BFB2F1FF3F2DE9F84F044640
:10FF9000994615461F467AD08160EFF311884023B9
:10FFA00083F31288BFF36F8FB9F1000FDFF8E4A07D
:10FFB00020DBFFF7BFFFDAE90027013549F100092F
:10FFC0002D1849EBE073C4E90453AD18064643EB22
:10FFD00007074FF00109FFF7A5FFDFF8BCE0DEF8E7
:10FFE00004A00346EBB9C4E900EACAF80040CEF821
:10FFF000044028E0DAE900126FF001035B1A4FF0C9
:020000040002F8
:10000000FF3161EB02025B1B62EB0902012B72F113
:100010000001BCBF01230022C0E904324FF00009F7
:10002000D9E7D3E9041CD4E904208A4270EB0C0B15
:1000300024DA891A5A686CEB0000C3E90410C4E999
:10004000003214605C60FFF76DFF84420ED1134BE9
:100050001B685BB9B9F1000F02D1FFF76BFF0646D1
:1000600030460BF0B9F90021FDF770FA88F31188DA
:10007000BFF36F8F28463946BDE8F88F521A60EB00
:100080000C009A45C4E90420ADD01B68AAE70025FE
:100090002F46EFE7B02E002044090020D044002076
:1000A0002DE9F047EFF31185402383F31288BFF366
:1000B0006F8FDFF8A490DFF8A480C9F80000FFF785
:1000C00031FF00260027D9F80030D8E900ECD91715
:1000D00050B1D0E90442A34271EB020A1CDAE41ADF
:1000E00062EB0102C0E9044213EB0E034FF000047F
:1000F0004CEB01012046C8E90031C9F800400BF083
:100100006BF92146FDF722FA85F31188BFF36F8F53
:10011000BDE8F047FFF7D6BE14EB0E024CEBE473DC
:10012000C0E90467C8E90023FFF70EFF85F31188D3
:10013000BFF36F8F83689847EFF31185402383F3F4
:100140001288BFF36F8FD9F800301B1BC9F800303D
:10015000FFF7E8FEB7E700BFD0440020B02E002034
:1001600010B5EFF31184402383F31288BFF36F8F30
:10017000FFF7E0FE054A0346D2E90001181841EBFB
:10018000E37184F31188BFF36F8F10BDB02E002090
:10019000F8B50546EFF31187402383F31288BFF3C8
:1001A0006F8F036823B187F31188BFF36F8FF8BD9A
:1001B000D0E90A46611C46F10002022972F10002F0
:1001C00036D3012C76F10002BCBF01241E46013C4F
:1001D00046F1FF360BF043F9013041F100010019FF
:1001E00046EB0101012871F1000130DB0BF037F91A
:1001F000013041F100016FF00203001946EB0101EB
:1002000083426FF000438B4126DB0BF028F901306D
:1002100041F100016FF00102001946EB0103121ACF
:100220004FF0FF3161EB03031C492846FFF7A8FE9E
:100230002B6B01332B632B6A93B93C462B4653F847
:10024000185F9D4200D0D5B984F31188ADE76FF0F7
:1002500001024FF0FF33E7E700224FF00043E3E7EE
:1002600087F31188BFF36F8F2B6A28469847EFF307
:100270001184402383F31288BFF36F8FDEE7284693
:100280000AF0FDFF0023EB6784F31188BFF36F8F43
:100290002846BDE8F8400AF0E3BF00BF9101020024
:1002A0002DE9F04105461C4690461F46EFF31186A6
:1002B000402383F31288BFF36F8FB4F1FF3F08BF71
:1002C000B2F1FF3F05D186F31188BFF36F8FBDE810
:1002D000F081002C09DB012A74F10003BCBF01226C
:1002E000002412F1FF3844F1FF3728460BF08BF859
:1002F000DDE906010023C5E90A012B6342463B46BE
:1003000028460249FFF73CFEDDE700BF91010200ED
:1003100038B50346EFF31185402282F31288BFF30C
:100320006F8FC160012181600068834206D185F32F
:100330001188BFF36F8F0024204638BDD0E900320A
:1003400013605A600023C0E900330BF0F8F8294627
:1003500004460248FFF770FBEEE700BF015900209A
:100360002DE9F04105460E4617460AF036FF28B93A
:10037000074B9B681C6F14B9BDE8F081054C3B46E8
:10038000324629462046BDE8F0410BF03AB900BF9D
:10039000A0440020780A0020014B0367704700BF8B
:1003A000780A00200146024A0020FFF7D9BF00BFAB
:1003B000F353020001680E4A9142034615D1C16908
:1003C000A2F11022A2F1EF1291420ED18268012A0D
:1003D0000BD8C26812B101698A4206D0586928B1A7
:1003E0009B691B1A5842584170470120704700BF53
:1003F00055AA00FF70B50D4B9E68A6B13046FFF7B9
:10040000D9FF044678B9F3686BB935690DB9204650
:1004100070BD2846FFF7CEFF28B9EB68B34202D182
:100420002E462D69F2E70124F1E700BFD4440020F5
:100430002DE9F041444B454C1B6805462046884653
:10044000984718B100242046BDE8F081A4F11407B4
:1004500054F8144CFB68DCB1BC68CCB1002D66D0FC
:10046000B8F1000F65D008FB05F6B6FBF5F5A84519
:1004700061D1311D5FD8B20711D026F003020432DA
:100480001C4603E06168914257D2A469002CF9D15F
:100490002F4B2E481B6898470028D4D0D2E732460D
:1004A000EEE7891A232904F120051CD80123A36053
:1004B000D4E90523AAB19361A3690BB162695A61BA
:1004C0000023C4E905333B69DB0703D5FFF792FF3F
:1004D000002835D13246002128462C460BF071FF0A
:1004E000D6E7FB60E8E702F1200C04EB0C032039AF
:1004F000C3E90110DC6017482169196144F80C0058
:10050000A0F11020A0F1EF10D86101B1CB606169BA
:100510005961A069986141B18B61996901B14B61E1
:100520000121C4E901212361CAE7FB60F5E72C46FC
:10053000AEE74446ACE70446AAE7A0680028B0D07E
:10054000012004F029F900BF5C090020E8440020E4
:100550005809002055AA00FF70B5464B464C1B6851
:10056000054620469847002840F08280002D43D061
:1005700054F8143CA4F11406002B3DD0B268002AB4
:100580003AD09D4203D3726813449D4202D30120A6
:1005900004F002F9A5F120042046FFF70BFF002824
:1005A000F5D155F8183C012BF1D155F8143C45F81C
:1005B000180C3BB39A682ABB55F81C2C02F1200199
:1005C0005A680A445A6055E905321A6155F8145CB4
:1005D0002B6903B1DD602022002120460BF0F1FEE3
:1005E000286910B18368002B2ED033699B0703D58F
:1005F000FFF700FF0028CAD1204B1F481B68BDE849
:100600007040184755F8100C00282AD0836843BB67
:100610004268636813442033636003692361D4E94B
:1006200005239AB9CBB9436963618269A261B3B109
:100630009C61A36903B15C61236903B1DC60202282
:1006400000210BF0BEFED0E72C46E1E79361A369E1
:10065000002BE8D062695A61E5E7F360F7E7F460E0
:10066000E7E7F36845F8083C03B15C61F460BCE778
:1006700070BD00BF5C090020E8440020580900203C
:1006800038B51C220C460546002115480BF099FE92
:10069000144B15481B6898471449154800F038F862
:1006A000232C1CD915F003031FBF043CE418C3F12D
:1006B0000403ED182246002128460BF082FE084B69
:1006C0000C499D60C3E90054203C6C609A6811603D
:1006D0009A68DA60A1F11021A1F1EF11D16138BD62
:1006E000D444002060090020E8440020590502009D
:1006F0003104020055AA00FF014B1B68184700BFD8
:1007000050090020014B1B68184700BF4C0900200E
:10071000024B1860024B00201960704750090020FE
:100720004C09002010B50A46044619B1024B0021BD
:100730001B68984710BD00BF54090020F8B50D4E46
:100740000D4C0E4D33680E48984767782B680C485F
:10075000984733680B489847022F08D12478E31F45
:100760005C425C412B68074898472046F8BD00244E
:10077000F8E700BF5C090020F04400205809002081
:10078000CC060020D40600200E4B0340B3F1607F5E
:1007900006D1B1F5885F14BF6FF086000020704766
:1007A000B3F1707F0BD101F4E043B3F5005F06D1E4
:1007B00011F4E06F0CBF6FF08600002070476FF0FF
:1007C000860070470000C07F8A4270B506460D461D
:1007D00000F0ED80784922F4FF7323F001038B428F
:1007E00013D022F0FF0001F5885188420DD0734CE0
:1007F00022F47F7121F00301A14206D070498842A2
:1008000003D001F574518B422CD16E4B25F0FF01C2
:1008100099420FD115F0FF000BD06B4B40F00070E8
:10082000984240F0C68082EA0500FF288CBF002075
:10083000012070BD654B9942ECD0A3F588539942D5
:10084000E8D025F4FF7323F00103B3F1062FE1D0C4
:100850005B488142DED05E498B42DBD0A1F584410A
:100860008B42D7D005F0FE43B3F1A06F13D102F055
:10087000FE43B3F1A06F40F0888082EA050333F4B1
:100880007E1340F082802E047FD5C5F30540C2F36D
:1008900005429042CAE74F498D420BD14E4B9A42D6
:1008A00000F085804D4B22F47E10984214BF00204A
:1008B0000120BEE7B3F1407F67D102F0FE43B3F100
:1008C000407F62D182EA050030F47E145DD131466A
:1008D0002846FFF759FF00286BD1414B12F47C11D9
:1008E00003EA020318D0B3F1607FC2F305413DD1A2
:1008F0003C48D3B243F0007383423BD003F17E43C4
:10090000043B112B01D83848C45C15F47C1FC5F397
:10091000054331D18C42C9E7B3F1607F0DD1314835
:10092000D3B243F0007383421ED003F17E43043BF5
:10093000112BDDD82D49C95CDAE7B3F1707FE4D122
:1009400006F4E043B3F5005F03D1C6F302230121AF
:10095000994006F4E043B3F5005FD6D1C6F3022612
:10096000012000FA06F4D0E71021C1E7B3F1707F4F
:10097000CBD1EEE71024C8E712F47C1F01D1A342CB
:1009800015D02C0401D58B4250E725F0004323F409
:100990007F03B3F1106F0CD102F0FE43B3F1106F7F
:1009A00007D11348104040F01060A8427EE70120B4
:1009B0003FE700203DE700BF0002000600040006FC
:1009C0000009000600030006FF00000200130006F5
:1009D000004600060093C0040013C0040001400557
:1009E0000000C07F030000026EE602006EE6020017
:1009F0000000FFF62DE9F843884617461C4600F034
:100A000013FC054688BBD8F80060B6F8009009F4DE
:100A1000E043B3F5804FB36808BF27F0010737EA1A
:100A200003031AD10CB3274B24F0FF029A421FD1C3
:100A300014F0FF0304D0244A43F00073934236D0ED
:100A4000F16822464846FFF7BFFE074668B931699C
:100A500022464846FFF7B8FE90BB6FF0840500239E
:100A6000C8F80030304600F013FC2846BDE8F88393
:100A7000164B9A42DCD0A3F588539A42D8D024F47E
:100A8000FF7323F00103B3F1062FD1D010498A423E
:100A9000CED0104A9342CBD0A2F584429342C7D025
:100AA00004F0FE43B3F1407F04D12304C8D56FF0B6
:100AB0008605D4E7B3F1A06FF7D0034B9C42BEE7A5
:100AC0003D46D2E700030006FF00000200130006C7
:100AD000000900060046000670B5114B05461B686C
:100AE00010480E469847044618B16FF08F04204610
:100AF00070BD6B6933602B7F012B04BF02232B7702
:100B0000094B18BF30601B68064818BF6FF0960489
:100B100098470028EBD0002CE7D06FF09604E6E76A
:100B20005C090020DC0600205809002038B500F0E0
:100B3000FE43B3F1407F04460D4602D06FF08600BD
:100B400038BDFFF721FE0028FAD114F47C1F12D023
:100B5000C4F30543032B137022D9284A2240B2F173
:100B6000607F3DD1264AE4B244F0007494422BD118
:100B7000102BE5D9E2E7214B2340B3F1607F15D17B
:100B80001F49E3B243F000738B4202D1102313706C
:100B9000D6E703F17E43043B112B04D900231370E5
:100BA0006FF08500CCE71749CB5CD3E7B3F1707FDA
:100BB000F4D101F4E043B3F5005FEFD1C1F30221BA
:100BC00001238B40DBB2C5E704F17E44043C112CC9
:100BD000B4D80D4A125D9342B0D8142BB0D9DFE7D8
:100BE000B2F1707FAAD105F4E042B2F5005FA5D161
:100BF000C5F302250122AA40EDE700BF0000C07F37
:100C0000030000026EE602006EE602002DE9F341E9
:100C1000002313604768D0F8148004460E46384617
:100C200011460BF0B0F8054688B938460BF0ADF820
:100C3000054660B9FFB277B9B8F1000F05D1A368D6
:100C400023F0031323F47F4363B16FF08605284636
:100C500002B0BDE8F081606901210BF06EF8002858
:100C6000EDD1F2E762884FF6F8739A4227D8154B18
:100C700015481B682779984710B16FF08F05E6E794
:100C800007B901A8314600F087FA104B05461B68EA
:100C90000D48984710B1002DD9D1EEE7002DD6D1DF
:100CA0000FCCD6F800C066460FC694E8070086E869
:100CB0000700002FCBD1019BCCF81430C7E76FF0B1
:100CC0008505C4E75C090020DC06002058090020E7
:100CD00010B5044660B1074B07481B68984720468B
:100CE0000AF0DAFD054B04481B68BDE810401847C0
:100CF00010BD00BF5C090020DC0600205809002060
:100D000037B50446C0B101A900F08EFA044698B97F
:100D1000194B1A481B681A4D9847F0B90198037F80
:100D2000032B11D10BF01AF82B680446134898478F
:100D300028B10CB96FF08F04204603B030BD002CF1
:100D400008BF6FF08704F7E7022B12D10323037764
:100D50000379FF2B08BF6FF0840401980AF0FEFFAF
:100D60002B68002818BF0446044898470028E3D0A1
:100D7000DFE76FF09604F0E75C090020DC06002056
:100D8000580900202DE9F0411F4688B01646002280
:100D900003880796CDE90422054688463A60002E6E
:100DA00062D0B6F1005F80F09E8023F0FF03B3F5C0
:100DB000E24F02D0B3F5824F22D128460AF04DFC13
:100DC0000446002840F08380EB686BB16A885AB112
:100DD0002B8803F44F41B1F5824F05D1DBB2222BB2
:100DE00037D02DD8122B39D0424608EB060100230C
:100DF00012F8010B914243EA0003F9D1002B33D0E2
:100E000005AA04A92846FFF701FF0446A0B9049BE0
:100E10009B6A63B3049B5A88069206AA029203F166
:100E2000280201929A6A00925B6A3246414628463D
:100E30000AF0DDFF044678B30498FFF749FF46E067
:100E4000273BDBB21B2BCFD8284921FA03F3DB0762
:100E5000CAD50732B6EBD20FC6D205E040F209235D
:100E60009A42F6D1402EBFD86FF086042FE06B680F
:100E70001B0A07D1079904980AF0CEFC0446002803
:100E8000C8D0D9E707AB3246414628460AF087FF6B
:100E900004460028EED0CFE70499069B4A88D2B9D1
:100EA0004B80069A04984FF6F8739A4218D82B880C
:100EB00013B102889A4210D16B8813B142889A42CA
:100EC0000BD13946FFF708FE04460028B4D120466E
:100ED00008B0BDE8F0819A42E3D06FF08604ABE73A
:100EE0006FF08504A8E76FF08504F0E70102000CBD
:100EF00038B504460D46FFF721FC30B12A4621469D
:100F00000348BDE838400BF024B86FF0880038BDC6
:100F1000F444002070B51D4E1D4C33681D489847A1
:100F20002378590744BF23F00403237023789A07DA
:100F300005D500F017F9237823F002032370164D2E
:100F400014482B689847336814489847637813B15E
:100F500013480BF00FF80023042111486370FFF7CA
:100F6000E1FB2B680D48984733680A489847237877
:100F7000DB0705D50AF012FF237823F00103237065
:100F80002B680448BDE87040184700BF5C0900208A
:100F9000F0440020D406002058090020CC06002090
:100FA000F44400202DE9F041FFF7C8FB18B10024FC
:100FB0002046BDE8F081364F36483B6898470446E6
:100FC00020B16FF08F04FFF7A5FFF1E7324D2B78CA
:100FD000D80706D40AF0E0FE2B7843F0010304465C
:100FE0002B702E4E2B483368984710B1002CE8D058
:100FF000E9E7002CE7D13B682648984704460028DB
:10100000DFD12B78990706D400F0A4F82B7843F0B1
:10101000020304462B7033681E4898470028E5D128
:10102000002CD0D13B681B4898470028C9D13368B1
:10103000184895F8008098470028C2D13B681848A6
:10104000984704460028BCD16B7843B918F0010FCB
:1010500005D014480AF07BFF022304466B70336806
:101060000F4898470028C1D1002CACD13B680948F3
:1010700098470028A5D12B7806485A075CBF43F053
:1010800004032B7033689847002890D099E700BF7D
:101090005C090020D4060020F044002058090020FC
:1010A000CC060020F444002038B5074C074B2046FE
:1010B0001B689847064B93F88055064B20461B68E3
:1010C0009847284638BD00BFD40600205C090020A0
:1010D000F84400205809002000F140421F2A38B58A
:1010E00004460D460CD81A4B2C2101FB02331A7F03
:1010F000022A02D15A69824218D06FF08B001FE099
:1011000001210AF01AFEE0B1114A00201346117FB6
:10111000022902D15169A14205D00130202802F1F3
:101120002C02F4D1E9E72C2202FB00331A7F022AB9
:101130000AD11A6A511C07D001321A6200202B60B2
:1011400038BD6FF08700FBE76FF09600F8E700BF4F
:10115000F8440020024B012283F8802500207047CC
:10116000F84400202DE9F0410A4C002526464FF0B6
:1011700001080327C4F820802777204601350AF0AC
:101180008BFB202D04F12C04F4D1002386F880354C
:10119000BDE8F081F8440020F8B506460F46FFF799
:1011A00083FF002835D01E4B002422461D46197FA0
:1011B000F9B13CB9022905D1196A19B9197900297F
:1011C00018BF1C460132202A03F12C03EFD114B9B9
:1011D0006FF08C000BE0237F022B04D1236A5A1C92
:1011E0001CBF0133236220460AF056FB10B10024D5
:1011F0000DE01C46237F7BB90123237736B1094BD1
:10120000651BAD105D4305F18045356000203C60F5
:10121000F8BD6FF08800EAE76FF09600E7E700BFDF
:10122000F8440020A38B2EBA002370B50B6004464F
:101230000D46FFF739FF08B3124B13481B68984758
:10124000064618B16FF08F04204670BD204629462F
:10125000FFF742FF10F18C0F0C4B044607D01B68C0
:10126000094898470028EFD0002CEDD1EAE72E601E
:101270001B68054898476FF08704E5E76FF088041E
:10128000E2E700BF5C090020DC06002058090020CE
:1012900010B50B4B04461B680A48984718B16FF00D
:1012A0008F04204610BD20460AF058FD064B044628
:1012B0001B68044898470028F3D0002CF1D1EEE7D2
:1012C0005C090020DC0600205809002070B40A4E9A
:1012D0004568DCB244F00074B4424FEA152503D0EF
:1012E00035B970BC00F0A4B86FF0850070BC7047D1
:1012F0006FF08600FAE700BF05000002F7B5089E10
:101300000D4FF5B2044645F000754868BD424FEAFE
:1013100010200AD060B9009604F1080000F054F8DB
:1013200008B91C23236003B0F0BD6FF08500FAE715
:101330006FF08600F7E700BF05000002F7B5089ED2
:101340000D4FF5B2044645F000754868BD424FEABE
:1013500010200AD060B9009604F108000AF008FFD6
:1013600008B91C23236003B0F0BD6FF08500FAE7D5
:101370006FF08600F7E700BF050000027FB500248C
:10138000C0F848410F4C009405460AF086FD04461B
:1013900098B903AB102205F59C7601930092334671
:1013A00005F5947128460AF08BFD044628B93046AD
:1013B0000AF00CFE204604B070BD28460AF08CFDF1
:1013C000F8E700BF004440042DE9F0411E46069BAB
:1013D0001746154A23F47E13934204460D461BD14B
:1013E0000B88B3F5105F17D1A6F11002102A17D899
:1013F0000E4BD340DB0713D54FF4A67200210AF041
:10140000E0FF022384F84C313A4633462946204611
:10141000BDE8F041FFF7B2BF6FF08500BDE8F08195
:101420006FF08600FAE700BF0002C003010101006F
:101430002DE9F04323F47E16124BDDF82C909E42EA
:10144000DDE9077CDDE909E815D10388B3F5105F14
:1014500011D1A2F11004102C11D80B4D25FA04F46F
:10146000E3070CD5CDE90989CDE907CE3B46BDE8B8
:10147000F0430AF054BE6FF08500BDE8F0836FF0D2
:101480008600FAE70002C0030101010073B50C46B3
:1014900011461A462388069EB3F5105F054619D1FA
:1014A000A2F11004102C12D80C4BE340DB070ED530
:1014B0000B4B9E420ED100240094234600F06CF8A2
:1014C00085F81C41C5F81861204602B070BD6FF068
:1014D0008600FAE76FF08500F7E700BF0101010021
:1014E000004440042DE9F04116461F46D0F818216B
:1014F0000E4B9A420546884611D1314600F06CF8F1
:10150000069B984204460DD8334628464246394643
:1015100000F070F8079B00201C60BDE8F0816FF0C0
:101520008500FAE76FF08900F7E700BF0044400448
:1015300070B5184E049C4588B34202D06FF0850008
:1015400070BDEE1DB2EBD60F4FEAD60302D06FF09E
:101550008600F5E7079A934218D8089A1360008826
:1015600047F212129042E9D1059A5B00013393428F
:10157000EDD12378042BEAD1B5F5807FDED1069832
:10158000621C00F067F90028DAD0E0E76FF089000C
:10159000D6E700BF00000209F8B5069F04461D46C5
:1015A00061B11646AFB9DFF7ABFF002384F81161D4
:1015B00084F8103184F8127184F8133145B1102287
:1015C000294604F1F0000AF0D4FE012384F8133117
:1015D000F8BDE0F729F9E8E751B190F8103190F83B
:1015E00012210B4402F001029B1A23F00F007047F6
:1015F000084670472DE9F04F044687B090F8120175
:1016000094F810910090002B55D0924600F00108FC
:10161000C9F110021E4608EB0203B34204F58077BD
:1016200000F2C4800D46002A40F0B380009B002BDE
:101630006AD194F8133104F1F009C846002B40F048
:10164000C18094F81131224639464846DFF704FE3E
:101650000F2E40F2CE80A6F1100323F00F031033BB
:10166000019305EB030BD04694F813C110234146B8
:101670004A463846BCF1000F20D0E0F707FB1022A5
:10168000494628460AF075FE103594F81131224675
:1016900039464846DFF7E0FD5D4508F11008E3D123
:1016A00016F00F0621D184F81061C8461022414679
:1016B00058460AF05EFE07B0BDE8F08F10220AF02F
:1016C00058FE1022494628460AF053FE103594F879
:1016D0001131224639464846DFF7BEFDAB4508F1D9
:1016E0001008C1D116F00F06DDD0019B9A44514677
:1016F000384632460AF03DFE009B84F81061002B0C
:101700007DD00DF10808D1E794F811312246394611
:1017100002A8DFF737FF94F81331002B5BD1B8F143
:10172000000F0CBF4FF010094FF011094E4529D39F
:1017300004F1F00801E04E4524D35146102238460A
:1017400092440AF016FE102202A928460AF011FE61
:1017500094F811312246394602A8DFF713FF94F8B6
:101760001331103E1035002BE5D002A90846424641
:101770001023E0F78BFA1022394640460AF0F9FDB3
:101780004E45DAD22EBB84F81061AB460DF1080845
:101790008CE7514607EB090092440AF0EAFD009BF2
:1017A000103E4E44002B3FF444AFADE707EB090079
:1017B000514632460AF0DDFDB14484F8109107B07D
:1017C000BDE8F08F10234A4639463846E0F75EFA06
:1017D00037E7AB468BE702A904F1F0094A46084611
:1017E0001023E0F753FA4846102239460AF0C1FDAB
:1017F00095E7002EEDD184F81061AB4656E704F171
:10180000F00952E700B589B00146684600F03CF89F
:1018100009B05DF804FB00BF00B591B00146684611
:1018200000F06AF911B05DF804FB00BF30B599B063
:101830000546684600F028F86946044608A800F006
:1018400053FA08A90443284600F08AF9204619B043
:1018500030BD00BF70B598B005466846164600F02A
:1018600013F83146044608A800F046F908A96A466C
:101870000443084600F082F908A90443284600F012
:101880006DF9204618B070BD70B50B68124E1BBACA
:10189000C3614B681BBA83618B681BBA4361CB6819
:1018A0001BBA03610B691BBAC3604B691BBA836027
:1018B0008B691BBA4360CB691BBA32460360014691
:1018C0000446DFF7D3FF3146054602462046DFF7E0
:1018D000EDFF681E70BD00BFB8D502002DE9F041D4
:1018E00088B00C46064602F12001684606F1200742
:1018F0009046E0F7B5FA6A4669466846E0F7D2F9DD
:1019000069463846E0F7ACFA3A463946384604F1BB
:101910002005E0F7C7F96A4669466846E0F7C2F96C
:1019200041462846E0F79CFA6A4641463046E0F7D1
:101930007FFA2A4629466846E0F7B4F92A466946FE
:101940006846E0F7AFF9124A69466846E0F7AAF937
:1019500069462046E0F784FA324621462046E0F701
:10196000DFF9324621462046E0F7DAF922463146D1
:101970002846E0F7D5F96A4629462846E0F758FA9E
:101980003A4629462846E0F7CBF908B0BDE8F08191
:1019900098D60200F0B599B004460D460A460146B5
:1019A0006846E0F7BDF969466846E0F759FA6A46C5
:1019B000214608A805F1200604F12007E0F738FACF
:1019C0006A4629466846E0F733FA3246394610A897
:1019D000E0F768F9324639463046E0F7A1F931467A
:1019E0002846E0F73DFA6A4608A92046E0F75AF98A
:1019F000224629462846E0F793F96A4608A9684630
:101A0000E0F78EF96A4639463846E0F711FA2A4679
:101A100008A96846E0F784F96A4631463046E0F79F
:101A200007FA3A4631463046E0F77AF910A9684697
:101A3000E0F716FA224669462046E0F771F908A950
:101A400022460846E0F76CF910A908AA0846E0F714
:101A5000EFF93A4610A93846E0F762F919B0F0BD3F
:101A60002DE9F04188B00C46054690460A460146ED
:101A70006846E0F755F969466846E0F7F1F96A46C5
:101A80002946284604F12006E0F7D2F905F120079F
:101A90006A4621466846E0F7CBF932463946304679
:101AA000E0F73EF931462046E0F7DAF92A462146CA
:101AB0002046E0F735F96A4621462046E0F730F93E
:101AC0006A4629464046E0F72BF9424639463846F1
:101AD000E0F7AEF9224629466846E0F721F96A4662
:101AE00031463046E0F7A4F93A4631463046E0F751
:101AF00017F908B0BDE8F08170B500F1200690B08C
:101B00000D46044600F014F905F12001304600F0BE
:101B10000FF9214608A8E0F7A3F908A908460D4ADD
:101B2000E0F7C0F808A922460846E0F781F908A9BD
:101B3000094A0846E0F7B6F831466846E0F790F9FA
:101B4000202269460DEB0200E0F77EF8013810B064
:101B500070BD00BF98D6020078D6020000F002B92E
:101B600038B504460D4600F0FDF805F1200104F1FA
:101B70002000BDE8384000F0F5B800BF2DE9F0477F
:101B80001346B8B0544A89468046194610A8DFF774
:101B90006DFE5249024610A8DFF788FE179E4E4997
:101BA00000EAD6760746C6F1010210A8DFF77EFEEE
:101BB000179B4A466FEA030A28A918A8FFF78EFE6A
:101BC0004FEADA7A20A9CAF10102084600F092F839
:101BD000C7F10107FE246A4618A928A8FFF740FFAD
:101BE000631138AA02EB830304F01F0253F8A03CF0
:101BF000D340554603F0010A8AEA05052A4628A97A
:101C000018A8DFF7AFFE2A4630A920A8DFF7AAFE02
:101C1000013C28A918A8FFF7BDFE631CDBD1CAF15F
:101C2000010220A908A800F065F886EA0A066A46BB
:101C300018A928A8FFF714FF28A9324618A8DFF72B
:101C400091FE324630A920A8DFF78CFE08A96A462B
:101C50000846E0F7EDF808A9084600F09DF808A945
:101C600008F1200409F120020846E0F7E1F820A974
:101C700008AA2046E0F7DCF808AA18A96846E0F7A9
:101C8000D7F869466846E0F7EBF818AA694608A84D
:101C9000E0F7CEF821466846E0F7E2F808AA694680
:101CA0001046E0F73DF80E4A08A96846E0F738F814
:101CB00020462021DFF7DCFF08A90246444268469F
:101CC000DFF750FE4046074A6946E0F7B1F83C436B
:101CD000204638B0BDE8F087F8D5020018D60200DB
:101CE00078D60200D8D502000A460149FFF746BF60
:101CF00038D6020070B588B004460D46164600215D
:101D0000202268460AF05DFB002329462022204657
:101D100000930AF02EFB2A4669466846E0F700F871
:101D2000324669462046DFF71DFE08B070BD00BF91
:101D30000B681BBAC3614B681BBA83618B681BBA03
:101D40004361CB681BBA03610B691BBAC3604B6963
:101D50001BBA83608B691BBA4360CB691BBA0360F3
:101D6000704700BFCB691BBA03608B691BBA436025
:101D70004B691BBA83600B691BBAC360CB681BBA83
:101D800003618B681BBA43614B681BBA83610B68A4
:101D90001BBAC361704700BF70B598B00D460646C8
:101DA00010A8E0F75DF82A4610A96846E0F740F869
:101DB000694610A8E0F754F810A90846E0F750F873
:101DC0006A4610A908A8E0F733F808A910A8E0F7B8
:101DD00047F810A90846E0F743F810A90846E0F7CD
:101DE0003FF810A90846E0F73BF810A908AA0846F2
:101DF000E0F71EF810A90846E0F732F810A90846E7
:101E0000E0F72EF810A96A4608A8E0F711F80524B3
:101E100008A910A8E0F724F810A90846E0F720F870
:101E2000013C10A9F5D108AA0846E0F701F80524FD
:101E300010A90846E0F714F810A90846E0F710F8D2
:101E4000013CF5D110A908AA0846DFF7F1FF10A957
:101E500008A8E0F705F808A90846E0F701F808A97E
:101E60006A466846DFF7E4FF1024694610A8DFF7EA
:101E7000F7FF10A90846DFF7F3FF013C10A9F5D1E1
:101E80002A460846DFF7D4FF402410A90846DFF7AA
:101E9000E7FF10A90846DFF7E3FF013CF5D110A9E1
:101EA0006A460846DFF7C4FF102410A90846DFF78A
:101EB000D7FF10A90846DFF7D3FF013CF5D110A9E1
:101EC0006A460846DFF7B4FF102410A90846DFF77A
:101ED000C7FF10A90846DFF7C3FF013CF5D110A9E1
:101EE00008AA0846DFF7A4FF2A4610A93046DFF704
:101EF0009FFF18B070BD00BF014B1B68184700BFA3
:101F000080090020014B9B68184700BF8009002012
:101F1000014BDB68184700BF8009002010B50C4C4E
:101F2000236813B10B4B1B682BB900F029FE30B9A5
:101F3000084B01221A6001232360002010BD0138E4
:101F4000062801D9044810BD044B53F8200010BDE9
:101F5000804A00207C4A0020FE8FFFFFB8D6020096
:101F6000BFF34F8F0549064BCA6802F4E062134382
:101F7000CB60BFF34F8F00BFFDE700BF00ED00E077
:101F80000400FA0510B4094B09490A4C4FF0FE321F
:101F9000C3F800244968C3F80424C3F80824C3F82C
:101FA0000C240023C4F8003510BC084700B00250D0
:101FB0006409002000A00250D0E90012014BC3E9DF
:101FC00000127047640900202DE9F043134B144EB2
:101FD000002814BF04461C4683B02368B34219D0BE
:101FE0000D4620464FF4E07104F10409174604F54C
:101FF0008E7800F0E9F8484600F0ACFC404600F06E
:10200000DBFA084900972B464A46404600F0EAFAB8
:1020100008B92660002003B0BDE8F083844A0020A0
:10202000A5BCC95ADD29020070B51D460C4B00281D
:1020300018BF03460B481E68864282B00DD10026A9
:1020400003F58E7000963346144600F017FB002807
:1020500018BF34462C6002B070BD0348FBE700BFD8
:10206000844A0020A5BCC95AE88FFFFF10B504467A
:1020700050B1636813F0685F05D0064A934202D0FE
:1020800000232360626010BD034B04485B689847DF
:10209000EFE700BF2C5F5CA964090020D4D60200E2
:1020A000C8B143680D4A934213D013F0685F0ED055
:1020B000012350E8002F194640E8001C9CF0000F57
:1020C000F7D1012AF5D0BFF35F8F00207047044895
:1020D0007047044870476FF4E04070472C5F5CA97C
:1020E000E98FFFFFEA8FFFFF80B14368094A9342FF
:1020F0000AD013F0685F05D0BFF35F8F0023036041
:102100001846704704487047044870476FF4E04031
:10211000704700BF2C5F5CA9E98FFFFFEA8FFFFFCC
:1021200010B5044620B1044B63600022226010BD4C
:102130000248FFF727FFF6E73A00003AFCD6020014
:1021400070B5D0E90023174C174D6360D0E9023019
:10215000C4E9023022604868D1F800C0134BC3E9DB
:1021600000C0D5F81801D1F808C0C3F808C010F0B5
:10217000685FD1F80CC00969C3F80CC0196110D0B0
:102180000B49C5F8BC110023C5E9453105F58A7036
:10219000C5F8B8319047236805F5DC70BDE870409C
:1021A000184770BD80090020844A00206C09002077
:1021B0002C5F5CA938B131B10144002203460130E3
:1021C00081421A70FAD1704738B131B1014400220E
:1021D0000346013088421A70FAD170472DE9F04F5A
:1021E000B2F5C07FB5B000F2D780DFF8B4911446E5
:1021F0000D464FF4D07200210DF15C0807464846A9
:102200000AF0DFF8404601F03FF9002309F1180613
:10221000A9F8103063BA29462246A9F81230304690
:10222000202389F817300AF0A4F85E4B079303F1D6
:1022300004338022089303F104330993325503F1E8
:10224000043307A940460A9301F034F98246002876
:102250007FD104F119030BAE0FAC029303970196E3
:1022600004940198DFF840B1102200210AF0A9F887
:10227000DDF808A005940E9B5BF8044C5BF80C7C21
:102280000B995BF8100C5BF8085CDDE90C625C40B4
:10229000019B7E40554081EA00071A4601214046D5
:1022A000CDE90B76CDE90D5401F01EF9BAF1100F0E
:1022B00094BFAAEB0A0AAAF1100A0BF1100B00282E
:1022C00065D1BAF1000FD6D1059C019920461022A4
:1022D0000AF04FF899F8033010340133A04589F81B
:1022E0000330BED1049C039F019E802221464046BC
:1022F00001F0E0F8824670BB07F120093D4613ABC0
:102300001A460121404601F0EFF81022824613A937
:1023100028461544BAF1000F1DD10AF02AF84D45A0
:10232000EDD1404601F0C0F81D484FF4D071FFF7E1
:102330004BFF20462021FFF747FF07A81021FFF79A
:1023400043FF30461021FFF73FFF504635B0BDE850
:10235000F08F0FAC0BAE404601F0A6F810484FF4DA
:10236000D071FFF731FF20462021FFF72DFF07A88E
:102370001021FFF729FF10213046FFF725FF20210C
:102380003846FFF721FF504635B0BDE8F08F039F78
:10239000019E049C8246DEE76FF0370AF3E700BF38
:1023A000544C002000010203644C00202DE9F04150
:1023B00088B004460D462022002168460AF001F844
:1023C00004F120066F46E27B0132D2B2E273002AAA
:1023D0004DD1A27B0132D2B2A273002A47D1637BD6
:1023E0000133DBB26373002B41D1237B0133DBB2BA
:1023F0002373002B3BD1E37A0133DBB2E372002B72
:1024000035D1A37A0133DBB2A372002B2FD1637ACB
:102410000133DBB2637253BB237A0133DBB2237225
:102420002BBBE3790133DBB2E37103BBA379013347
:10243000DBB2A371DBB963790133DBB26371B3B98A
:1024400023790133DBB223718BB9E3780133DBB23B
:10245000E37063B9A3780133DBB2A3703BB963784F
:102460000133DBB2637013B92378013323703B4629
:1024700022460121304601F037F8804650BB103724
:1024800008AB9F429FD1029AAB68039F07995340C4
:1024900002933046EE68009B7E400396049F2E69AF
:1024A0007E4004966E69059F7E400596069FAE6944
:1024B0007E400696EE697140079129684B40009373
:1024C00001996B6880224B406946019300F0F2FF4E
:1024D000804638B168462021FFF776FE404608B0B6
:1024E000BDE8F08110220DEB0201204609F041FF0A
:1024F000F0E700BF2DE9F84304468069B0F5C07FDE
:1025000052D81D46C0F5C073AB424DD3C5F5C0735C
:102510001B1A9342164647D3DFF898904FF4C072C7
:102520000F464846002109F04CFFD4F89430A269C8
:10253000D4F8980049469847002838D1D4F8188034
:102540003DB1D4E925302A4609EB0801984770BB14
:10255000A84407B1C6B9174942460846FFF73EFEF0
:10256000054638B113484FF4C071FFF72DFE2846D9
:10257000BDE8F8830F492046FFF718FF05460028FD
:10258000F0D101232361EDE709EB0800394632461B
:1025900009F0EFFE0749B04442460846FFF71EFE29
:1025A00005460028DED1E5E76FF03705DFE76FF07D
:1025B0003305DCE7F44D002010B5A42204460021C9
:1025C00009F0FFFE064B4FF0FF314FF6F07221612C
:1025D000E26104F19C001B68BDE81040184700BF91
:1025E000600900202DE9F04385B005460F461646E8
:1025F000002110226846994609F0E3FE1D4B05F1C3
:102600009C081B684046984720B10446204605B008
:10261000BDE8F08305F12004204600F035FFAA69EB
:10262000C5E925762E69E2B92022002EAA611FDBBA
:1026300020466946802200F03DFF044630B90C9ADE
:10264000334649462846FFF755FF04460A4B4046A5
:102650001B689847002818BF0446204605B0BDE80F
:10266000F083002EE4DA172A02D801325608DFE799
:102670000026DDE75C090020580900202DE9F04F15
:102680008DB0B2F5806F169F00F2E380B7F5807FC2
:1026900000F2DC80044615460E462022002104A8E4
:1026A000984609F08EFE6C4B04F19C091B68484665
:1026B00098478346002840F092802269E3699A4255
:1026C00000F391806369002B40F08D80002F40F073
:1026D000A980DFF888A16F46002D00F0988004F1F2
:1026E00020086F460EE0102DAB4628BF4FF0100BB0
:1026F00030465A46394609F03CFEB5EB0B055E44C0
:1027000000F08580E37B0133DBB2E373002B4DD116
:10271000A37B0133DBB2A373002B47D1637B01336F
:10272000DBB26373002B41D1237B0133DBB2237314
:10273000002B3BD1E37A0133DBB2E372002B35D1BE
:10274000A37A0133DBB2A372002B2FD1637A01335A
:10275000DBB2637253BB237A0133DBB223722BBB30
:10276000E3790133DBB2E37103BBA3790133DBB25D
:10277000A371DBB963790133DBB26371B3B9237938
:102780000133DBB223718BB9E3780133DBB2E37041
:1027900063B9A3780133DBB2A3703BB9637801332B
:1027A000DBB2637013B92378013323703B462246B2
:1027B0000121404600F098FE8346002893D0DAF8C5
:1027C0000030484698472021034604A8002B18BF34
:1027D0009B46FFF7F9FC10213846FFF7F5FC5846F9
:1027E0000DB0BDE8F08F3A46414600232046FFF782
:1027F00081FEDFF868A000283FF46DAFDAF8003002
:1028000048469847834600283FF465AFE7E704A9A8
:102810002046FFF7CBFD83460028D0D12369013342
:102820002361CCE73A46414604A8FFF7D7FC83462C
:1028300018B1DFF828A06F46C1E704A92046FFF7CA
:10284000B5FD834600283FF444AFF2E76FF0370B45
:10285000C5E76FF0350BC2E75C090020580900207E
:102860002DE9F043202B8BB01D4606468846914645
:1028700026D8DBB202AF8DF80480B0468DF8053063
:1028800058F8041B21B9404600F072FE044640B9D6
:1028900001233360022201A9404600F07DFE044678
:1028A00038B138462021FFF78FFC20460BB0BDE839
:1028B000F0832A464946404600F06EFE0446F0E7A3
:1028C00002AF1946104600233A4600F0EBFF0446DB
:1028D0000028E6D12023B9461D46CCE7F0B5D0F854
:1028E000F830A7B0002BD8BF02AE2CDDD0F80C41D9
:1028F0000546002302AE0193A4F10107D0F80001C0
:10290000D5F8FC4001AB90223146A047B7FA87F7D3
:102910007F09044610B9019B3BB9A7B1304690210D
:10292000FFF752FC204627B0F0BD0146324628464C
:10293000FFF796FF50B9D5F80431019A1344C5F852
:102940000431002FEAD16FF03C04E7E7044620464B
:1029500027B0F0BD70B50025044604F58876142232
:102960002946C0F8F850FC3009F02BFD0822294612
:10297000304609F026FD154B30461B689847204627
:1029800040F8045B00F0DAFD114B30461B689847B5
:10299000D8B9D4F8F830AB4211DC03EB830204EB76
:1029A00082022021C2F808110121C2F80C11013362
:1029B0000849C2F80001C2F8FC10C4F8F830064B10
:1029C00030461B68BDE87040184770BD60090020A4
:1029D0005C0900208D330200580900202DE9F047E2
:1029E000202A88B079D83E4B00F588791B680446C8
:1029F00048461746884698470546F8B9D4F8F8304F
:102A000040F20116002B64D02046FFF767FF054611
:102A100038B9D4F8F830002B14DC013EF2D16FF055
:102A20003B056E4620213046FFF7CEFB2D4B484636
:102A30001B689847002818BF6FF01D05284608B08E
:102A4000BDE8F087D4E94132934203D3D4F80C2196
:102A5000012A02D0013ED7D1E1E71F2BFAD96E46F9
:102A600001462022304604F1040A09F0AAFC31464E
:102A7000504600F0BBFD05460028D3D1504600F07B
:102A800071FD504600F05AFD2946504600F070FD99
:102A900005460028C6D150462022314600F07CFD74
:102AA00005460028BED1034632462021304600F0BC
:102AB000F9FE05460028B5D1D4F8F830002BC4BF84
:102AC0000023C4F804313A464046314609F051FC2F
:102AD000A8E76FF03F056E46A4E76FF03B05ADE752
:102AE0005C0900205809002030B58DB00021282253
:102AF00002A8019109F065FC02A800F0FBFE044663
:102B000010B120460DB030BD174D4FF0FF31286891
:102B100000F044F9044620B11448FFF733FA012CC1
:102B200018D0002000F06AF9D0B9114A02A901A812
:102B300000F01EFC0446012000F060F960B928682E
:102B400000F034F90028DCD00A48FFF71BFA2046D1
:102B50000DB030BD0524F2E70748FFF713FAEEE7A2
:102B60000648FFF70FFAE0E7B409002020D702007B
:102B7000744F002078D7020058D7020038D70200DF
:102B800030B583B000F05CF828B100F0ABF8032456
:102B9000204603B030BD00F077F8D8B900F02EF928
:102BA000E0B9224CD4F828391B0EF02B0AD1D4F806
:102BB000242A1F4B9A4231D000F044F8072400F039
:102BC00091F8E5E700F03EF800F08CF80624204686
:102BD00003B030BD0424204603B030BD00F032F80D
:102BE00000F080F8FFF780FF044698B9114D2B687C
:102BF000002BCDD102460146FFF7E6F950B90E4948
:102C000001AB6822FFF710FA20B90C4B2B6020466D
:102C100003B030BD0524204603B030BD012000F0D4
:102C2000EDF80028DAD1C4F80C0ADBE700B0025056
:102C30000000E02094510020985100205AEA5A5A8E
:102C40000020704700207047430504D5044B4FF027
:102C5000FF32C3F80821024BC3F8080A704700BFCF
:102C600000B00250014BC3F8040A704700B0025094
:102C700008B100F06BB84FF47500704708B100F070
:102C80004FB84FF47500704710B5114800F072F856
:102C900000B110BD0F4800F06DF80028F9D10E4CBE
:102CA000204600F067F80028F3D10C4B0C481C605C
:102CB00000F060F801460028EBD100F02DF8044642
:102CC00008B1204610BD00F07BF82046FAE700BFAF
:102CD000C4090020C0090020BC090020B40900205C
:102CE000B809002008B5084800F04EF8074800F081
:102CF0004BF8074800F048F8064800F045F8BDE8F2
:102D0000084000F00BB800BFC4090020C009002033
:102D1000BC090020B809002000207047704700BFA0
:102D200010B4094C0246D4F8003A1342FBD021B14A
:102D3000D4F804310B60C4F80831034BC3F8082AF7
:102D4000002010BC704700BF00B00250044AD2F807
:102D5000003A1842FBD0C2F8080A0020704700BFB2
:102D600000B0025009F013BB09F02BBB0A4600214A
:102D700009F027BB08B5034B02681B681068984729
:102D8000002008BD8009002008B5034B02685B687D
:102D900010689847002008BD80090020024B026897
:102DA0009B681068184700BF8009002008B5034BD6
:102DB0000268DB6810689847002008BD8009002081
:102DC00070B5094C094D2069AB68984718B1084B9C
:102DD00008485B689847084AEB6820690021116041
:102DE000BDE87040184700BF6C0900208009002032
:102DF0006409002090D7020000520020F8B51A4D57
:102E00001A4E0446B26828699047E8B9184F3B68E3
:102E10004CB1A3B1012B19D0013B3B602869F36889
:102E200098470020F8BD43B9124A0121C2F80015A5
:102E30001149D1F81029002AFBD101333B60F36816
:102E4000286998470020F8BD0C48F8BD0A4AD2F816
:102E50001039002BFBD1074A6FF07E40C2F80035D5
:102E6000FFF700FF3B68D7E76C09002080090020CE
:102E70000052002000A0025000B00250E98FFFFF76
:102E80002DE9F047002878D00C46002975D01D4662
:102E9000002B72D007461AB1012200232A6003607A
:102EA0002B68002B64D02946204600F0DBFD8046CD
:102EB00000285FD12868214600F0BAFD804600282E
:102EC00058D12B68082B6CD0042B6DD0A3F10209CC
:102ED000B9FA89F94FEA5919354E0121C6F8C411DA
:102EE000C6F84011C6F8C411636AC6F83031D6F886
:102EF00030219342F6D14FF0000A4FF0FF30C6F870
:102F00002CA1FFF7A1FE6FF01B03C6F8003150465D
:102F1000FFF7A8FEC6F80C91D6F8040A40F48060CA
:102F2000FFF7A0FE0A23C6F83831089B012B29D0F1
:102F30002369204AA2FB03231B09626A02FB03F3F5
:102F400003EB43031A4ADB039B09C2F8D831012380
:102F5000C2F82C313B682A6823F07F4343EA0263BE
:102F60003B602A6843EA02233B604046BDE8F087A5
:102F7000DFF844804046BDE8F087DFF840804046F7
:102F8000BDE8F0874FF08053D3F80C2C013206D007
:102F9000D3F80C3C074AA2FB03231B09CDE71623F9
:102FA000CBE74FF0030997E74FF0020994E700BF22
:102FB00000B00250ABAAAAAA310CF100350CF10006
:102FC00050B34B1EB3F5047F26D24FF0000C30B542
:102FD000CD00E6466446630904F01F0150F8233033
:102FE0001F2923FA01F306D003F001031CB90124C1
:102FF0009E46A446EFE79E4504F1010406D09E4696
:103000004FF0010CAC42E6D1002030BD0CF1010CB8
:103010009445F7D1014830BD00487047360CF100A7
:10302000C8B32DE9F0434C1EB4F5047F1CD2DBB1CC
:10303000D2B14FF0000ECF007646F046754603F150
:10304000FF396C0905F01F0150F824401F2924FAAC
:1030500001FC0CD00CF0010C4DB90126E0463546C0
:10306000B646EEE7964218D90D48BDE8F0837345A1
:103070000CD0C44508BF0136F145F3D00EF1010E66
:103080000135BD42DDD10020BDE8F0834FF0010ED7
:10309000E0467646F4E7024870479E46F0E700BFF8
:1030A000370CF1002DE9F04F91B00D46DDE91B41E1
:1030B000824600296ED1286906901A981C60002368
:1030C0000360002A00F02E819C4B6A6AD3F8381105
:1030D000D3F830319A4269D10A2967D19AF803307E
:1030E000089304F1080306990793954B934CA3FBAF
:1030F00001239B0803EB4303A1EB43030393042346
:1031000005931A9B069E1E60002E00F0E9800027A2
:1031100000F0B8FC0997BAF1000F00F0D580DDF897
:103120001C804FF00109002D00F0CE80089B002B81
:103130003ED008A9284600F095FC00283AD0814BE3
:10314000984220D0089B082B00F0E4805B0000220E
:103150000893009208AB29465046FFF791FE7A4B40
:10316000984200F0D38070B9DAF80020130A03F413
:103170007F03134323F07F43CAF80030059B013BD4
:103180000593BED10020039000F07CFC039811B0A1
:10319000BDE8F08F4FF08050D0F80C6C013614BFB2
:1031A000D0F80C0C4FF40470069086E76748EAE705
:1031B0006548C4E70898294600F03AFC0028BED1CB
:1031C000089B082B00F0A880042B00F0A880A3F136
:1031D0000203B3FA83F35B090493C4F8C491C4F8FF
:1031E0004091C4F8C4916B6AC4F83031D4F83021EE
:1031F0009342F6D14FF0000BC4F82CB14FF0FF30E2
:10320000FFF722FD6FF01B035846C4F80031FFF7AB
:1032100029FD049BC4F80C31D4F8040A40F4806002
:10322000FFF720FD0A23C4F838312B69ABF1553B79
:10323000ABFB03236A6A1B0902FB03F303EB4303A3
:10324000DB039B09C4F8D831C4F82C91DAF80030BC
:10325000089923F07F420B0243EA01631343CAF843
:10326000003009A800F0D4FB099B03F01A030343C4
:103270007FF468AFABFB063BD4F814310A93D4F863
:1032800018310B93D4F81C310C93D4F820310D93E2
:10329000D4F824310E93D4F828310F93B7EB9B0F59
:1032A00001D1039B93B9404618220AA9183EFFF7A3
:1032B00059FD08F11808013796B100F0E3FB00232F
:1032C0000993002D7FF432AF214838E74046F61AC3
:1032D0001A460AA998440137FFF744FD002EECD1A5
:1032E000069F079E6A6939463046FFF769FEAA695C
:1032F00040B94FF4806339463046FFF791FE00280D
:103300003FF440AF1A9A0023136018E72B6A002B92
:103310003FF439AF0F4836E7032304935DE70223F8
:1033200004935AE7009108AB012229465046FFF763
:10333000A7FD00283FF4D5AE25E700BF00B002503E
:10334000ABAAAAAA020CF100310CF100300CF1007A
:10335000350CF100320CF10010B4DDE901340194B8
:10336000039C02940024039410BCFFF79BBE00BF93
:1033700010B586B005AB0124CDE9012400930022ED
:1033800004ABFFF78FFE06B010BD00BFF0B587B0ED
:10339000002966D01E46002B63D01446002A60D058
:1033A000314F0D4638684FF0FF31FFF7F7FC00282A
:1033B0004DD10020FFF722FD002844D12B4800F01A
:1033C00099FA0346D8B101204FF0FF35FFF716FDFB
:1033D000002834D126484FF40871FEF7EBFE25484B
:1033E0000421FEF7E7FE21482821FEF7E3FE3868B6
:1033F000FFF7DCFC00282ED1284607B0F0BD1C4AA0
:10340000029205AA019204AA039000921749194852
:103410001A46FFF7A1FF03460028D4D128461D46CF
:10342000059B04999C42224628BF1A463260083107
:10343000FFF798FC0120FFF7E1FC0028CAD00E48F6
:10344000FEF7A0FDC6E70D48FEF79CFDB6E70C4869
:10345000FEF798FDADE70B48FEF794FD284607B050
:10346000F0BD4FF0FF35C7E7B40900200852002037
:10347000305200200452002058D7020038D70200F2
:1034800020D70200B0D7020010B5044630B10022A8
:1034900001236265A265E365236610BD0148FEF75E
:1034A00071FDF4E7C8D7020018B174220021FFF7BC
:1034B0005BBC704790B1A1B110B5802A4FF00004F9
:1034C000846380F83C4006D1102204631044FFF767
:1034D00049FC204610BD6FF01F0010BD6FF02100A9
:1034E00070476FF01F00704728B322B31BB3012948
:1034F00021D870B50446816B86B017D0012917D149
:10350000102500210DEB050661631046009501961C
:1035100002AA294600F0C2FA50B92B46324602A947
:10352000204600F043FD18B906B070BD0029E7D071
:103530006FF02100F8E76FF02100704710B50446E6
:1035400028B12046F421BDE81040FFF70FBC044825
:10355000FEF718FD2046F421BDE81040FFF706BC39
:10356000DCD7020010B1F421FEF724BE704700BF83
:1035700008B521B1012908D06FF0360008BD01213E
:1035800000F058F80028F7D108BD022100F052F8E9
:103590000028F9D0F0E700BF30B505468818B0F52F
:1035A000801FA1B00B46144601D8802A0CD9B3F570
:1035B000801F17D922461946284600F07DF8044698
:1035C00084B9204621B030BD6846FFF7CBFB2246C8
:1035D0006946284600F070F8802104466846FFF7E7
:1035E000C5FBEDE76FF03604EBE700BF70B5E8B15F
:1035F0000E46D9B1044600F031F80546B0B923684B
:10360000012B0BD0022B01D0284670BD1C2204F1E7
:1036100008013046FFF7A6FB284670BD202204F1C2
:1036200008013046FFF79EFB284670BD6FF0360557
:10363000EAE700BF78B138B504460D46F021FFF740
:1036400095FB40232560E365204600F05BFA0038D7
:1036500018BF012038BD0120704700BF70B5056E4E
:10366000A4B0044604AEE5B90122002362603046EE
:10367000CDE9003302AA294600F010FA10B101206A
:1036800024B070BD2A4602A9204600F063FA002843
:10369000F5D1204600F074FB0028F0D1206624B05C
:1036A00070BD802D2A4600F1640128BF802230467B
:1036B000FFF758FB256ED7E7002800F0AE802DE914
:1036C000F04F1446A5B0002A3DD00F46002949D03E
:1036D000B2F5803F0546006E20D34FF6FF7805F126
:1036E000640AEB6D1A1AB2FBF3F103FB1122002AF4
:1036F00065D18342B9464FF6FF7672D0B6FBF3FB35
:1037000003FB0BFBBBF1000F30D1002E45D1A4F51C
:103710007F44FF3CB4F5803F4744E2D2EA6D161A7D
:10372000B6FBF2F302FB1366A64228BF2646002E24
:1037300075D1824200F08D80B4FBF2F602FB06F6F2
:103740002EB9002C79D1002025B0BDE8F08F0023E0
:10375000CDE9003302AA3146384600F09FF900282F
:1037600000F09580012025B0BDE8F08F0023CDE961
:10377000003302AA5946484600F090F90028F1D1DA
:1037800002A95A46284600F0E5F90028EAD1A6EB3E
:103790000B06286ED944002EB9D01930494605EBE6
:1037A00080003246FFF7DEFAA4F57F44286EFF3C26
:1037B0003044B4F5803F4744286692D2AEE7424594
:1037C00028BF4246504439461646FFF7CBFA286ECA
:1037D000EB6D3044834207EB06092866A8EB06062A
:1037E0008CD1802B28BF80231A46514604A8FFF7AE
:1037F000B9FA0023CDE9003302AAE96D04A800F06C
:103800004DF90028AED1EA6D02A9284600F0A2F9D0
:103810000028A7D1EB6D286670E70120704705F1FD
:103820006403394632461844FFF79CFA286EEA6D65
:103830003044A41B374428667BE72B6E193305EB15
:10384000830022463946FFF78DFA2B6E23442B6600
:1038500079E7802A28BF802205F1640104A8FFF7D8
:1038600081FA0023CDE9003304A8E96D02AA00F033
:1038700015F900287FF476AFEA6D02A9284600F01A
:1038800069F900287FF46EAFEA6D286654E702A953
:103890003246284600F05EF900287FF463AF3744D3
:1038A000A41B4EE7F8B51C46054611480E461746C0
:1038B000FFF744FE21460E48FFF75AFE044620B1AA
:1038C0000B48FFF74FFE2046F8BD0948324629460F
:1038D000FFF762FE04460028F2D139460448FFF79C
:1038E00085FE04460248FFF73DFE2046F8BD00BFB6
:1038F0005054002030B583B01C2301A90546019324
:1039000000F032F8044638B9019B1C2B07D0144C48
:103910001C212846FFF72AFA204603B030BDD5E91E
:103920000112131E18BF012300392A6818BF012194
:103930009B0043EA4103002A18BF43F00103EA68F1
:103940000120E8612AB9C5E90834002BE4D1054C0F
:10395000DEE743F008032046C5E9083403B030BD74
:10396000370CF0000E0CF00018B111B10B681C2BD5
:1039700001D0012070474FF08053D3F8102C013252
:1039800014BFD3F8102C41F25C224FF08053026038
:10399000D3F8142C013214BFD3F8142C41F664125E
:1039A0004FF080534260D3F8182C013214BFD3F883
:1039B000182C40F6D8624FF080538260D3F81C2C4C
:1039C000013214BFD3F81C2C41F288324FF08053DF
:1039D000C260D3F8002C013214BFD3F8002C90221F
:1039E0004FF080530261D3F8042C013214BFD3F896
:1039F000042C51224FF080534261D3F8082C01323D
:103A000014BFD3F8083C40F237338361002070477D
:103A100008B501464FF48060FFF730F9034B0022F0
:103A2000C3F8C821C3F82C2108BD00BF00B0025064
:103A30000138072805D8DFE800F0100E040A040456
:103A4000040607487047CB684B62002070478B68BC
:103A50004B62002070474B68F6E70B68F4E700BF45
:103A6000310CF1000B6802E0082B0B6006D8026AEB
:103A700013424FEA4303F7D00020704700487047D5
:103A8000310CF100044B0022C3F82C214FF480606C
:103A9000C3F8C421FFF7D8B800B00250F0B583B026
:103AA0001D46B0F1005F4FF000038DF8073024D3BE
:103AB0008C468444BCF1804F04461ED817460DF155
:103AC0000703012200F064FE0646B0B9099A9DF88A
:103AD00007303C603B7192B14DB1024608990DF13F
:103AE0000703284600F054FE38B99DF80730099ABC
:103AF00030461560137103B0F0BD4FF475063046C3
:103B000003B0F0BDD8B108B50368012B04D0022B77
:103B10000FD043B10B4808BD0B4920220830FFF7F6
:103B200021F9002008BD094914220830FFF71AF9CD
:103B3000F7E7074920220830FFF714F9F1E74FF4BF
:103B4000730070470100F300ECD702002CD802008C
:103B50000CD802002DE9F843002900F0F980044652
:103B6000002800F0F980036890460F46002B00F013
:103B7000C380013B012B00F2D78079484FF0FF3121
:103B80004FF00209FFF70AF9002840F0BF8000203B
:103B9000FFF734F90646002840F0C280714AD2F897
:103BA0001C39002BFBD16F4DD5F8203C002BFBD1ED
:103BB0004FF0FF30FFF748F8D5F8040A20F0400036
:103BC000FFF750F801230722C5F81838C5F8002977
:103BD000C5F8C437A36CC5F8CC37E36CC5F8D0374B
:103BE000C5F8C09723685BB1013B012B18D8636A05
:103BF000C5F85C36236AC5F85836E369C5F854360B
:103C0000584BA269C3F850266269C3F84C26226952
:103C1000C3F84826E268C3F84426A268C3F84026E1
:103C2000504AD2F81039002BFBD1B8F1000F5FD009
:103C30006368012B08BFC2F884364A4B3A68C3F860
:103C4000282C4020C3F82C8CFFF712F80646454A72
:103C5000D2F81039002BFBD1424AD2F8203C002B7D
:103C6000FBD123685BB1013B012B18D8D2F85C363D
:103C70006362D2F858362362D2F85436E361394B86
:103C8000D3F85026A261D3F84C266261D3F84826B7
:103C90002261D3F84426E260D3F84036A360314A6B
:103CA000D2F8CC17A164D2F8D017E1640023012127
:103CB000C2F8C417C2F88436C2F8C837D2F810392F
:103CC000002BFBD1C2F81838002E3BD1254BD3F87E
:103CD000040A40F04000FEF7C5FF0120FFF78EF810
:103CE00060BB1F48FFF762F810BB3046BDE8F883A1
:103CF0000423C2F8C837AAE719484FF0FF314FF044
:103D00000109FFF74BF800283FF441AF1648FEF7D2
:103D100039F90020FFF772F8064600283FF43EAF5D
:103D20001248FEF72FF939E7114E3046BDE8F88307
:103D30001048FEF727F93046BDE8F8830E48FEF735
:103D400021F9CEE7102104F10800FFF70FF8BDE7D5
:103D50000A4E3046BDE8F8834FF47306C5E700BF4E
:103D6000C409002000B0025020D7020038D702005A
:103D70000100F30078D7020058D702000300F300D7
:103D800098B370B4D0E90241D0E9042326BA0DBA41
:103D900014BA19BAD0E9062312BAC0E90441826103
:103DA000D0E90842C0E902651BBA25BAC0E9073567
:103DB00014BAD0E90B23816A12BA09BAC0E90941E1
:103DC000C262D0E90D421BBA25BAC0E90C3514BA5B
:103DD000D0E91023C16B12BA09BA1BBAC0E90E416F
:103DE000C0E91023002070BC70474FF47300704787
:103DF000002847D090F83C30002B34D0032B10B56E
:103E000013D02248224C2268224B1268C3F80024A7
:103E100022685268C3F8042422689268C3F8082410
:103E20002268D268C3F80C2410BD016B006C184CDA
:103E300000F0A8FB0028E6D12268164B1268C3F8F0
:103E4000002422685268C3F8042422689268C3F8E8
:103E500008242268D268C3F80C2400F0A1FB0028D3
:103E6000D1D1002010BD0B4B0269C3F80024426978
:103E7000C3F804248269C3F80824C269C3F80C2477
:103E8000002070474FF47100704700BF0900F10037
:103E9000B009002000B00250374A38B50446D2F8C5
:103EA0001039002BFBD1344AD2F87034002BFBD1EF
:103EB000314AD2F8203D002BFBD12F4AD2F8203CCA
:103EC000002BFBD12C4AD2F8383D002BFBD12A4DD8
:103ED000D5F8383C002BFBD14FF0FF30FEF7B4FE95
:103EE000636BD5F8040A23F00403032BE36D39D088
:103EF000012B0CBF20F0800020F02000FEF7B2FE66
:103F00001D4A0123C2F80039D2F81039002BFBD129
:103F1000194AD2F87034002BFBD11749C2F8BC34CF
:103F2000D1F81039002BFBD1134AD2F87034002B92
:103F3000FBD1626B22F00401032918BFA36B0E4969
:103F40004FEA820218BF03F0010302F01C021A4379
:103F5000C1F8C024636B072B04BF0123C1F87C3474
:103F6000002038BD012B0CBF20F0400020F01000D5
:103F7000FEF778FEC4E700BF00B00250094A0A4BC2
:103F800011680968C3F8001411684968C3F804147B
:103F900011688968C3F808141268D268C3F80C2441
:103FA000704700BFB009002000B002502DE9F04F6B
:103FB00085B0002900F0EC809046002A00F0E880EF
:103FC0000546002800F029819946C36D0E46002B56
:103FD00052D1B9F5805F54D295F83C30042B00F0F3
:103FE000FF800027AD484FF0FF31FEF7D7FE0028D5
:103FF00040F0D5800020FEF701FF002840F0D88077
:10400000A7480123C0F81038D0F81049002CFBD184
:104010006B6B032B3ADC002B3BDAA24CA04AD2F8A4
:104020001039002BFBD1002F40F0D1806B6BEA6D73
:1040300023F00403032B9A4BD3F8040A00F09F806B
:10404000012A0CBF40F0800040F02000FEF70AFE7D
:10405000934B0022C3F810280120FEF7CFFE002862
:1040600040F0B1808D48FEF7A1FE002840F0A4800A
:10407000204605B0BDE8F08F012BADD1B9F5803FEA
:10408000AAD3894C204605B0BDE8F08F063B012B32
:10409000C3D8AB6B012B00F2BE80EB6D012B7CD83B
:1040A0002B6E012B00F2E8802846FFF7F5FE044650
:1040B0000028B3D12846FFF79BFE04460028ADD167
:1040C0006B6B072BA9D801229A4012F08A0F40F09F
:1040D000D58012F0440F40F0BA80D2079DD523F06E
:1040E0000403032B32680DD02B6ED8F80010012B7F
:1040F0006B4B0BBFC3F8281DC3F8301DC3F82C9DB4
:10410000C3F8349DEB6D012B654B0BBFC3F8282C16
:10411000C3F8302CC3F82C9CC3F8349C6B6B23F091
:104120000403032B00F0A2802B6E012B14BF202070
:104130008020FEF79DFD044600287FF46FAF584BAA
:10414000D3F81049002CFBD1696B072914D8012240
:104150008A4012F08A0F40F0BB8012F0440F0BD05F
:10416000D3F860242A60D3F864246A60D3F8682402
:10417000AA60D3F86C34EB600123AB654EE7012AEB
:104180000CBF40F0400040F01000FEF76BFD5FE711
:10419000464C204605B0BDE8F08F454C3EE745480B
:1041A000FDF7F0FE0020FEF729FE00283FF428AFBF
:1041B0004148FDF7E7FE23E74048FDF7E3FE2046D0
:1041C00005B0BDE8F08F3E48FDF7DCFE4AE704236A
:1041D00085F83C30202105F11000FEF7C7FD25E7EA
:1041E000296B286C00F0C0F998B9364F2C4C3B680D
:1041F0001B68C4F800343B685B68C4F804343B684F
:104200009B68C4F808343B68DB68C4F80C34296B3D
:1042100031B10127E6E62C4C00E74FF4710427E7A3
:104220002B6D0193EB6C009305F1100A4FF0100B0E
:10423000CDF808A0CDF80CB0D5E91123286C00F01A
:10424000B9F9002851D1002385F83C30E1E7144B3F
:104250002A68C3F860246A68C3F86424AA68C3F8AB
:104260006824EA68C3F86C246B6B38E7EB6D012BAC
:1042700014BF102040205CE7144CCFE6084B2A689E
:10428000C3F840246A68C3F84424AA68C3F84824E1
:10429000EA68C3F84C246B6B21E700BFC409002017
:1042A00000B002500100F1000500F1000B00F10028
:1042B0000300F10020D7020038D7020078D70200AF
:1042C00058D70200B00900200200F1000400F100FC
:1042D000D3F840242A60D3F844246A60D3F84824F1
:1042E000AA60D3F84C34EB6046E73B681B68C4F81F
:1042F00000343B685B68C4F804343B689B68C4F8CE
:1043000008343B68DB68C4F80C3459465046FEF765
:104310002DFD98E72DE9F04109B302B304460028CA
:1043200000F0AF801D46436B072B0E461BD05DB9D6
:10433000032B10D1836D73B900F164034566856664
:10434000C56605670B6010252B4631462046BDE843
:10435000F041FFF72BBE2F463846BDE8F081764F7F
:104360003846BDE8F081C36D002B40F08D80B5F577
:10437000805F80F090801DB9A36D002B40F08B8092
:104380006E484FF0FF31FEF709FD002840F08F80A6
:104390000020FEF733FD002840F08580684A0123A5
:1043A000C2F81038D2F81039002BFBD1636B032B05
:1043B0004FDD063B012B4ED8A36B012B6DD8E36D6F
:1043C000012B78D8236E012B77D82046FFF764FDA8
:1043D0000746002840D12046FFF70AFD074600287F
:1043E0003AD1626B072A36D80123934013F08A0F23
:1043F00040F0818013F0440F6FD1DB072BD5504B79
:104400000122C3F87C24C3F8BC543168002D56D176
:10441000A16D09B9C3F82425494BD3F81079002FB1
:10442000FBD1616B072917D801228A4012F08A0F4D
:104430006FD112F0440F0FD0D3F860242260D3F86C
:1044400064246260D3F86824A260D3F86C34E3601B
:1044500002E0002BB0DA3B4F394AD2F81039002B7A
:10446000FBD1C2F810380120FEF7C8FCB8B93348B8
:10447000FEF79CFC00283FF46FAF3348FDF782FD48
:104480006AE74FF4710767E7012B7FF474AFB5F566
:10449000803FFFF470AF2D4F5EE72D4FDCE72D48D6
:1044A000FDF770FDE3E72C48FDF76CFD76E72B4840
:1044B000FDF768FD6CE72A4FCEE72A4FCCE7E26DA7
:1044C000012A33D0C3F8301C1020C3F8345CFEF747
:1044D000CFFB074600289FD0BEE7194B2268C3F8E0
:1044E00060246268C3F86424A268C3F86824E268A0
:1044F000C3F86C2483E7124B2268C3F84024626837
:10450000C3F84424A268C3F84824E268C3F84C24E2
:1045100075E7D3F840242260D3F844246260D3F8CE
:104520004824A260D3F84C34E36095E7C3F8281C14
:104530004020C3F82C5CCAE70B00F100C40900203E
:1045400000B002500100F10078D702000500F10030
:104550000200F10058D7020038D7020020D702002D
:104560000300F1000400F10029B9044B002814BF36
:104570001846002070470248704700BF0100F7004E
:104580000300F70029B9044B002814BF1846002087
:1045900070470248704700BF0100F7000300F700B2
:1045A000034B00200122C3F8380AC3F8782470476F
:1045B00000B002502DE9F047CCB00024579DDDF843
:1045C0005881824689461646214674220EA81F4607
:1045D00007F0F7FE802221462CA82B9407F0F1FE6D
:1045E0008423B5F57F6FCDE90A44CDE90C440593EA
:1045F00063D8FFF7C3FC05AB30462BAE01930295A1
:10460000DDE954233946009600F062F800284FD1C6
:1046100003238DF813309DF813308DF87430072381
:1046200000221C9010210EA81B9301240123CDE928
:104630002423CDF86890CDF878A026940DF12009B8
:10464000FEF794FB102200920599CDF804900AAB76
:10465000304606AAFFF722FA074670B11DE00EA900
:1046600008EB0700FEF77EFB10210EA8FEF77EFB8D
:104670000134AD1B3744E4B224D0102D4A46059BCB
:104680008DF8AC4006A90EA82E4628BF1026FFF7CD
:1046900041FE32460028E2D007460EA874220021CF
:1046A000FEF762FBFFF76AFC38464CB0BDE8F087C6
:1046B000054F38464CB0BDE8F087044F38464CB043
:1046C000BDE8F0872F46E8E70E00F1000F00F1008B
:1046D0002DE9F04182B01E460A9D0023B5F57F6F9B
:1046E00001933ED8ED00B5F5807F174601F1FF320A
:1046F00034BF032304233F2A0C46009331D880B3F0
:1047000066BB089A6AB3099A116851B3A219134497
:10471000994226D3089B01462246581CFEF722FBED
:10472000089B04F102081C440023637026BB089B0D
:104730000095FF2D03EB080017D92B029BB243EA2B
:104740001523022201A90193FEF70CFB08F10203D5
:10475000099A0020136002B0BDE8F0810FB1402E2D
:10476000CFD90A4802B0BDE8F08101226946FEF7C0
:10477000F9FA08F10103EBE7089B324603EB080066
:104780003946FEF7EFFAB044D1E700BF06000080DB
:1047900000201870704700BF08B5054B044613B1E0
:1047A0000021AFF3008000F013FB2046F0F74EF934
:1047B00000000000F8B50E4B1D68AB789B0706465D
:1047C00012D56F6816F8014B29462CB90A20B84754
:1047D000002805DB204609E02046B8470028F1DA2A
:1047E000AB7843F00403AB704FF0FF30F8BD00BF6F
:1047F0000CD102000CB430B589B005460C461C2221
:10480000002101A807F0DDFD02238DF806300E4BD4
:104810000293059523462CB1B4F1004F28BF4FF009
:104820000043013B1D440DAA0C99069501A8009276
:1048300000F072F814B1059B00221A7009B0BDE8AF
:10484000304002B0704700BFFDC40200242AF0B51A
:10485000044601D8012A40D107F058FE2D4B1622FC
:104860001A5001B10C600020F0BD2F463D4615F8EE
:10487000010B2028F9D0A0F10906042E0346F4D933
:104880002B282CD02D282CD101267B78BD1C302B39
:104890002DD1287840F02000782824D132F0100063
:1048A00021D16B782C46102202350020392B82BF93
:1048B00003F1FF3343F02003263B303B9A421AD9E1
:1048C000A0FB02040CB9C01801D346F002062F4623
:1048D0002C4617F8013B3D46E8E70746C6E70026A9
:1048E000D3E70026D3E7002A08BF0822DDE7002A25
:1048F00008BF0A22D9E701B10C60F20748BF404265
:10490000B307B1D507F002FE024B22221A504FF036
:10491000FF30A9E70C0000002DE9F04F8DB043688F
:104920000293837815469A07804640F10D81002452
:104930000E78002E00F00A81252E0BD04B1C03931D
:104940000134029B4146304698470028C0F2F68069
:104950000399EDE74E788B1C252E0393F0D00027AA
:10496000B946BB46BBF11F0F38D8A6F12003102B68
:104970000AD8DFE803F02A090930090909210909E1
:104980000928092D09091F00A6F13003092B33D985
:104990002A2E37D11BF0400F55F8043B40F082809F
:1049A000002BA7BF4BF0200B9946C3F100094BF039
:1049B000280B01E04BF0010B039B13F8016B0393F1
:1049C000002ECFD130E04BF0020B4BF0040BF3E79D
:1049D0004BF0080BF0E74BF0100BEDE7BBF17F0F4E
:1049E00019D8A6F13003092BD2D81BF0400F03D001
:1049F0000A2101FB0737DFE70A2101FB09394BF0E8
:104A0000200BD9E72E2E06D11BF0400F40F09E80E0
:104A10004BF0400BD0E76C2E31D02BD8682E36D01F
:104A20006A2E3CD04C2E3AD0002F46F02003B8BF5F
:104A30002BF04002A3F16501BCBF1FFA82FB0027E7
:104A4000022901D9612B2FD1073525F00705DFF8A1
:104A5000ACA2083507271BF0080F66D00AEB070B3E
:104A600056465E4563D1A4EB0A0A06EB0A02A9EB9F
:104A700007096FE1742E9FD07A2E9DD0D4E71BF0EA
:104A8000800F18BF4BF4007B4BF0800B94E71BF4B6
:104A9000807F18BF4BF4007B4BF4807B8CE74BF49A
:104AA000207B89E71F4687E7A6F16301122900F200
:104AB000F080DFE811F013004F00EE00EE00EE0092
:104AC000EE004F00EE00EE00EE00EE00EE00FE0005
:104AD000E900EE00EE001B00EE00AF0055F8043BCD
:104AE0008DF8183001270DF1180AB4E755F804AB1A
:104AF000834BBAF1000F08BF9A461BF0400F14BF5A
:104B000039464FF0FF31504607F095FC0746A2E7C3
:104B1000029B41462020984700280FDB013EB74208
:104B2000F6D34C44A41BB14698E74E46F7E716F877
:104B3000010B029B41469847002892DA98F8023010
:104B400043F0040388F802304FF0FF3420460DB0E4
:104B5000BDE8F08F1BF0800F34D01BF4007F2CD009
:104B6000073525F00705AA4669685AF8080B2BF0A7
:104B700010050029ADB237DA404261EB410145F43E
:104B800080650DF1180B0A235A4607F060FCA0EB74
:104B90000B0301936B0662D5019B25F001019F4237
:104BA00089B240F3A180002E00F0998015F0100228
:104BB00040F09C80BB460D4623E0AA465AF8040B01
:104BC000C117D4E7AA461BF4807F5AF8041B01D111
:104BD0000846F5E71BF4007F15BF48B208B241F361
:104BE000C01141F3C031C2E750EA0103C9D11BF043
:104BF000400FC6D0002FC4D12BF0110295B2BB4696
:104C0000019740F2064115EA01021CBF0BF1010BAE
:104C100000222CE02BF010021FFA82FB0A231BF06B
:104C2000800C49D01BF400711DBF073525F0070526
:104C3000AA46AA461ABF5AF8080B69685AF8040B24
:104C400050EA010545D12BF016051BF0400FADB21F
:104C500042D0002F40D12BF0170295B2019715F0EA
:104C6000100248D0019B002E42D103F1010B29070D
:104C70005AD4EB0706D5D9456FDD0199A9EB0B0393
:104C80005F18CB465B4649E04BF0100B10237826AB
:104C9000C5E7782B04D1C6F1780343F01003BEE7D3
:104CA000029B4146252098470028FFF647AF023473
:104CB00047E608230026B2E7AA461BF480715AF89B
:104CC000040BBDD01BF400711ABFC0B2614680B2A4
:104CD000B6E72BF0060295B20DF1180B54E725F05C
:104CE0001105ADB2BB468CE70D46B8E73B460D4615
:104CF00003F1020BBBE7DDF804B082E7A2E6020095
:104D00009BE60200CDE904324146029B20209847F1
:104D10000028FFF613AF049B059A01339945F1DC97
:104D2000A4EB0B01CC189B460AB3029B41463020F2
:104D300098470028FFF602AF8EB901342744019B43
:104D4000391B994224DC1D465DBB019AA9EB0B0976
:104D5000224455461446914435E0019F92E70234BF
:104D600041463046029B98470028E7DAE6E640F2E3
:104D700006410D42E2D015F0020F14BF2B20202077
:104D800015F4806F04F10104414618BF2D20E9E7B6
:104D9000029B414630209847002804F10104CEDAF6
:104DA000CCE606AB013D4146585D029B9847002882
:104DB000CADAC3E6029B414620209847002804F146
:104DC0000104FFF6BBAEA9EB0403002BF2DCBFE548
:104DD00038B5074D074C641BA41024B9064B0BB122
:104DE000AFF3008038BD013C55F824309847F4E714
:104DF0000000000000000000000000007047836811
:104E00009B6903B1184770477047EBF7E9BF1FB5BF
:104E100001240294CC680194BDF81840009403F07A
:104E20009EFE04B010BD1FB502240294CC6801940C
:104E3000BDF81840009403F092FE04B010BD2DE9B7
:104E4000FF41D1F80C80054640461F460C461646E9
:104E5000EBF750FCBDF82830009380B2CDE901801B
:104E60003B4632462146284603F079FE04B0BDE8B1
:104E7000F08108B5002005F040FA012005F03DFA68
:104E8000022005F03AFABDE80840032005F035BAE3
:104E9000F0B587B004460F46164600211822684632
:104EA0001D4607F08EFA69462046CDE90176ADF839
:104EB0000C50F4F729FC07B0F0BD30B585B040F2D6
:104EC00067620023684606F0CCFADDE90045224619
:104ED0002B460DF10F00ECF7BDF818B19DF80F301F
:104EE0000A2BF4D105B030BDF7B5002304464FF4CA
:104EF000767268460D4606F0B4FADDE9006725448F
:104F000032463B462046ECF7A5F810B10134A542E5
:104F1000F6D103B0F0BD83685B6C0BB1012218477A
:104F20007047BFF35B8F50E8003F40E80012002A53
:104F3000F9D1BFF35B8F704738B5044606F08FFA9E
:104F40004FF47A75A0FB053205FB0121DB0B43EA28
:104F500041412046BDE83840FFF7E3BF1FB50023BD
:104F600002A8CDE90233ADF80430ECF701F801A84E
:104F7000ECF738F800214FF4A47006F0E4F902A829
:104F8000EBF7F6FF01A8ECF72DF805B05DF804FB90
:104F9000F0B50024451C10F81430A3F13007FFB21F
:104FA000092F0BD9A3F14106192E98BF2033DBB28C
:104FB000A3F16106052E1CD8573BDFB215F814602B
:104FC000A6F13003DBB2092B0BD93346413E192E33
:104FD00098BF2033DBB2A3F16106052E09D8573BF9
:104FE000DBB243EA07130B550134A242D3D10120AF
:104FF000F0BD0020FCE710B5044606F030FABFF320
:105000005B8F4FF47A72A0FB02032468BFF35B8FBF
:1050100002FB0133C00B40EA4340001BB0F57A6F3E
:105020002CBF0020012010BD836800EBC101B3F547
:10503000004F2CBF51F8220031F81200704700EBEE
:10504000C1018068B0F5004F2CBF41F8223021F833
:105050001230704708B50122FFF7E6FFD04008BDC7
:105060008368B3F5004F00EBC10108D34B681AB158
:1050700043F001034B60704723F00103FAE74B88CC
:105080001AB143F001034B80704723F00103FAE7A4
:1050900053000122FFF7D3BF8368B3F5004F34BF3D
:1050A00004230823C91A081AC00870478368B3F597
:1050B000004F34BF04230823481C0833A0EBD3005F
:1050C000B0FA80F0C0F11F0070472DE9F04117469B
:1050D00003220E460446FFF7A7FF8642054607F166
:1050E00004080AD1E3680122BA4023EA0203E3601C
:1050F000002344F82830BDE8F081314602222046E2
:10510000FFF792FF2B460646014644F828502046FA
:105110000322FFF794FF3346294620460222BDE8CA
:10512000F041FFF78CBF70B50D4686680446FFF767
:1051300091FFB6F5004F014601D3012809D0204662
:10514000FFF7B4FF294602462046BDE87040FFF74E
:10515000BCBF70BD2DE9F0470546FFF7A7FF05EB83
:10516000800A8846DAF810900646B9F1000F1BD085
:105170000327DAF8104028462146FFF76BFF404529
:1051800007D3324621462846FFF79FFF2046BDE859
:10519000F087032221462846FFF746FF013FCAF861
:1051A000100001D08145E4D1EB6801364FF0FF34A7
:1051B000B4401C40EAD094FAA4F2B2FA82F2131D71
:1051C00055F82340DEE72DE9F041144605460E462A
:1051D000FFF740FFA4EB0608371B07444246314661
:1051E0002846FFF755FF3A4621462846FFF750FF6D
:1051F0004346002221462846FFF721FF2146284644
:10520000FFF728FF3B46211800222846BDE8F04161
:10521000FFF715BF2DE9F041164604460F46FFF78C
:1052200019FF314605462046FFF714FF05442A467C
:1052300039462046FFF72CFF31462046FFF70AFF8C
:105240002B46311800222046BDE8F041FFF7F7BE9B
:105250002DE9F0410D4686680446FFF7FBFEB6F5E2
:10526000004F014601D3012832D02046FFF71EFF30
:1052700004EB80010E6996B9E36801228240134372
:10528000E36002220D612B4629462046FFF7D7FE38
:10529000032229462046BDE8F041FFF7D0BE022296
:1052A00031462046FFF7C0FE294603460746204602
:1052B000FFF7C5FE0322334629462046FFF7BFFE0F
:1052C00039462B462046FFF7BAFE02223146E1E777
:1052D000BDE8F081F8B50C460546FFF7BBFE261881
:1052E000012231462846FFF79FFEC3070CD4314602
:1052F0002846FFF718FF21462846FFF7ABFE214658
:1053000022182846FFF786FF002221462846FFF78D
:105310008BFE271A012239462846FFF785FE10EA40
:10532000020613D139462846FFF7FDFE21463246D4
:105330002846FFF779FE2246211A2846FFF76AFF22
:10534000214632462846FFF76FFE241A214628469A
:10535000BDE8F840FFF77CBF38B571B10568284655
:10536000FFF79AFE0022044601462846FFF778FE22
:105370002146BDE83840FFF7ADBF38BD70B50568C0
:1053800009B9002070BDAB6801F00704B3F5004F08
:105390002CBF0822042207341444E40804EBD1048F
:1053A0009C4228BF1C4621462846FFF7D3FE0646EE
:1053B0000028E6D001462846FFF74CFEA04209D956
:1053C0003444314628462246FFF7FDFE2146284652
:1053D000FFF73EFF284601223146FFF741FEAB684A
:1053E000B3F5004F34BF0423082303EBC60318446E
:1053F000C8E71146FFF7C2BFB2F5802F2CBF0823C4
:105400000423D21A2DE9F0418C18CD1D25F0070593
:1054100024F00704641B0026E40805602146AC6004
:10542000EE602846FFF742FE421D9200013002F175
:1054300007074FEAD707A2F110023146B8BF32463C
:1054400005F1100006F0BDFF3A4631462846FFF749
:105450001FFE3346324631462846FFF7F0FDA4EBE7
:105460000708284631460122FFF7FAFD4246394631
:10547000FFF70EFE3B46324639462846FFF7DFFD72
:1054800021462846FFF704FE434632462146284679
:10549000FFF7D5FD214628460122FFF7E1FD3946F9
:1054A000BDE8F041FFF7D4BE002070470FB407B548
:1054B00004A951F8040B0191ECF7ECFD03B05DF881
:1054C00004EB04B070470FB407B504A951F8040BFE
:1054D0000191ECF7DFFD03B05DF804EB04B0704719
:1054E000F0B564230546042600200A2769B9F0BDFB
:1054F0009A42B2FBF3F40CD2012B0AD048B903FB59
:105500001422D2B20A24B3FBF4F3013EF0D12E7080
:10551000EDE7303405F8014BB2FBF3F4013903FB3E
:1055200014220130B3FBF7F3C9B2C0B2D2B2DBB27E
:10553000DCE7A0F13003DBB2092B02D80B700020AE
:105540007047A0F16103052B02D85738C3B2F5E7C5
:10555000A0F14103052B01D83738F7E76FF01500AC
:105560007047F7B5054601F0010000EB51069E4279
:105570004FEA510703D90026304603B0F0BD58B1B9
:1055800028780DF10701FFF7D4FF0028F3DB9DF821
:10559000073002F8013B013501351744BA42EBD020
:1055A00015F8010C0DF10701FFF7C3FF0028E2DB3E
:1055B0009DF807402401E4B2147015F8020BFFF7C0
:1055C000B8FF0028D7DB9DF807301C4402F8014BD8
:1055D000E4E7036800220BB9184670478B4210D1EC
:1055E0000B6842B942680360914200D143600023D6
:1055F0000B600120704713604368994208BF426006
:10560000F5E71A461B68E6E7038B13F0070305D19D
:105610000368002B0CBF002003207047022B05D12C
:10562000408BB0FA80F0400980007047012B05D113
:105630000368002B0CBF0020052070470020704736
:1056400010B50C4600B111B96FF0150010BD081D62
:1056500000F0D2F80028F9D1A368032BF6D9F3E7BC
:105660002DE9F0410D4607461946281D90461E4675
:1056700000F0D6F8044638B133464246294638464B
:10568000A446BDE8F0416047BDE8F08110B4EFF3F7
:105690001182402484F31288BFF36F8F416110BCE4
:1056A0000121ECF741BD38B50C46054658B151B162
:1056B0000B6843B14B6833B11C22002106F081FE18
:1056C0002C61002038BD6FF01500FBE770B5054672
:1056D0000E46FFF7B5FF041E14DBEFF311824023E3
:1056E00083F31288BFF36F8F6B8B2C8B4FF6FF7198
:1056F0008B4204F0070407D182F31188BFF36F8F48
:105700006FF00A04204670BD022C0CD101336B836C
:1057100082F31188BFF36F8F00232246314628465B
:10572000FFF79EFFEEE7062C14D8DFE804F0041321
:105730001313041A0400002333606B683BB9C5E9F6
:105740000066ACB902212846ECF7EEFCDAE71E60F1
:105750006E60F6E782F31188BFF36F8F6FF0040479
:10576000D0E782F31188BFF36F8F6FF08504C9E72C
:1057700082F31188BFF36F8FC4E710B5EFF3118286
:10578000402383F31288BFF36F8F048B04F0070468
:10579000022C0AD0012C0CBF6FF004006FF08500C2
:1057A00082F31188BFF36F8F08E0438B013B9BB2FC
:1057B000438323B92146ECF7B7FC204610BD2046B1
:1057C000EEE738B5A8B1A1B1EFF31185402282F31D
:1057D0001288BFF36F8F048BFFF7FBFE30B104F02C
:1057E000070085F31188BFF36F8F38BD6FF0770026
:1057F000F7E76FF01500F8E7034640B1426802F0A2
:105800000302022A06D0032A04D0012A05D06FF031
:10581000150070471A68002AF9D000209860704778
:1058200010B54268816002F00302022A03464FF07D
:10583000000407D0032A02D05C60002001E0186851
:105840005C6010BD18685C600028F6D0FAF760FD57
:10585000F3E770B50C8806468888241A3069A4B22C
:10586000844285B224BF641BA4B22D1BA8B2984207
:1058700028BF18463368234413600B8803440B8009
:1058800070BD70B4838985880669ED1AADB2731B4B
:10589000934228BF134670BC0A46011DFFF7D9BFCB
:1058A00070B40E460146C58831F80A3FEC1AA3B21F
:1058B000934228BF1346324670BCFFF7CABF10B5EB
:1058C0004B880C88E41AA4B294420ED31A4492B2C4
:1058D0008B884A800A800069D21A92B2824201D231
:1058E000002010BD03448B80FAE76FF01500F8E745
:1058F0002DE9F34106460F4615464FF000082A46AB
:1059000001A93046FFF7BDFF044640B102463946C3
:10591000019806F02EFD2D1BA0442744EFD14246EE
:10592000311D3046FFF7CBFF404602B0BDE8F081A5
:105930002DE9F34107460E4615464FF000082A466A
:1059400001A93846FFF7ACFF044648B12EB1024624
:105950000199304606F00DFD26442D1BA044EED1E2
:10596000424607F10A013846FFF7A9FF404602B058
:10597000BDE8F081704770B4C6680468806A0D0C99
:1059800006FB054414FA81F184682468A44670BCBF
:1059900060472DE9F0431C46C36A1D686D4289B01B
:1059A00006468846174605F020051CB9204609B072
:1059B000BDE8F083AC42A14628BFA9464B466A46E3
:1059C00041463046FFF7D7FF0028F0D16B464845E7
:1059D00002D1241A8044E8E713F8012BBA4201D11E
:1059E0000130F4E70120E2E70B6803F580330B6038
:1059F000008A1A0CB0EB134F04BFA3EB02430B60F9
:105A0000704738B5C26803680D0C090C04462D04B4
:105A1000806A02FB013100F0FBFD50B9E26AE368E5
:105A2000527929462046FFF7B4FF002818BF6FF0CF
:105A3000050038BD10B5014604460722FF20F5F7E2
:105A400099F8E07110BD0368012B81BFC91801F1FD
:105A5000FF315B421940084670472DE9F0410C4682
:105A600005460821C06AFFF7EEFF072207462146D8
:105A7000FF206688B4F80480F5F77CF8E379834268
:105A800008D1E8684644C01BB04294BF0020012002
:105A9000BDE8F0810020FBE738B505460C46FFF76E
:105AA000DCFFA0B1A08898B922884FF6FF739A4214
:105AB0000DD1E86A0821FFF7C6FF6288EB689B1AE0
:105AC000B3FBF0F202FB1030B0FA80F0400938BDB1
:105AD0000020FCE7F7B504460D46C06A0821FFF731
:105AE000B2FF2968074608232046FFF744FF064611
:105AF000002836D12B683B442B60E26899B2D21B58
:105B000091422ED11A0C03BF228A02F1FF3203EB1D
:105B10000241A3F58031296008236A462046FFF739
:105B20002AFFE8B9E36A5A796B4613F8011B8A42E7
:105B30000CD101300828F8D1636805E02B68BDF866
:105B400002201B0C1B0413442B600AE0694620460C
:105B5000FFF7A2FF0028F1D129462046ECF7F2FB1F
:105B60000646304603B0F0BD2DE9F043074689B044
:105B700090461C461BB9002009B0BDE8F083FD68C3
:105B80003B68080C05FB003313FA81F6FB6A1D68BD
:105B90006D4225400CD0B86A83683146D3F8049032
:105BA0002B46C8470028E7D1641BE4D02E44A84404
:105BB00022464146684606F0DCFBFD6A2A686979A0
:105BC000121B0DEB040006F0FCFBB86A2B68826820
:105BD000314654686A46A047CEE710B50A46082306
:105BE00041680446FFF7C0FF08210246E06AFFF75C
:105BF0002AFF63681B1A6360104610BD13B54FF689
:105C0000FF7300220446ADF800308DF8063083683B
:105C1000ADF804206846ADF80230FFF70BFF694687
:105C20002046FFF7DAFF02B010BD2DE9F04F044621
:105C300095B0C06A0821FFF706FF63681B0C1B04C0
:105C4000054603A920460393FFF7CEFEDDF80CB00E
:105C5000E6685E44761B06AA082331462046049671
:105C6000FFF789FE021EC0F2A980E36A06AA5979ED
:105C7000002312F8010B814240F08F800133082B82
:105C8000F7D1A36862682B449A427ED259462046D7
:105C9000FFF7B7FE024691E0BDF81A30360C360425
:105CA0001E44049608AA04A92046DDF810A0FFF7B8
:105CB00011FF0246002840F0818008A92046FFF726
:105CC000CCFE18B9019B5345ECD1DAE76368059324
:105CD0000AAA05A92046059EFFF7FCFE02460028F9
:105CE0006CD1BDF82820BDF820309A4227D06268D8
:105CF000059B9A42ECD1B245E4D1BDF82430002B8B
:105D0000E0D0BDF822704FEA1A431B041F4408A8D4
:105D1000A368ADF82230FFF78DFEE36ABDF824904A
:105D20001E68764206F02006B9F1000F0ED108A9D0
:105D30002046FFF752FF02460028C3D03EE00AA9E2
:105D40002046FFF78AFE0028D1D0D4E74E45B04662
:105D500028BFC8460CAA434639462046FFF70BFE2B
:105D6000024658BB4346A1680CAA2046FFF7FCFE3A
:105D700041460246E06AFFF766FEA3680344A3605B
:105D8000E2B9A9EB08094744CEE72046FFF736FF02
:105D9000024600283FF47AAF10E0731B06A92046A4
:105DA0000193FFF779FE00287FF476AF04A920461F
:105DB000ECF7C8FA024600283FF474AF104615B05D
:105DC000BDE8F08F2DE9F04F1D4691B0837C029124
:105DD00004460092002B00F0BE80C26A08211046E3
:105DE000FFF731FE294601901046FFF72CFEE368CD
:105DF000019AA3EB8203AB420746C0F0AF801DB10E
:105E0000009B002B00F0AA806368059306AA05A9F1
:105E10002046DDF814A0FFF75DFE064600283ED1BF
:105E2000BDF81830029A934206D06268059B9A42E8
:105E3000ECD1002D39D132E006A92046FFF70DFE46
:105E40000028F2D0BDF81A80BDF81C305DB39D4229
:105E50002BD1E36ADDF800B01B684FEA1A4A5B42B7
:105E60004FEA0A4A03F02003D0440393AA46DDF820
:105E70000C90D14528BFD1464B4608AA4146204642
:105E8000FFF779FD00284DD14A4608A9584606F08B
:105E9000A0FA50B9BAEB090AC844CB44E7D130465E
:105EA00011B0BDE8F08F002BF9D0002F3DD1B846DE
:105EB00004F1140A4FF0FF324FF0FF335046F8F769
:105EC000D5FF238A9E4243D0A168626808EB010394
:105ED0009A422FD3029BADF82030FF238DF8263055
:105EE000009AADF822102B462046ADF82450FFF75B
:105EF0003BFE29460746E06AFFF7A5FDA368034479
:105F0000A36057B908A8FFF795FD08A92046FFF739
:105F100064FE002814BF07462F465046F9F71EF8C6
:105F20003E46BCE7C1DC0646B9E7019B1F441FFAA9
:105F300087F8BDE72046ECF737FA07460028ECD192
:105F40002046FFF772FE07460028E6D10136B8E783
:105F50006FF01B07E1E76FF00C06A0E76FF0150686
:105F60009DE700231A46FFF72DBF2DE9FF471E4688
:105F7000837CBDF8309004460F469046002B4ED0EF
:105F8000C06A0821FFF75FFDE368A3EB4003B3425B
:105F900048D3D4F804A0CDF804A000254D455146BF
:105FA000DDF804A00BD96368534520D1BDF8083053
:105FB000BB421CD06FF0010004B0BDE8F08702AA1C
:105FC00001A92046FFF786FD0028F5D1BDF808306D
:105FD000BB4206D102A92046FFF73FFD08B10135BB
:105FE000ADB26268019B9A42D8D15146DEE7BDF856
:105FF0000C30002BDED0A945DCD8BDF80A00090C16
:10600000B3424FEA014128BF33460144424620468D
:10601000FFF7B1FC0028CFD1BDF80C00CCE76FF042
:106020000C00C9E76FF01500C6E713B50024009413
:10603000FFF79BFF02B010BD002908DB8068884293
:1060400005D9401A904234BF00200120704700203B
:106050007047704710B50B460446FFF7EDFF40B19F
:106060006168E068194483689B682BB1BDE8104003
:1060700018476FF0150010BD6FF05700FBE770B5C3
:106080004C680368A34201D2012070BD8A68224493
:10609000934201D30020F8E7D1E903254E69B542C8
:1060A00003D36FF00B038B61F4E71B1B42F8353011
:1060B0004368086902EBC00253600B6901330B614E
:1060C000E2E737B50C46C0B201A91546ECF702FB72
:1060D00000280CDB019850B121462A46ECF720FB42
:1060E00004460198FFF7B5FF204603B030BD6FF0BE
:1060F0001504F9E710F0700F08D100F07F0310F0DD
:10610000800F18BF1033012098407047002070475F
:106110002DE9F84306460F469046994604254B461E
:10612000424639463046F5F79FF910F10B0F044609
:1061300003D1F9F7F7FC013DF1D12046BDE8F88322
:106140000020ECF78FBE006840B150F8043C5B685B
:106150008B42A0F1040001D04068F5E77047006869
:1061600050B150F8043C5B685B689B788B42A0F1AF
:10617000040001D04068F3E7704730B5006888B18B
:1061800050F8043C5B681A6A1D7F04380023043A07
:10619000DCB2A54201D84068F1E7013312F8334080
:1061A0008C42F5D130BD08B5EDF730F828B1406824
:1061B00010F1100F14BF0020012008BD4B1CDBB2F2
:1061C0008170817680F82530C37600F8061C704710
:1061D00050E90231D0F89C0018470369002283F887
:1061E0004A207047036993F84A0050B193F8480079
:1061F00038B1D3F890209388918910695B1A9BB2CB
:10620000C01A70470369002283F84B207047036966
:1062100093F8490008B193F84B00704708B502465F
:10622000FFF7F5FF30B91046FFF7DCFF003818BF65
:10623000012008BD0120FCE70369C3E90012704793
:106240000229036908D004290BD001290ED1D3F803
:10625000943013600020704793F89B30C3F34003E1
:10626000F7E793F89B3003F00103F2E76FF0850046
:10627000704708B5402903693DD013D8102931D0A3
:1062800006D801291ED0082920D06FF0120008BDC1
:106290002029FAD193F89C1001F0FB01EAB141F0FA
:1062A00004011AE0B1F5807F2ED0B1F5007F34D023
:1062B0008029EAD193F89C1001F0EF016AB141F016
:1062C00010010AE0C3F894200020E0E793F89C1046
:1062D00001F0FE010AB141F0010183F89C10EDF7D5
:1062E0000DFAF1E793F89C1001F0FD01002AF4D0BB
:1062F00041F00201F1E793F89C1001F0F701002A48
:10630000EBD041F00801E8E793F89C1001F0DF01C1
:10631000002AE2D041F02001DFE793F89C1001F061
:10632000BF01002AD9D041F04001D6E770B5046919
:106330000546D4F88C00FFF7FBFA94F8A030064627
:10634000B3B1D4F88C209388918912695B1A9BB2FF
:10635000D31A3F2B0CD994F89E3033B16B681B6A6B
:106360002246187B0021EDF769FA002384F8A0305B
:10637000304670BD08B50122FFF7D8FF013818BFBD
:106380004FF0FF3008BD0269D2F8901088898B88E1
:1063900009691B1A9BB2994204BF002382F8483056
:1063A000D2F88C30D9885B89994204BF002382F8E7
:1063B0004930012070470020EDF708BB002211464C
:1063C000EDF7D2BA034610B508460AB100211160B4
:1063D00053B1D0B1411E11F8010F80B113F8014B38
:1063E000A04201D13D28F6D100200EE00133136018
:1063F0000AE03D2808D0B0FA80F0400905E018789E
:106400002F28F6D1002AF1D1012010BD10B509B115
:1064100000230B6058B103461A781C4601332AB199
:106420003D2A03D02F2AF7D101B10B60201A10BDED
:106430002DE9F341DDF82080019007460C46154612
:106440001E46B8F1000F07D0D8F8001081B9D8F86F
:1064500004E0BEF1000F14D101A93846EDF7FCFAB3
:1064600058B1C768019833462A462146B84704E028
:1064700001AAFFF7A7FF0028E9D1002002B0BDE87C
:10648000F081D8F80830019808932A46334621460F
:10649000F44602B0BDE8F04160470830704710B5DF
:1064A000134614460A4681880068FFF7BEFDA042E5
:1064B000A8BF204610BD2DE9F04F97B004460192C9
:1064C0009A46894600297CD0DAB1BAFA8AF676096A
:1064D000258F0135ADB2A84604F1080B6F1EBFB27F
:1064E000B7F5004F26D04A2303AA39465846FFF78E
:1064F0009CFD002807DA10F1020F08BFB8463D46A0
:10650000ECE70126E4E700F158030DEB030000235C
:1065100000F84C3C03A94846EAF7DAF80028EED127
:1065200026B339465846FFF71CFD002805DA17B098
:10653000BDE8F08FBEB30020F9E705F57F513F318C
:1065400089B25846FFF70DFD0028F0DB238FBB42D0
:10655000F1D12246013B22F8383F4FF4004102239B
:106560005846FFF72FFC00EAE070E0E7B846B8F5C0
:10657000404F29D0238F434504F1080515D308F572
:106580008041019A534689B22846FFF71BFC002838
:10659000CDDB002ECFD04846EAF7ACF84A4603469A
:1065A00041462846DDE70126E1E72246022322F89C
:1065B000388F4FF400412846FFF704FC0028DEDA4C
:1065C000B5E76FF01500B2E76FF00B00AFE773B5FA
:1065D000C36B03630446C3B100F108063046EBF712
:1065E0000FFF054670B902230DF106024FF400417A
:1065F0003046FFF71AFD0028ACBFBDF806304FF457
:1066000000432387284602B070BD6FF01205F9E7FA
:106610002DE9F0418768FB6804460D461646984709
:10662000BB682BB1324629462046BDE8F0411847E9
:106630006FF05700BDE8F08108B50020EBF75CFD76
:1066400005F0BFBE05F095BE01460068EDF798BCA9
:1066500008B5EDF7C5FCBDE80840EDF7E5BC002145
:106660000120EDF78DBC6FF08500704761B662B612
:1066700080F31188BFF36F8F704772B6002383F3E6
:106680001188BFF36F8FBFF34F8F30BF62B6BFF378
:106690006F8F704772B6002383F31188BFF36F8F3B
:1066A000BFF34F8F20BF80F31188BFF36F8F62B6A7
:1066B0007047202809D9B0F1004F08D80138B0FA46
:1066C00080F0C0F11F0040007047082070473E2056
:1066D000704708B5EEF7C2F9002008BD70470023E7
:1066E00003824369C3607047416A8968EEF716BA4E
:1066F000EFF31182402383F31288BFF36F8F0023DF
:106700000B60436833B9C0E9001182F31188BFF30D
:106710006F8F704719604160F7E710B50346EFF3DC
:106720001181402282F31288BFF36F8F006828B175
:106730005C6802681A60A04208BF5A6081F3118841
:10674000BFF36F8F10BD027A0132027270470346A9
:1067500018465B68002BFBD17047426810B52AB120
:106760000B461C465B68002BFBD16260416010BD8C
:1067700010B5044620B90B7A01330B72084610BDE0
:10678000034618465B68002BFBD1FFF7E6FF204667
:10679000F5E783680B440360704703680B60436848
:1067A0004B6083688B6070478388026819448180DE
:1067B000D018704730B484880568A31883802819DE
:1067C00030BC05F0D6BD10B5838802685C1C84809F
:1067D000D154D01810BD034600689A88401A11445D
:1067E0001860998070470268531E036083880133E4
:1067F000838002F8011C70478288521A0346828007
:106800000068084418607047034600689A88521A66
:1068100001449A801960704710B503681C78012103
:10682000FFF7EAFF204610BD10B503681C8802215F
:10683000FFF7E2FF204610BD02688068101A70471B
:106840008388C2888168D21A03685B1AD01A70479D
:1068500030B585B014460A888B78ADF8002005461F
:106860000D2200210DF103008DF8023005F0A9FD85
:106870006A466946284603F0D1FD28B9BDF80020D4
:106880009DF802302280A37005B030BD13B50C46D0
:1068900001AA0331FFF7DCFF48B9032201A9204612
:1068A00005F097FDB0FA80F0400902B010BD00205D
:1068B000FBE770B50D4600210446FFF7A7FD0D2844
:1068C00018D1237B302B13D0312B13D1012305F8A2
:1068D000063B04F10C062A4620460123022102341D
:1068E000FEF73FFEB44205F1FF35F4D1002070BD44
:1068F0000023ECE76FF01500F9E7EDF769B9002028
:10690000704710B50C46017822788A428AB00FD0C1
:106910006946EEF7CDFB05A92046EEF7C9FB10222C
:106920000DF115010DF1010005F053FD0AB010BD88
:10693000012A06D0022A07D072B940886388C01A9B
:10694000F4E740686368FAE71022611C01300AB07E
:10695000BDE8104005F03DBD6FF01500E6E7042AE4
:106960000AD0102A0DD0022A4FF0000315D103706F
:106970000B88438001207047012303700B6843603C
:10698000F8E7022300F8013B01F1100351F8042B52
:1069900040F8042B9942F9D1ECE7184670470123DF
:1069A00010B50621044600F8013BF7F7B1FB18B912
:1069B000A37963F03F03A37110BD0B6803608B885C
:1069C00083808B798371037823F00203037070470F
:1069D0000078C0F34000704738B50446807AEEF77F
:1069E00073F86169054649B1637ADB0704D4436AE9
:1069F0001B6820469B689847002363612146284610
:106A0000BDE8384004F0AFBA2DE9F04101F10C08BF
:106A10000C46054600F10C01404617461E46FFF79E
:106A2000BCFE4046FFF708FF012310FA87F068829A
:106A30006B722F8239464046FFF7DEFEE3687360D3
:106A4000628A0023E3607281638234602846BDE875
:106A5000F08138B5D1E90032DA600B684A895A8290
:106A60000C4605460868EEF7D7F8204610220021AC
:106A700005F0A7FC2846BDE83840FFF7ADBF438AC4
:106A800023B9C068B0FA80F0400970470020704711
:106A90007047D0F8A43083B15A7BD1070DD5D20608
:106AA0000DD51B7B102B14BF032304234372807A64
:106AB00098428CBF0020012070470223F6E7032391
:106AC000F4E70F2807D80D280BD8052808BF0320A6
:106AD00018BF02207047132803D01A2808BF0120CE
:106AE000F6E70120704710B50346BFF35B8F53E80C
:106AF000000F40EA010243E80024002CF7D1BFF365
:106B00005B8F10BD0B4601461878EEF775BB38B5A4
:106B1000C3681D78B3F8010065B90F21F0F732FAA8
:106B2000044638B12946F0F799F92046BDE83840C7
:106B3000F0F754B938BD08B5C3680121B3F80100B6
:106B4000F0F720FA18B1BDE80840F0F747B908BDE2
:106B500008B5C36801211888F0F714FA18B1BDE828
:106B60000840F0F73BB908BD01210C30FFF74CBEDF
:106B700038B5C5680121B5F80100F0F703FA0446FD
:106B800098B12B783BB9D5F80330C0F89930D5F8D7
:106B90000730C0F89D30201D4FF48031FFF7A3FF70
:106BA0002046BDE83840F0F719B938BD30B402EBE3
:106BB000C303044608469A4201D130BC70471146CF
:106BC00011F8085BA54206D1018A53789942F4D3A3
:106BD00030BC536818470A46EDE7BFF35B8F50E8B7
:106BE000003F0B4040E80032002AF8D1BFF35B8F32
:106BF000704710B5EFF766FC6FF480711030FFF747
:106C0000ECFF0020EEF764FB044648B13C2303731D
:106C10000021F0F723F92046BDE81040F0F7DEB878
:106C200010BDC0F307231070000E5370D070002306
:106C3000C1F30720090E9370137150719371D171D4
:106C400070472DE9F047D0F80C8098F80020012318
:106C500003EB8203028A934241D9BDE8F08708EB37
:106C600086030F21B3F80100B3F80370F0F78AF937
:106C7000044628B100F1C00947B92046F0F7AEF844
:106C8000013698F800309E42E9DBE6E76569002DA1
:106C9000F3D0A2692B686361954208BFA3612046C7
:106CA000F0F73AF8F8F7DCF9C5F800A0236A9BB9C9
:106CB000C4E90755BFF35B8F59E8003F013B49E842
:106CC0000032002AF8D1BFF35B8F00212046013F3C
:106CD000F0F72EF8BFB2CFE71D602562EAE7002685
:106CE000B246CEE773B5C5680121B5F80100F0F7EB
:106CF00049F90446002851D02B781A2B00F10406DC
:106D000019D1C378012B2DD14FF480413046FFF7C4
:106D1000EAFE42040FD4D4F88C3000936946D4F8CC
:106D2000943001932046F0F795FE204602B0BDE86E
:106D30007040F0F753B82B78A3B9B5F8033040F2A0
:106D4000E2425343C4F88830B5F80530A4F89030D7
:106D5000B5F80730A4F892306FF480513046FFF751
:106D60003CFF17E0BFF35B8F6368BFF35B8FDB040F
:106D7000F2D52B78202BEFD194F89830002BEBD064
:106D8000013B84F898304FF42032002304F1400096
:106D9000F8F7E8FB2046F0F7B9FAC6E702B070BD95
:106DA00010B5EFF78FFB6FF4807104461030FFF7DA
:106DB00014FF2046BDE8104000F0B5BBC368DB7887
:106DC000012B01D1FFF7ECBF7047C368DB78012BC3
:106DD00001D1FFF7E5BF70470020704710B5038869
:106DE0004288934219D8052B17D9B2F5486F14D8A9
:106DF0008388B3F5FA7F10D2C088A0F10A0189B266
:106E000040F67644A14208D801339BB25343B3EB1A
:106E1000800F34BF0120002010BD0020FCE738B5F2
:106E2000C3680F21B3F801001D78F0F7ABF80446F2
:106E300020B365B12846EEF783FC2946024620467A
:106E4000F0F724FB2046BDE83840EFF7C7BF837852
:106E5000012BEFD102F047FC2046FFF71AFE002875
:106E6000E8D10520EEF76CFC052102462046F0F73C
:106E70000DFB0521204600F02CFCE3E738BD70B582
:106E8000C6680F21B6F801003578F0F77BF80446A4
:106E900088B34DB12846EEF753FC294602462046FA
:106EA000F0F7F4FA204603E0F378C27A9A4203D16D
:106EB000BDE87040EFF792BF8278C372012A05D017
:106EC0000020EEF73DFC00210246E8E70BB102F09E
:106ED0000AFC2046FFF7DDFD0028F1D10520EEF782
:106EE0002FFC052102462046F0F7D0FA0521204666
:106EF00000F0EFFBD6E770BD6FF00B0070474FF46A
:106F00007070704708B5F3F753FD18B1C0890038A9
:106F100018BF012008BDF0B5C5682F8887B00121D2
:106F2000B8B2F0F72FF8064660B302ACD5F80220ED
:106F3000D5F8063001946989009102F06BFA18B314
:106F40004FF0FF304FF0FF31EEF7B0FB0546B0B128
:106F500012210C30FFF728FC0346224623F8027B5F
:106F600006AF144603CCBC4218605960224603F1B8
:106F70000803F6D1294642F21A00EEF703FC304628
:106F8000EFF72CFF07B0F0BD4FF0FF304FF0FF31AF
:106F9000EEF78CFB04460028F1D002210C30FFF7FD
:106FA00003FC2146078042F21B00E6E770B5064667
:106FB0000D464FF0FF304FF0FF31EEF777FB044600
:106FC00060B103210C30FFF7EFFB0680857021468E
:106FD00042F22100BDE87040EEF7D4BB70BD73B53E
:106FE000C368D9789A781E8842EA0122ADF8002059
:106FF00059791A7942EA0122ADF80220D9799A79B1
:1070000042EA0122ADF804201A7A5B7AB4B242EA6D
:10701000032301212046ADF80630EFF7B3FF054604
:1070200028B902212046FFF7C1FF02B070BD6946B2
:10703000F0F7C0F938B91E212046FFF7B7FF284600
:10704000EFF7CCFEF1E74FF0FF304FF0FF31EEF7F6
:107050002DFB04460028F2D00E210C30FFF7A4FBD4
:1070600000230680C0F80A30BDF800304380BDF828
:1070700002308380BDF80430C380BDF80630038140
:10708000214642F22000EEF77DFBD8E773B50646B5
:107090000D4601AA002142F22F00EEF70FFC044634
:1070A00048B90198C368B3F801203280B3F80330BF
:1070B0002B80EDF7B1FD204602B070BD70B50646DD
:1070C0000D464FF0FF304FF0FF31EEF7EFFA044678
:1070D00068B103210C30FFF767FB068085702146FD
:1070E0000022BDE8704040F20640EEF7E7BB6FF0CB
:1070F000680070BDC06803781BB13C2B03D1FFF75B
:1071000078BDEEF7FDBC704738B54FF0FF3105464E
:107110004FF0FF30EEF7CAFA044668B102210C3096
:10712000FFF742FB2B88038021460022BDE8384050
:1071300042F21600EEF7C2BB6FF0680038BDF8B53A
:1071400007460E464FF0FF304FF0FF311546EEF781
:10715000ADFA044678B106210C30FFF725FB3B88D9
:1071600003804680858021460022BDE8F84042F237
:107170002200EEF7A3BB6FF06800F8BD08B5002051
:107180000021EEF743FB18B1BDE80840EEF7F4BA72
:10719000BDE80840EFF754BF08B5072205F019F91C
:1071A000B0FA80F0400908BD0B6803608B888380CB
:1071B0008B7983717047BFF35B8F0068BFF35B8F80
:1071C0007047F8B50F46144638BB4FF0FF304FF00C
:1071D000FF31EEF76BFA054610B327210C30FFF7AD
:1071E000E3FA3946FFF7E0FF06462246C31D04F1E5
:1071F000100152F8040B43F8040B8A42F9D1102213
:10720000002106F1170005F0DCF829460022BDE850
:10721000F84042F22700EEF751BB6FF01500F8BDC1
:107220006FF06800FBE7037A5B07024605D501466D
:107230002A3211F8010BFFF7C4BF704738B54FF081
:10724000FF3105464FF0FF30EEF730FA044658B1F3
:1072500029460C30FFF7B7FA21460022BDE8384036
:1072600042F22D00EEF72ABB6FF0680038BD10B473
:1072700000F11003BFF35B8F53E8002F22F400519D
:1072800043E80014002CF7D1BFF35B8F930403D5C0
:1072900010BC012100F045B910BC704770B5044620
:1072A00086B00E4601300131FFF776FF2A341622F0
:1072B00000210546684605F084F8102269462046FC
:1072C00005F087F840B1102206F12A01204605F0AA
:1072D00080F8002808BF0125284606B070BD38B5E3
:1072E0004B6805460C4673B90B7A13B9037A5B07F2
:1072F00009D520682A7803789A4204D02946FFF7F6
:10730000CDFF00B1656038BD00F1100208B503463D
:107310001046FFF750FFC10511D5BFF35B8F52E850
:10732000000F40F4005042E800010029F7D1BFF3FC
:107330005B8F18460021BDE8084000F0F2B808BD98
:1073400010B50C4630B919B1F3F7F0FA00B1441C8E
:10735000204610BD0024FBE718B111B10846EEF736
:107360003FBD6FF01500704713B5044680B106218C
:107370006846F6F7CDFE48B99DF80530694603F03A
:107380003F0320468DF80530FFF7E6FF02B010BD41
:107390006FF01500FAE7003818BF01207047037A34
:1073A000D90704D523F001030372EEF785BD9907D1
:1073B00004D523F002030372EEF708BE70470020E5
:1073C0007047034610F4004F0CBF07200620DA0375
:1073D00048BF00F005009B0348BF00F0FB0070476A
:1073E000BFF35B8F0068BFF35B8F70472DE9F74FEA
:1073F0008A4601904FF0FF314FF0FF30EEF756F91B
:107400000446002849D020210C30FFF7CDF9202276
:10741000002180464FF0000904F0D3FFDAF8007035
:1074200008F1010B4D46DAF80420914509D3019883
:1074300088F800500022214603B0BDE8F04FEEF777
:107440003DBA7A7897F800C0A81C81181F2908D97E
:10745000BCF1090FC0F11F0217D1002A15DD4FF052
:10746000080CD6B2711C0BF80510691CC9B20236A3
:107470000BF801C079685BFA80F02E4404F079FFC4
:10748000F5B209F101090837CDE72046EDF7C4FB55
:107490006FF0150003B0BDE8F08F6FF06800F9E7FA
:1074A000012303FA01F15AB1BFF35B8F50E8003FAB
:1074B0000B4340E80032002AF8D1BFF35B8F7047DE
:1074C000C943BFF35B8F50E8003F0B4040E80032F8
:1074D000002AF2D0F7E770B5064686B00D464FF0A9
:1074E000FF304FF0FF31EEF7E1F80446B0B10C3059
:1074F00095B10121FFF767F906F1100203A92046B3
:1075000000950823EEF7C0F80022214642F20A0057
:10751000EEF7D4F906B070BD2946EBE76FF06800CE
:10752000F8E7FFF7D8BF183003F007BEEFF7F4B85D
:107530000368D90444BF43F48063036003689A047A
:1075400044BF43F400630360704701F12003013836
:1075500013F8012D00F8012F8B42F9D17047002359
:107560000B60436813B9C0E90011704719604160AE
:107570007047D0F8B400003818BF012070470846A3
:1075800089691160C2691A60C27A0021183004F05A
:1075900018BF10B50346BFF35B8F53E8000F40EAF6
:1075A000010243E80024002CF7D1BFF35B8F10BD2C
:1075B0002438EFF781BB036800220BB918467047E7
:1075C0008B4210D10B6842B942680360914200D1EE
:1075D000436000230B6001207047136043689942A9
:1075E00008BF4260F5E71A461B68E6E710B5044697
:1075F000006918B1EDF710FB0023236110BD70B5D1
:1076000016460D4601210446EFF792FB012E17D0D6
:10761000022E17D1236913B12046FFF7E7FF25613A
:1076200021690A8A012A37D9CB681B8804339BB2A7
:107630009A4231D328D92046BDE87040FFF7D6BF23
:10764000206918B92046FFF7D1FF01E02E8A26B93C
:107650002846BDE87040EDF7DFBA0C30FFF7F0F8D0
:10766000864207D921690022204600F06AFA0023E9
:107670002361EDE720692A8AE9680C30FFF79AF860
:107680002846EDF7C9FACBE7002323612046012203
:10769000BDE8704000F055BA70BD10B5BFF35B8F08
:1076A000D0F8C830BFF35B8F00F1C8027BB1BFF3E5
:1076B0005B8F591C52E8004F9C4204D142E8001CE9
:1076C000BCF1000FF6D1BFF35B8FE7D110BD1846B8
:1076D000FCE710B5437B023B0446062B16D8DFE8D7
:1076E00003F009041515150B09000173002120464C
:1076F000EFF7B4FB002010BD0088FFF7DFFC002887
:10770000F9D1637B072BF5D10821F0E76FF07F00FB
:10771000F1E710B50446D0F8A40028B9207A04F1A6
:107720007001F3F745F938B1E278C3892AB913F04B
:10773000210F14BF0120002010BD13F0240FF8E723
:107740008278012A034606D1C07A28B1D3F8A40072
:1077500010B1007B70470020704738B58378012B4B
:10776000044629D1437B072B29D10B0601F07F0565
:107770000BD54FF400410430FFF70BFFA5722046F4
:10778000F2F774FDA8B9002038BD437AAB42FAD2B3
:10779000837AAB42F7D2BFF35B8F031D53E8001F20
:1077A00021F4004143E80012002AF7D1BFF35B8FB8
:1077B000E4E7637AA372E7E76FF01500E4E76FF0A0
:1077C0007F00E1E78378012B0CBF407A00207047EF
:1077D00038B5037A8B420446154615D100F1700185
:1077E0000722284604F0F5FD80B1E378072243B96B
:1077F00004F17E01284604F0ECFDB0FA80F0400967
:1078000038BD04F17701F5E70020F9E70120F7E73B
:1078100008B5EFF78FFE10B1EFF7E0FA012008BDD1
:107820008378012B0CBF703000207047F8B50746F5
:107830000D464FF0FF304FF0FF31EDF737FF0646B2
:10784000D0B10E210C30FEF7AFFF0E22044600210E
:1078500004F0B7FD3B8823802B8863806B88A3806E
:10786000AB88E380EB88238131460022BDE8F840F5
:1078700042F21300EEF722B86FF06800F8BD70B561
:107880008478012C0A4621D1BFF35B8F4568BFF392
:107890005B8FC5F3C0242D0500F1040603D5BDE8B8
:1078A0007040EFF7EBBE0988A0F88C105188A0F863
:1078B0008E109188A0F89410D288A0F896204FF4EA
:1078C00000513046FFF765FE204670BD6FF0150091
:1078D000FBE7704710B50446F8F7D4F8234653F891
:1078E000482BD2F8B41061B9A164D2F8B81061B9CC
:1078F000C2E92D33F8F7DAF82068BDE81040EFF759
:1079000089BA8B42F6D00968EDE70B60C2F8B8304F
:10791000F0E703682BB141681A6802608B4208BF28
:107920004260704770472DE9F843446B002C55D0F6
:1079300054F8085905B1083D002701E02C461D46C2
:10794000D4E900682EB3F8F79DF8D6F8B43004F106
:107950004801002263B1994232D1A36C42BBD6F8F0
:10796000B820C6F8B430914201D1C6F8B830A76447
:10797000F8F79CF804F13009002200234846F7F795
:107980003DFB0646F8B9D8F804300BB120469847BD
:107990002760E3680BB120469847D8F820300BB138
:1079A00020469847D5B1AB68002BC7D0083BC5E748
:1079B0001360D6F8B830994208BFC6F8B820D6E7A9
:1079C0001A461B68C6E7B36923B1F16920686FF0F6
:1079D0006D0298473046EDF71FF9CDE7BDE8F88313
:1079E00038B5436B0D46BBB1184650F8084904B191
:1079F000083C53F8043C9B680BB1294698475CB19E
:107A00002046A468436824B19B68083C002BF4D14D
:107A1000F6E79B68002BF0D138BDF8B50E46002183
:107A20000746154600234FF480320846EFF734FF2F
:107A3000044630B104210C30FEF7B6FE07704670E4
:107A400045802046F8BD70B505460068B8B1407B5A
:107A5000072814D1002A0E7A14BF02200120864282
:107A600010DCC87A07280DD98A61CB6105F1300096
:107A700003F06EFA2846FFF72DFF002070BD6FF06F
:107A80007F00FBE76FF01500F8E7406B30B1838BA8
:107A90008B42A0F1080001D08068F7E7704710B56D
:107AA0004AB989B2FFF7F1FF28B143689B6913B166
:107AB000BDE81040184710BD38B50D460521FFF749
:107AC000E4FF00231A462946FFF7BDFF044610B124
:107AD0002846EDF7A1F8204638BD38B50B8A032BB0
:107AE00005460C4621D9042104F10C00FEF78CFE5A
:107AF000238A42889A4218D14178B1B10378012B88
:107B000013D0132B11D0022201202D68FFF785FF1F
:107B1000044650B102210C30FEF746FE00230370EC
:107B2000437021462846FFF7C7FF002038BD406B51
:107B300030B183898B42A0F1080001D08068F7E75B
:107B4000704738B50B8A032B05460C4604D82046EF
:107B5000BDE83840EDF760B8042104F10C00FEF7F1
:107B600053FE41882846FFF7E2FF0028EFD0436824
:107B700021465B699847EAE770470346006828B1E9
:107B8000596802681A60884208BF5A607047034605
:107B9000002003B970471A8A5B681044F9E710B5F2
:107BA000D4682378023113B92170012010BD8B42B3
:107BB000FBD0038A023B038200201061F6E773B515
:107BC0001446014605464FF49572206801F092F87C
:107BD000207530B92068294601F0CCF920B9082376
:107BE0002375002002B070BD237AB3B1A3F118024F
:107BF000534253419B000193638A0093AE68238AEA
:107C0000E26820682946B047002808DB238A8342BF
:107C10000CD1002323750120E4E70223EBE710F1E8
:107C2000FF0F03D34042C0B22075DAE70E20FBE716
:107C30001FB5CDE90123002300931A46F1F70EFA90
:107C400005B05DF804FB2DE9F04F91B01668804651
:107C50000F46002542F601030068D6F804908DF81F
:107C60002C500BA91446ADF82E30FEF74AFE002822
:107C700000F089804FF42053D8F800008DF82C5084
:107C80000BA9ADF82E30FEF73CFE38B1A3681BB14E
:107C90005A88BA4200D25F8001200EE0616808462F
:107CA000FFF775FF728B738D9A4294BFC0EB020091
:107CB000C0EB0300032803D8002011B0BDE8F08F0B
:107CC0000846FEF744FD05466068FFF760FF728DC9
:107CD000738B05F10C0B9A4294BFC0EB020AC0EB08
:107CE000030A5846FEF7ACFD824544D26068FFF7B0
:107CF0004EFF728D738B9A4294BFC0EB0200C0EBB3
:107D0000030070B96368987AECF7DEFE0022002366
:107D1000FEF7EAFC05460028CED001466068FEF773
:107D200027FD00230093D8F80460102302AA4146DF
:107D30004846B047061E26DB227CE068B2421ED0D1
:107D400001460BA8FEF70BFEE8B1F2B202A906A8A5
:107D5000FEF705FEB8B106A90BA8FEF7D2FD90B953
:107D600000236374042105F10C00FEF71DFDA060E3
:107D70000780A3688FE75846FEF762FDC1E702A9B6
:107D800004F027FBEBE70023A36085E7F8B59368D1
:107D9000166805460F46144663B9506801210C3039
:107DA000FEF702FDA0602B681B78002B14BF022396
:107DB00001230370A3681B78012B03D0022B1FD073
:107DC00000201CE02B681B78002BF9D1606804218F
:107DD0000C30FEF7E9FCE06007802A68E36852880F
:107DE0005A806168728D738B088A9A4294BFC0EB87
:107DF0000200C0EB0300042894BF00200120F8BD5E
:107E00002B681B78022BDBD1606812210C30FEF747
:107E1000CBFCE06007802B68E268591C023211330A
:107E200051F8040B42F8040B9942F9D16168728D44
:107E3000738B088A9A4294BFC0EB0200C0EB030028
:107E40001228D9E770B405686A6A52B3136803B19F
:107E5000A83BA2F1A8040022114600E0A83B8442FE
:107E600007D0668D648BB14238BF3146A24238BF1D
:107E700022461C462BB1D3F8A830002BEED1844209
:107E8000EFD1438D408B8B4201D890420BD9824277
:107E900038BF02469942286838BF194670BCF1F7CE
:107EA00073BD1146EDE770BC7047D06803780431AC
:107EB00013B90170012070478B42FBD091680B8A87
:107EC0000020043B0B82106170472DE9F04F0446FF
:107ED00085B0104690469946FFF759FE638B628D38
:107EE000934228BF134683428B4640F293806368D7
:107EF00003934046FEF72BFC4FF0000A064640462F
:107F0000FFF745FE628B638D06F10C079A4294BF22
:107F1000C0EB0205C0EB03053846FEF791FC854235
:107F200017D24046FFF733FE628B638D9A4294BFAF
:107F3000C0EB0205C0EB03058DBB98F80A00ECF717
:107F4000C3FD00220023FEF7CFFB064630B957469B
:107F500036E03846FEF774FC0546EDE7014640463C
:107F6000FEF706FC4046FFF712FE628D638B06F1BA
:107F70000C079A4294BFC0EB0205C0EB03053846DC
:107F8000FEF75EFC85421FD24046FFF700FE628D81
:107F9000638B9A4294BFC0EB0205C0EB0305F16806
:107FA000328ACDF80090DBF8047003980A44ABB233
:107FB0005946B847071E0CDABAF1000F18BF5746EA
:107FC000384605B0BDE8F08F3846FEF739FC054667
:107FD000E5E70E9BB3B9394606F10C00FEF7E4FB6A
:107FE0004046FFF7D4FD638D628B934228BF134652
:107FF000B9448342BA441FFA89F9A8D9AF423FF481
:108000007EAFA4E70F9A0E9B39463046984700286A
:10801000E1D19CE70027D3E70368002203B970474A
:108020008B420FD10B683AB942680360914200D18C
:10803000436000230B60704713604368994208BF98
:108040004260F6E71A461B68E8E7BFF35B8F50E82B
:10805000003F43F0080240E800210029F7D1BFF3B8
:108060005B8FC3F3C00070472DE9F3411768D7F861
:1080700004800023144613730146064695224046A9
:1080800000F038FE0546207330B93146404600F016
:108090006FFF28B908232373002002B0BDE8F081E8
:1080A000CDE900553146A388A2683846FFF70DFF99
:1080B000002807DA10F1FF0F26BF4042C0B20E20A1
:1080C0002073E9E70120E8E72DE9F3411768D7F8C5
:1080D0000480002314461373014606469522404649
:1080E00000F008FE0546207330B93146404600F0E6
:1080F0003FFF28B908232373002002B0BDE8F081B8
:10810000A068798B7A8D038A914294BFC3EB0103F7
:10811000C3EB0203012BEFDD02210C30FEF744FB21
:10812000CDE900558046A388A26831463846FFF75E
:10813000CCFE031E06DA13F1FF0F26BF5B42DBB253
:108140000E23D8E7A8F800300120D6E708B5437B16
:10815000072B01D0002008BD0421FFF7E8FC002810
:10816000F8D0BFF35B8F036DBFF35B8FDB07F1D5F7
:1081700050F8040CEFE72DE9F04104468868FFF75A
:1081800006FD638B628D934228BF134683420D46E2
:108190001DD3A165D1F8088000278F60F7F772FC26
:1081A00041462046EFF7AAFE064638B1C5F80880DA
:1081B000A765F7F77BFC3046BDE8F081618D638BE6
:1081C000994228BF1946284600F0D1FEF1E76FF02A
:1081D0007906F0E738B5BFF35B8F0B68BFF35B8FB1
:1081E000DB07054616D550F8040C98B16B6D8BB9BA
:1081F0000430FFF7C2FC044660B10146281FFFF7B8
:10820000BAFF38B155F8043C5A6822609A685C603D
:1082100002B99C6038BD2DE9F041446A074634B389
:1082200054F8A86906B1A83E00231D4607F10408CA
:1082300001E034461646A26D92B905B983B94046AD
:10824000FFF79BFC054650B101462046FFF793FF20
:1082500068B17B682B60BB687D6003B9BD60234655
:108260002EB1D6F8A820002AE3D0A83AE1E7BDE86D
:10827000F08170B504460E46002200230846F6F74A
:10828000BDFE054658B101462046EFF737FE0446CD
:1082900018B12946304602F066FE204670BD6FF0E8
:1082A0000104FAE7F8B50546071F00F1500350F83E
:1082B000044CBFF35B8F53E8001F21F0040143E837
:1082C0000012002AF7D1BFF35B8FFCB16B6D83B94D
:1082D000636873B1201DFFF750FC0646014638461F
:1082E000FFF749FF90B163683360A368666003B924
:1082F000A66005F158013846FFF7BBFF30B104F125
:108300000C013846BDE8F840FFF7B3BFF8BD38B5FB
:1083100004460D46EFF7F2FD30B1294604F15C004A
:10832000BDE8384002F014BE38BD2DE9F041884662
:1083300017460121042205461E46EFF7EDFB0446D1
:1083400070B104210C30FEF72FFA80F80080A0F8FD
:108350000170C67021462846BDE8F041FFF7D7BF3F
:10836000BDE8F08107B5CA681388528800920C21D5
:108370000D22EFF7E1FF03B05DF804FB07B5CB6812
:1083800000221B8800920A210B22EFF7D5FF03B0D1
:108390005DF804FB2DE9F041CB681F88BBB2162BBA
:1083A00005461BD90321EFF707FC0646C0B10221A1
:1083B0000C30FEF7F9F900244FF0410880F80080F6
:1083C000447031462846FFF7A2FF2846A5F81A80D8
:1083D0006F85FFF737FD2046BDE8F0810420FBE7FD
:1083E0000E20F9E737B50C46054601F10C00FEF703
:1083F0001BFA228A0192E26800920346132212219C
:108400002846F0F701F903B030BD37B50C460546F4
:1084100001F10C00FEF708FA228A0192E26800924C
:108420000022034611462846F0F7EEF803B030BDAF
:1084300070B50E461546FFF789FE78B1436A6BB1F9
:10844000184650F8A83903B1A83B691C428D448BEB
:10845000A24228BF2246914202D93BB9002070BDFA
:108460002A463146BDE87040EFF756BBD3F8A84026
:1084700004B1A83C18462346E8E7F0F76FBD0A8A26
:10848000C9680023F0F75EB970B5054650F8043CA2
:1084900055F804690446002B32D031B1436D7BB3EB
:1084A0001B7CDA072CD505231DE03046F1F78CFA4A
:1084B000737A012B24D0646D14B3237CDB071FD5A2
:1084C000E368002BEFD06269617C2846EFF724FB5C
:1084D000064638B1D4E90512E368984750B13046F2
:1084E000ECF79AFB0E23002228461146BDE87040A7
:1084F000F0F728B931462846EFF700FD0028EED105
:1085000070BD30B5054689B055F8043B044618687F
:10851000FFF786F96946EFF793FB2846F0F74CF929
:1085200060681321FFF7D5F809B030BD10B50446D7
:1085300088B054F8783D1868FFF772F96946EFF78C
:108540007FFB2046FFF7DDFF08B010BD70B50E467B
:10855000FFF7FCFD044628B93046ECF75DFB6FF0F1
:108560007F0070BD00F10C052846314602F0F0FC9A
:10857000606A38B150F8A84904B1A83C2946FFF711
:1085800078FE20B90020ECE71C466FF00100002CBB
:10859000F8D0D4F8A83023B90230F5D020461C46D4
:1085A000ECE7A83BF8E738B505460C46F7F76AFA5A
:1085B0002846FFF7CBFD20B9F7F778FA6FF07F0078
:1085C00038BD0023236083683BB9C0E90144FFF74D
:1085D00022FEF7F76BFA0020F2E71C608460F6E7F2
:1085E0000120704708B5FFF7B1FD98B1436A8BB120
:1085F000BFF35B8FA83B03F1540252E8000F20F059
:10860000080042E800010029F7D1BFF35B8FD3F8DF
:10861000A830ECE708BD08B50421FFF788FA30B1AF
:10862000BFF35B8F006DBFF35B8FC0F3C00008BD6D
:1086300010600020704710B5029CA36833B1B1F5FB
:10864000807F28BF0E21CAB221469847A37DE268E9
:10865000013BDBB2A37522B11BB92046BDE8104037
:10866000104710BD106091800020704700207047B7
:1086700008B5072203F0ADFEB0FA80F0400908BD4E
:1086800010B503789342044607D10130FFF7F0FF9D
:10869000002814BF2046002010BD0020FCE710B5C4
:1086A0000346BFF35B8F53E8000F40EA010243E843
:1086B0000024002CF7D1BFF35B8F10BD10B503462B
:1086C000BFF35B8F53E8000F00EA010243E8002488
:1086D000002CF7D1BFF35B8F10BD0B6803608B8854
:1086E00083808B7983717047BFF35B8F0068BFF322
:1086F0005B8F704770B50D46064611F8010BEEF71B
:1087000019FF044610B12C89EEF768FB6B89A34270
:1087100007D0EB686C8123B121463046BDE870403C
:10872000184770BD38B5BDF81040A24215460CD8A8
:108730004CB16BB1A21A8A42A8BF0A4694B2224633
:10874000591903F016FE204638BD6FF00600FBE70E
:108750006FF00D00F8E730B585B0C96814461D46C6
:10876000F0F7A2F900B10089ADF80E0002230093E2
:10877000BDF820200DF10E0329462046FFF7D2FF59
:1087800005B030BD1FB50C461946E3681C7810468D
:10879000BDF818203CB110240133069404B0BDE8A4
:1087A0001040FFF7BFBF5B88ADF80E300223009387
:1087B0000DF10E03FFF7B6FF04B010BD30B585B064
:1087C0001D46002314468DF80C30F0F73FF910B128
:1087D000037A8DF80C3001230093BDF8202003AB01
:1087E00029462046FFF79EFF05B030BD2DE9F04138
:1087F00014461D46BDF81870ECF7BAFF0646E7F7B9
:1088000079FF80B2069033463A4629462046BDE8B5
:10881000F041FFF787BF30B585B014461D46FEF71F
:108820006EFB0223ADF80E000093BDF820200DF181
:108830000E0329462046FFF775FF05B030BD1FB572
:10884000194610464FF0C8734FF00C12CDE90223C1
:1088500008230093BDF818206B44FFF763FF05B0B1
:108860005DF804FB10B5F0F76BF8044640B1014623
:1088700011F8010BECF75AFB002323606360A3603F
:10888000002010BD70B500F1700605463146007A33
:10889000FEF738FB04463146287A1CB1BDE870402B
:1088A000FFF7E0BFF0F74CF810B10460446084605B
:1088B00070BD022A10B508D1002300F170011A46DC
:1088C000007AF0F745F9022010BDFFF7DBFFFAE769
:1088D00037B504460D46EFF7F1FF024688B1037A3B
:1088E0008DF804300C30FFF7FFFE00F001008DF82A
:1088F0000500022301AA29462046ECF71FFB03B01E
:1089000030BD0346F7E7F0B507683D7889B0064605
:10891000144635BB7B88B3F5245F04D01BD8A3F580
:108920002053032B1DD8ADF80A1002220DF10A01C5
:10893000204603F0E0F848B97B88ADF80A300222FF
:108940000DF10A01204603F0D6F870B16FF0150260
:10895000C4F85C2106E003F55643FF339BB2042BB9
:1089600012D90125284609B0F0BD009003AA776806
:1089700013233146B847021EEADB03A9204603F061
:10898000BAF80028EDD0E1E7ADF80A1002220DF1A7
:108990000A01204603F0AFF80028D7D17B88ADF854
:1089A0000A3002220DF10A01E8E708B50C3029B1BE
:1089B0000121FFF774FEC043084008BD6FF00101BC
:1089C000FFF77CFE00F00100F7E710B50446FFF763
:1089D000ECFF38B121460122BDE8104011F8010B2F
:1089E000F0F776B810BD2DE9F0411F46BDF81830FC
:1089F000012B064690462DD83B44012B3D462CDCEE
:108A0000F0F724F8044618B9F0F720F8044638B314
:108A100097B1217A98F80020002321FA03F0C707C4
:108A200003D522FA03F0C0071DD50133032BF4D17F
:108A300002F007021143217206F17001601CFFF77A
:108A40004CFE337A237001212046FFF7BEFF2846F3
:108A5000BDE8F0816FF00605F9E76FF00C05F6E769
:108A60006FF01005F3E76FF01205F0E770B50446FC
:108A70001546FFF7B5FD48B12046EFF7E7FF28B1EF
:108A8000037ADB0702D50121FFF79FFF85B9207A22
:108A900004F17001EFF754FF024648B101468560CA
:108AA000BDE8704011F8010B04230832ECF730BA2E
:108AB00070BD2DE9FF41884616461F46044628B979
:108AC0006FF01505284604B0BDE8F08102A9FDF756
:108AD000F0FE05460028F3D101A92046FDF796FCDB
:108AE0000198D0B902A90020EFF7E8FE044648B982
:108AF000EFF7ACFF044678B3002300F8013B02A96E
:108B0000FFF7EBFDB8F1000F22D00222694638468C
:108B1000B047002808DA0546D4E70A222946FBF7C1
:108B200095FE0028DED0CBE79DF8003023720228A6
:108B300004D000212046FFF748FFC3E79DF801104D
:108B40000129F6D801F001012046FFF72EFFB9E711
:108B50002046F0F7C1F8B5E76FF00B05B2E738B57E
:108B6000BDF81010BDF81840059DA14210461A46E8
:108B70000CD84CB16DB1631A9A42A8BF1A4694B290
:108B80002246294403F0F5FB204638BD6FF006006D
:108B9000FBE76FF00D00F8E713B5044610B90020AD
:108BA00002B010BD00238DF80430006842F60303C4
:108BB00001A9ADF80630FDF7A4FE0028EFD1E36867
:108BC00098880028ECD12046F0F718FA013080B2DE
:108BD000E6E770B5CC6888B008461E46A3798DF8E4
:108BE0000C301546FFF7D8FFADF80D002468237848
:108BF0006BB96388ADF80F3005230093BDF83020C2
:108C000003AB31462846FFF78DFD08B070BD631CED
:108C10000DF10F02113453F8041B42F8041BA34258
:108C2000F9D11323E9E71FB5CDE901230023009310
:108C30001A46F0F713FA05B05DF804FBF0F7FCBA3A
:108C400038B5044659B100F170052946007AF0F7AD
:108C500089FB207A2946BDE83840FFF739BE38BD88
:108C6000F8B506460F46EFF749FE3946044630464A
:108C7000FEF748F968B364B304F108056FF0010129
:108C80002846FFF71BFDC20703D539463046F0F7EB
:108C900069FB6FF002012846FFF710FD830703D53B
:108CA00039463046FFF714FE2846FFF71DFD80B910
:108CB000234603F8010BC4F80100C3F80300BFF317
:108CC0005B8F55E8003F45E80002002AF9D1BFF369
:108CD0005B8FF8BD10B50446A0F1170110F8180C11
:108CE000FFF7BEFF14F80C0CA4F10B01BDE8104017
:108CF000FFF7B6BF38B54C8AD3070546C4F30E0458
:108D000004D514F0950F2AD04B6843B3900704D5CF
:108D100014F4957F25D08B681BB3144014F4DE7FC8
:108D20000DD0EB7A2BB92846FEF7F3FCD8B9052015
:108D300038BD14F0300F04D114F4C07F07D10020E7
:108D4000F6E72846FEF73EFD0228F5D8EFE7D5F80E
:108D5000A430002BEBD05B7BDB06E8D5EFE70220ED
:108D6000E6E70320E4E70F20E2E72DE9F041437B4B
:108D7000072B86B005460C46174640F0848000233A
:108D80008DF81430206842F6030305A9ADF81630BB
:108D9000FDF7B7FD90B96668002E74D000900123EE
:108DA00004AA2146B04701286DD19DF8103013F078
:108DB000300F68D02046F0F721FB044600232068DE
:108DC0008DF8143005A942F60213ADF81630FDF700
:108DD00098FD18B12046F0F711FB0446002642F634
:108DE000021820688DF8086002A9ADF80A80FDF726
:108DF00088FDF0B9002320688DF8143005A942F6EB
:108E00000213ADF81630FDF77CFD00283BD16668F3
:108E1000002E38D00090022305AA21462846B047EC
:108E2000022830D1BDF814301F4214BF01200020A9
:108E30002AE020688DF80C6042F6030303A9ADF820
:108E40000E30FDF75EFD0028D4D020688DF810604C
:108E50004FF4205304A9ADF81230FDF752FD00285D
:108E6000C8D020688DF8146042F6010305A9ADF85A
:108E70001630FDF746FD0028BCD02046F0F7BEFABC
:108E800004460028ADD1002006B0BDE8F081F8B559
:108E900014460F46942261680646FFF72BFF20BB5D
:108EA000616801223046FFF760FF08B3A2891B21E9
:108EB00002323046FFF7BCFA0546E0B1A1890C301A
:108EC0000231FDF771FC20F8027BA289A16803F052
:108ED00050FAD4E9041228460123EFF7D1FC2946C1
:108EE0003046BDE8F840FFF731BB4FF0FF30F8BD2A
:108EF0006FF01500FBE76FF00B00F8E72DE9F0418C
:108F000005468846EFF7A2FD0446E0B1037ADB0789
:108F100019D500F10C073846FFF7E6FB10F0010603
:108F200011D1B8F1000F0FD06FF002013846FFF7F2
:108F3000C5FB10F0020F284609D0FFF753FB0121B3
:108F40002046FFF742FD01263046BDE8F081FFF7DD
:108F500047FB0028F8D02846FFF75DFB0028F3D038
:108F60006FF002013846FFF7A9FB2846E5E7704796
:108F700001207047012070470720704708B506217F
:108F8000FEF7D5FD00B1EC3808BDBFF35B8F00687C
:108F9000BFF35B8F084100F00100704738B50A4607
:108FA000034609B9012038BDC88910F0240FF9D053
:108FB000197D5D7B147BA94228BF29468C4201D9CB
:108FC0000020F0E7840608D4507B197AC0070BD440
:108FD000187A003818BF0120E5E70521181DFFF7B2
:108FE000D4FF0028F0D1EBE70029E9D00521181DB6
:108FF000FFF7CBFF18B9197A01390129E0D9527B63
:10900000D207CFD4E4E701238B40DB43BFF35B8F70
:1090100050E8002F1A4040E800210029F8D1BFF3A2
:109020005B8F704707207047002370B51A460446CF
:10903000EC300D46FEF707FD20B12846BDE8704034
:10904000EBF7EABD04F5A0704FF47022BDE8704064
:109050000023F6F7BBBA01238B40BFF35B8F50E8C8
:10906000002F1A4340E800210029F8D1BFF35B8F9D
:10907000704708B50E21FFF7EEFF002008BD38B598
:1090800005460B4604300D21FFF77FFFA0B1DC68D9
:10909000D5F8EC300220197A03F1700200F0ABFB36
:1090A00080B1224600F12A0304F1100152F8040BAA
:1090B00043F8040B8A42F9D128460921FFF7CBFF78
:1090C000002038BD0820FCE770B5051D0E46284677
:1090D0000421FFF75AFF68B100220021002308464F
:1090E000EEF7DAFB044640B904212846FFF7B3FF48
:1090F000204670BD4FF47022EFE701210C30FDF7E0
:1091000053FB0670F4E738B504210446FFF7DCFF93
:10911000054698B110210C30FDF746FB04F12703FA
:1091200004F1370253F8041B40F8041B9342F9D1B1
:1091300020462946FFF778FF002038BD0820FCE7CD
:109140002DE9F04790B004460CAD102200212846CE
:1091500003F037F9237A052B1ED8DFE803F0060366
:1091600003061D21D4F8D8300C93D4F8EC3004F168
:10917000470204F1C707CDE9017204F1370803F192
:109180007E0204F12709009277334A46414604F1F2
:109190009700F1F71FFC98B1082010B0BDE8F087E8
:1091A000D4F8E430002BE0D02E4603F11007186805
:1091B0005968324603C20833BB421646F7D1D4E79A
:1091C000D4F8EC3003F177027E3308AE019304F15A
:1091D00011030292009303962B46424649463846B5
:1091E00000F0CAFB0028D7D1237A052B0FD1D4F881
:1091F000E010002948D00B46AC4601F1100E18686B
:109200005968624603C2083373459446F7D1D4F8CF
:10921000EC3003F17E0277330DF1100A019304F173
:109220000A0302920093CDF80CA02B464A46414611
:10923000384600F0A1FB0028AED11022514604F1BF
:10924000B70003F0C6F820BB0D212046FFF73CFF16
:1092500007460028A0D010210C30FDF7A5FA3246B1
:109260000346164603CEAE4218605960324603F1FB
:109270000803F6D139462046FFF7D6FE201D01210E
:10928000FFF7E9FE002088E71022284603F099F84E
:10929000BDE70B2081E770B5D0F8EC30DB78012B0F
:1092A000044619D1CD68061D10213046FFF7ABFEEC
:1092B0002B4604F1B70205F1100153F8040B42F8F4
:1092C000040B8B42F9D107213046FFF75EFE28B12F
:1092D00009213046FFF7BFFE002070BD0A2130464D
:1092E000FFF753FE0028F3D12046BDE87040FFF79A
:1092F00027BF70B5061DCD6804460B213046FFF729
:1093000082FE2B4604F1170205F1100153F8040BFD
:1093100042F8040B8B42F9D1237A012B09D0022B9E
:1093200013D120460421FFF796FEBDE87040F0F708
:109330000BBD0A213046FFF728FE0028F1D0304649
:109340000021FFF788FE002070BD0820FCE7072001
:109350007047072070470720704730B5012303FA94
:1093600001F1CA43BFF35B8F50E8003F03EA0204F8
:1093700040E80045002DF7D1BFF35B8F194214BFC1
:109380000120002030BD38B50446031D0025BFF381
:109390005B8F53E8002F43E800510029F9D1BFF358
:1093A0005B8F04F5A07001F0C8FE2572BFF35B8FE0
:1093B00054E8003F44E80052002AF9D1BFF35B8F24
:1093C00020460121BDE83840FFF745BE70B500F1E9
:1093D000700605460C4607220968304602F0F9FF80
:1093E000B8B963681A682A679A88A5F874209B79C7
:1093F00085F87630D5F8A4305BB1A268934208D0E6
:1094000062681168C3F801109188A3F80510927979
:10941000DA7170BD2DE9F84FDDF82C80BDF8289089
:10942000044692461F46FFF7A9FD054600285AD07C
:10943000061DB9F1000F27D15AEA070324D10321F1
:109440003046FFF7A2FDD0B301213046FFF79DFD66
:10945000A8B32C7D6B7B9C4228BF1C46224605F19D
:109460004701404602F085FF0F2C06D8C4F11002D8
:10947000002108EB040002F0A4FF30460121FFF7B1
:10948000EAFD0120BDE8F88FD4F8A430F3B904F167
:10949000700B217A5A462020F1F72CFAC4F8A40068
:1094A00030B9217A5A460120F1F724FAC4F8A40011
:1094B000B9F1000F0AD15AEA070704D006E0D4F840
:1094C000A430002BE3D0D4F8A41071B90F2130469A
:1094D000FFF75BFD20B1022206212046EDF7D6FF03
:1094E0002846FFF750FF0020CCE7CB899B06EDD53F
:1094F0000C7B1A312246B4E76FF085007047F8B54F
:10950000031D06460F4618460221FFF73EFD04469E
:1095100020B1B6F8E840B4FA84F46409032118468F
:10952000FFF733FD58B139463046F0F763FF0521A8
:1095300094B1D6F8EC00FEF7CCF80020F8BD01217C
:109540001846FFF722FD0028EDD10F211846FFF73E
:109550001CFD0028E7D1EAE73046FFF7B5FD0546D8
:1095600088B101210C30FDF71FF923460770224610
:10957000294606F1EC00FEF766FA0028DDD0284601
:10958000EBF74AFBD9E76FF06800D7E770B5044600
:109590000820F0F7A9FA0546E0B1061D082130467B
:1095A000FFF731FDBCB30721FFF72DFD234605F181
:1095B000970204F1200153F8040B42F8040B8B428C
:1095C000F9D10A213046FFF7E0FC70B1092130469D
:1095D000FFF741FD0720F0F787FA0446E8B1F0F7FE
:1095E000D5FA0146C8B1204612E010213046FFF7F7
:1095F000CCFC09210028EAD13046FFF7C6FC002840
:10960000E8D02846FFF79CFD01460028E2D0284616
:10961000FFF775FFDEE70B21F9E770BD2DE9F0419B
:109620000E460446D0F8EC80F0F76CFAF768261D79
:1096300005460A213046FFF790FE38B16DB9204645
:109640003978F0F7D7FE0020BDE8F0810B213046D5
:10965000FFF783FE0028F1D1F1E72B69002BEED054
:1096600040469847EBE770B50446A0F1EC0650F889
:10967000543BE83CD3F8A45001F05FFD03212046A1
:10968000FFF783FCA0B108213046F0F7B3FE3DB1EF
:10969000EB8913B16B7B9B0702D5284600F0BFF81E
:1096A00030464FF4BC72BDE87040002102F089BE24
:1096B00001212046FFF769FC0028E4D10F21204654
:1096C000FFF763FC0028DED1E1E710B5082104466E
:1096D000A0F5A070F0F78EFEA4F59E700421BDE801
:1096E0001040FFF7B8BC70B50446FFF747FC0546CD
:1096F000002879D0061D03213046FFF746FC0028DC
:1097000072D0D4F8A40008B100F089F8207A04F1EE
:109710007001F1F78FF8C4F8A40028B92846082191
:10972000BDE87040FFF7EBBE0E213046FFF72DFC81
:1097300028B1D4F8A420537B43F0020353732B7A4F
:10974000032B11D823B105213046FFF71EFCA0B929
:10975000D4F8A420537B23F020035373D4F8A4201F
:10976000537B23F001030DE0053B012BF0D8D4F827
:10977000A420537B43F020035373D4F8A420537BDD
:1097800043F0010353732B7D697BD4F8A4208B42F3
:1097900028BF0B46137305213046FFF7F6FBD4F8BC
:1097A000A4305A7B08B342F010025A730D213046A0
:1097B000FFF7EBFBC0B1D4F8A400202100F02BF898
:1097C000D4F8A43005F147021A33573552F8041B78
:1097D00043F8041BAA42F9D1D4F8A4200023136152
:1097E0005361D4F8A420138370BD22F010025A7381
:1097F000FAE7ECF735BB70B504460D461646F1F7AF
:1098000079F838B931462846F1F714F810B1C38910
:109810001C43C48170BDC3891943C181704710B511
:10982000037A5B07044601D5ECF7D0FB214611F81B
:10983000010BEBF70BFC20464022BDE81040002155
:1098400002F0BFBDF0B5064691B01446184626B3E7
:10985000342203A9A047051E1FDB01A93046FDF7EE
:1098600028F80446C8B969463046FCF7CFFD009891
:1098700068B9ADB901AA29463F20F1F73BF818B104
:109880004022294602F09DFD204611B0F0BD0A227B
:109890002146FAF7DBFF0028EBD06FF01504F3E761
:1098A00001A90020F0F7C6FF0246E8B1342D02D02E
:1098B000FFF7B5FFF1E703AB00F10C050FAF1E4654
:1098C00003CEBE4228606960334605F10805F6D133
:1098D00030682860537BD907D6D513F0300FD3D129
:1098E00023F001035373CFE76FF00B04CCE701467D
:1098F0000246342311F8010B0C32EBF799BB531ECF
:109900001944024411F8013900F8013B9042F9D1A1
:10991000704710B5431E00F11002073013F8011F05
:1099200012F8014D1C7083421170F7D110BDF0B5D3
:1099300097B014460E462022014605A81D461C9FDE
:10994000FFF7DDFF202231460DA8FFF7D8FF2146A3
:10995000102201A88DF85450FFF7D1FF3B46412259
:1099600005A901A8F1F7CCF8044610B93846FFF76D
:10997000D0FF204617B0F0BD2DE9F04397B0044664
:10998000164605A810221D46DDE91F98219FFFF706
:10999000B6FF1022314609A8FFF7B1FF1022294671
:1099A0000DA8FFF7ACFF1E99032211A8FFF7A7FF30
:1099B0004946D9F8010011F8013B8DF84730129063
:1099C0008B88ADF84C30062212A8FFF798FF41466D
:1099D000062211F8013B8DF84E30D8F80130CDF851
:1099E0004F300DF14F008B88ADF85330FFF787FFF4
:1099F0002146102201A8FFF782FF3B46412205A91C
:109A000001A8F1F77DF8044610B93846FFF781FF49
:109A1000204617B0BDE8F08310B50369C0E90533EF
:109A20000023C360837F044613B1407AF2F7CAFB78
:109A30000123237700236377E377A37710BDF5F73E
:109A400015BAF5F78BBA0378027903F00F011AB94A
:109A500059B14FF0FF3070470829FAD8012A04D1D4
:109A600083F0080040F3C000704743F3C000704724
:109A700038B50446F1F794F8054660B1037A6BB146
:109A800020460024F2F722FC2846AC77FFF7C4FFFB
:109A90002C72204638BD6FF01500FBE76FF07700A1
:109AA000F8E770B504460E461546F1F759FD30B992
:109AB00006B925B12046BDE87040F1F799BD70BDEB
:109AC000C343C3F3C01300F00F0000EB0310704753
:109AD00008B5F1F70FFE818208BD08B5F1F70AFE5F
:109AE000EFF31183402282F31288BFF36F8F026974
:109AF0000A60027B2AB9807D83F31188BFF36F8FE0
:109B000008BD0420F8E70369C9B20C2201FB023347
:109B1000186C00F00700704770B5C9B20369EFF325
:109B20001185402484F31288BFF36F8F0C2606FB47
:109B30000134246C14F0C00408D0A24206D085F38E
:109B40001188BFF36F8F4FF0FF3070BD06FB0133FC
:109B500001221A6485F31188BFF36F8F436803EB0A
:109B6000C1035B6898470020EFE78022FFF7D4BF6E
:109B7000F8B5069F0469C9B2EFF31186402585F355
:109B80001288BFF36F8F0C2505FB0144256C05F08F
:109B9000070CBCF1010F0CD1276486F31188BFF3C9
:109BA0006F8FC4E90E23436853F831309847002083
:109BB000F8BD05F0C005AF4286F31188BFF36F8F83
:109BC0000CBF6FF077004FF0FF30F1E713B5802442
:109BD0000094FFF7CDFF02B010BD10B40069CBB206
:109BE0001C2403FB0400002110BC10471046F5F7AD
:109BF00037BA00F06BBCF4F735BB4FF4AF60704779
:109C0000002208B511461046F8F7DEF9002818BF03
:109C10006FF0150008BDF7B50F4616464FF4806586
:109C20000024A64203D816D0162003B0F0BD331B83
:109C3000B3F5806F38BF1D462A4601AB39190020A5
:109C4000F8F7F2F920B9019BAB4201D12C44E8E7C7
:109C50006FF01500E9E70020E7E7F7B51C46164668
:109C6000002382682360A36053690D4601AA6946F8
:109C70009847019B5A1E01921BB96FF0150003B063
:109C8000F0BD0098A26847682168676085B9B31A7B
:109C9000D0F800C0634528BF63461A4403FB071190
:109CA0002160A26002689A4206D808300090E0E77E
:109CB0006B1AB3FBF7F3EBE70020E0E71346002253
:109CC000FFF7CBBF2DE9F047836886B05B69884614
:109CD000914601A902AA98470024A2462546029B64
:109CE000AB4202D806B0BDE8F087019F07EBC5077D
:109CF00000267B6804933A68B2420AEB060302D856
:109D000001359A46EBE703940593494603A8C047FB
:109D10000028E7D0049B01361C44ECE710B50C4644
:109D200000F00DFF0023C4E90003184610BD38B54C
:109D300005460C4600F003FF002D07DBA84205D9BD
:109D4000401B84428CBF0020012038BD0020FCE76E
:109D500070B50D462846194616461C46FFF7E7FF24
:109D600038B124B122462946304602F002FB0020D9
:109D700070BD6FF01500FBE743685B68D3F81035E2
:109D80000B600020704743685B6802EA010021EA2B
:109D90000201C3F80805C3F80C150020704743689A
:109DA0005B680020C3F80815704743685B680020B3
:109DB000C3F80C15704743685A68D2F8043521EA95
:109DC00003000B40C2F80805C2F80C3500207047AC
:109DD00010B503695868F8B1884219D19C680868C1
:109DE0005860A14200D19860002008602AB15A68EA
:109DF0000A609A68596002B99960002010E08142B7
:109E000006D10868206098688142EDD19C60EBE73C
:109E1000044600680028F2D1002AE8D16FF015004E
:109E200010BDF4F7DBBC13B54FF080520829136E58
:109E3000526E28BF082112BA00921BBA0C460A467D
:109E40006946019302F095FA204602B010BD30B584
:109E500043681360057A446804EBC504A34202D347
:109E60006FF0010030BD5C798C4201D00833F0E71F
:109E70000020F7E743681B68D3F88004C3F8800428
:109E8000704742681368D3F8100150B1D2690020BE
:109E900012780A70C3F81001D3F8102101221A6059
:109EA00070474FF0FF307047002A0FDD426813689B
:109EB000D3F8100158B10020C3F81001D269D3F8CB
:109EC000100112780A700120186070470020704756
:109ED00010B543681C680369EFF31180402282F3D8
:109EE0001288BFF36F8F1A68D17B39B991731B68E1
:109EF0000122DA734FF48003C4F8043380F311882D
:109F0000BFF36F8F10BD03691A68D17B21B10121A6
:109F100091731B680022DA73704702691168034667
:109F2000C87B40B15B681B68D3F8580118B10023A7
:109F30000B6113689889704743681B68D3F8100158
:109F4000003818BF0120704743681B68D3F804230A
:109F5000D2065CBF1022C3F80423704743681B6815
:109F6000D3F80423D20644BF1022C3F80823704755
:109F700043681B684FF40072C3F8042370474368BA
:109F80001B684FF40072C3F80823704738B5436864
:109F90001D68D5F804335B02044605D4D5F80403E4
:109FA00010F0100006D138BDFFF7B7FF0028F5D03C
:109FB0000120F8E72046FFF7BFFF003818BF012057
:109FC000F1E7012070470369186801601B685A6057
:109FD000704702680346D2F8580140B95B68DB0756
:109FE00006D4D2F82001003818BF012070470120A4
:109FF000704710B4436802691B68D3F80413C9059D
:10A0000017D5D3F82011A1B1EFF31181402484F3C7
:10A010001288BFF36F8FD3F8204134B10024C3F806
:10A020002041D3F820410124DC6081F31188BFF383
:10A030006F8F1168D3F8584171B17CB100240C6165
:10A040001168C97B19B94FF48001C3F8081311686E
:10A050008C7B1CB100238B7310BC7047D3F8241188
:10A0600021B10021C3F82411D3F8243112681368F8
:10A07000002BF1D0516810BC184713B501AA044653
:10A08000FFF7E5FE002805DB019B226819791868B7
:10A09000F2F770FF02B010BD6FF085007047F8B5A1
:10A0A0000022054601210220EAF7CAFA0220EAF757
:10A0B00097FA6C680121E068FFF7DFFF6B681A68A8
:10A0C0002369C2F82435617D237D0B43A17D0B43B9
:10A0D000C2F86C356E68D6E9004313F001033CD03A
:10A0E0002F6904F10C0107F10C0204F5907000F0E7
:10A0F00044FA002830DB387BF4F7CCFA0823C4F8A4
:10A100000035B369C4F844350023C4F84835012349
:10A11000A360D4F85831002BFBD00026C4F80065AA
:10A120006B683146D868FFF7A8FF6D6831462C6828
:10A13000E868FFF7A2FF0823C4F800352A7A52B96D
:10A14000EB69C4F834350123C4F83835C4F810215C
:10A15000D4F8102123600020F8BD0822C4F800259F
:10A16000B269C4F84425C4F848350123A360D4F883
:10A170002031002BFBD00023C4F82031D4F820314B
:10A180000123E3604FF48073C4F80433C1E72DE981
:10A19000F041066933689C89BFF35B8F94420546A2
:10A1A000A8BF14461033012753E8002F002A03D11B
:10A1B00043E800700028F7D1BFF35B8F0CBF3B462C
:10A1C00000232BD133682246986802F0D2F8EFF3CF
:10A1D0001188402383F31288BFF36F8F69680846A4
:10A1E000FFF7F7FE326840B91061044688F3118822
:10A1F000BFF36F8F2046BDE8F0810B689268C3F80B
:10A2000044250022C3F84845C3F82021D3F8201183
:10A21000C3F85821D3F858219F60E7E71C46E9E7C7
:10A2200000F150039B009BB203F1804303F5883398
:10A2300000221A601B6870474FF0FF30704708B566
:10A24000006990F834308B4207D990F835303BB133
:10A25000C9B2F4F77DFC002008BD6FF01500FBE7E4
:10A260006FF00A00F8E71FB5046900230193CA07DD
:10A270000393236B02935CBF012301938B0758BFA9
:10A28000019B01A958BF43F00803204658BF019322
:10A2900000F0B3FC002806DB204600F0BDFC0123E3
:10A2A00084F83530002004B010BD70B403460C466D
:10A2B000DA88006819792243056986682B680124C9
:10A2C0008C4012F0010F14BF2343A3432B6033686B
:10A2D00070BC1847012303FA01F103691B68194296
:10A2E00003D022B183681B6903E0002AFAD0836897
:10A2F000DB6818470121F3F717BA0021F3F714BA06
:10A3000010B54FF0FF304FF0FF31F3F71DFA044660
:10A3100028B9D7F743FF044618B1F3F71DFA2046D2
:10A3200010BDF3F719FA2046EAF73AFFF7E738B518
:10A330000B8A0D463BB101F10C00FCF76DFA0128C8
:10A3400018D0022803D06FF01504204638BD4FF016
:10A35000FF304FF0FF31F3F7F7F904460028F4D14E
:10A36000E868E3F704F80446F3F7F6F9ACB1F3F75D
:10A37000D3FAEAE74FF0FF304FF0FF31F3F7E4F99B
:10A3800004460028E1D1E868F3F76EFB0446F3F7D2
:10A39000E3F9002CD9D1F3F7BFFA2846EAF73CFCE1
:10A3A0000024D2E7F3F7E2BA10B5312204460021C7
:10A3B00002F007F8202323708023A3706FF03F037F
:10A3C00063710423A3722823A3730223E37304237A
:10A3D000A3756FF0080363760323A3766FF00F0372
:10A3E000E3767E232377302384F820306FF03F0319
:10A3F00084F82130792384F822306FF0010384F847
:10A400002330012384F82430802384F82630042369
:10A4100084F82730402384F82D3010BD08B503237D
:10A42000E2F798FB002008BD08B5F3F787FE00208F
:10A4300008BD08B5F6F7B6FD48B1002383F31188CF
:10A44000BFF36F8F0423184602DF6FF0040008BDCE
:10A4500008B54FF0FF314FF0FF30F3F775F9E6F72D
:10A4600021F9BDE80840F3F777B9684620F0070105
:10A470008D4601B5E1F76CF9BDE8014085467047AE
:10A48000684620F007018D4601B5E0F713F9BDE8F5
:10A49000014085467047684620F007018D4601B5AA
:10A4A000E0F7FCF8BDE801408546704708B5E5F7E0
:10A4B00048FF002008BDF7F731BD08B5E9F74CFCAF
:10A4C000E9F720FDBDE80840F7F728BD70470128EF
:10A4D00002D10020E1F77ABD70477047E1F774BB05
:10A4E00008B5E2F76DFA30B1EFF3058003380328C1
:10A4F00094BF0020012008BD704703460020184784
:10A5000000F0C1BB10B502461168B1B1BFF35B8F5B
:10A51000B1FA81F3C3F11F000123834021EA030351
:10A5200052E8004F8C4204D142E8003CBCF1000FDD
:10A53000F6D1BFF35B8FE7D110BD6FF00B00FBE7E7
:10A5400010B50368CB40DB0714D401238B400268AD
:10A55000BFF35B8F43EA020150E8004F944204D1FD
:10A5600040E8001CBCF1000FF6D1BFF35B8FEED1C9
:10A57000002010BD6FF01500FBE770B50C46002100
:10A58000054608461646F4F777F800280ADB3378C4
:10A59000DB0003F1804303F5F8330020C3F81055C6
:10A5A000C3F8144570BDF7B5019001A8DDE908476F
:10A5B00016461D46F4F776F8019BB6F1000C18BF5D
:10A5C0004FF0010C00EB83000B1E18BF0123002D80
:10A5D00043EA4C0314BF4FF00C0C4FF0000C002C5E
:10A5E00043EA0C0314BF4FF4E06C4FF0000C002F53
:10A5F00043EA0C03D0F8002714BF4FF4403C4FF05F
:10A60000000C43EA0C0322EA030301B109780EB1FE
:10A610003678760019430DB12D78AD0031430CB179
:10A620002478240229430FB13F783F040C433C4374
:10A63000C0F8004703B0F0BD1FB50DF10F03019343
:10A6400000238DF80F1000931A461946FFF7ABFF51
:10A6500005B05DF804FB10B504460846F4F732F87F
:10A6600004EB4004A08AC0F3401010BD10B50446AE
:10A670000846F4F727F804EB4004A08AC0F3400032
:10A6800010BD10B504460846F4F71CF804EB40046E
:10A69000A08A400B10BD70B5044608461646F4F774
:10A6A00011F808300D4634F81030DA0509D5C3F337
:10A6B000432304EBC302314654F833305268284632
:10A6C0009847A3682BB1E26831462846BDE8704040
:10A6D000184770BD10B504460846F3F7F3FF00B203
:10A6E00004EB4000838ADA051DD5C3F3432123F42C
:10A6F000F853838204F1120204F1720032F8023F2F
:10A7000013F4807F03D0C3F3432399420BD08242DA
:10A71000F4D104EBC10300225A6004F17800BDE8D3
:10A720001040FFF70DBF10BDF0B5034600F5807473
:10A73000002005460127844695420AD1D3F87C21A2
:10A7400032B10022C3F87C21D3F87C3140F00040C4
:10A75000F0BD25F0404607FA06F6314209D0D4F89C
:10A7600000E0BEF1000F04D0C4F800C0D4F800E04F
:10A77000304301350434DFE738B504460D46FFF7B2
:10A780006AFFB0B12046FFF771FF90B92046FFF78E
:10A7900078FF226801238340C2F80833236800B29F
:10A7A00003EB8003D3F8102522F00302C3F8102531
:10A7B00038BD28460021BDE83840FFF73DBF2DE9F0
:10A7C000F043174685B004460846F3F77BFFD7F8F9
:10A7D00000800E460546B8F1000F1FD02046FFF757
:10A7E00045FF18B12046FFF736FF30BB0023CDE907
:10A7F00000338DF80E308DF80F300DF10F02434607
:10A800000DF10E013046FFF7CEFE2AB204EB4202F4
:10A81000938A23F0020343F0010393827B68002BA9
:10A8200034D03146204693F80080D3F80490FFF7E7
:10A830001DFF28B1B9F1000F1FD06FF0150028E0FF
:10A8400028B204EB4000838A23F4604323F0200302
:10A850008382B9F1000F10D0B8F1030FEDD87B68F7
:10A8600021685B6893F800C001EB8C01B8F1000F20
:10A8700012D1C1F81085C1F810852AB204EB42024A
:10A88000938A23F01C0343EA88039382BB684BBB83
:10A89000002005B0BDE8F083D1F8102522F00302B6
:10A8A000C1F81025226802EB8C03D3F8102522F49E
:10A8B0004F3222F44072C3F810253202D3F810153B
:10A8C00002F47C5242EA08420A43C3F8102504EB22
:10A8D0004C03A3F87C60838A43EA4C3343F02003A3
:10A8E0008382CAE7D3E9007831462046FFF7F2FEBB
:10A8F000002FCDD063689F4206D004F17800FFF7A7
:10A9000001FE002804DAC4E7A3689845F5D10020C9
:10A9100004EBC003C3E901782DB204EB4505C0B2D6
:10A92000AB8A43EA402343F48073AB82B0E72DE95E
:10A93000F043054685B0084617461E46F3F7C2FEAB
:10A940000C46804637B32846FFF790FE18B92846D4
:10A95000FFF781FE28BB0FFA88F905EB4909B9F822
:10A96000143013F01C0F02D07B78012B19D0012377
:10A970008DF80F300023CDE900737A1CBB1C0DF15C
:10A980000F012046FFF70FFEB9F8143043F0030320
:10A99000A9F81430002E41D021462846FFF766FE64
:10A9A00020B96FF0150005B0BDE8F08337782B684B
:10A9B00003EB87030022C3F81025C3F810250FFA14
:10A9C00088F205EB42024FEA870C938A23F4604336
:10A9D00023F020039382707800B32968B67861442D
:10A9E0000004D1F8103523F4991323F4F853C1F877
:10A9F0001035230200F4403003F47C530343300548
:10AA0000D1F8105500F4801003432B43C1F81035E2
:10AA1000938A43EA473343F0200393820020C2E73E
:10AA2000C0E90312704770B504461546FFF713FEE0
:10AA300048B10846F3F746FE04EB40040020A38A21
:10AA40005B0B2B7070BD6FF01500FBE738B590F80D
:10AA50008C4005469CB960222146143001F0B1FCBF
:10AA60002868C0F87C41D0F87C3140F30730E9F722
:10AA7000B7FD012385F88C30AB67204638BD6FF0F9
:10AA80007700FBE790F88C00003818BF0120704772
:10AA9000F3F754BE2DE9F34104461746FFF7DBFDFB
:10AAA0000D46266800B32046FFF7E0FD8046D8B982
:10AAB0002046FFF7E6FD05B2AD0005F5807246F8C9
:10AAC00002802168B2582944D1F8102542F00102D1
:10AAD000C1F810252FB12168012202FA00F3C1F854
:10AAE000043302B0BDE8F081D6F80433002BA4BFD4
:10AAF0004FF00043C6F804332846F3F7E3FD04EBB8
:10AB00004004A38AC3F38203042B12D0052B12D076
:10AB100001A80195F3F7C6FD019BD0F81015D940A7
:10AB200001F001010231284602B0BDE8F041FFF713
:10AB300083BD0321F7E70221F5E7FFF71DBE4FF0C4
:10AB400080531A695869504370474FF08053186911
:10AB500070474FF080535869704700F180431A687E
:10AB6000002A1FBF00221A601B68012008BF0020B6
:10AB700070474FF080434FF46072C3F8042370476E
:10AB80004FF080434FF46072C3F80823704708B554
:10AB9000F3F78EFFBDE80840FFF7A0BC38B5D1E958
:10ABA000005104460023C8034FF47A72490CE2F7BF
:10ABB0005FFA2368C3F80C55C3F80405A36863B1B2
:10ABC00024680023C4F8003144F30730D4F800317E
:10ABD000E9F706FD0123C4F8043338BD38B5C0E9F0
:10ABE0000223437933B90123437109B1FFF7D6FF3B
:10ABF000002038BD6FF07700FBE708B543792BB133
:10AC0000022B06D0FFF7CAFF002008BD6FF07600C8
:10AC1000FBE76FF00F00F8E7036801221A600223D8
:10AC20004371704710B5EFF31184402383F312880A
:10AC3000BFF36F8F0379072B11D80B7001330371AA
:10AC400002680978D2F8080501238B400343C2F853
:10AC50000835002084F31188BFF36F8F10BD6FF0AB
:10AC60000B00F7E70368D3F80414D3F800214AB1C6
:10AC70000022C3F80021D3F80031D0E902324FF4AA
:10AC800080701847704708B1EAF706B8704710B5EA
:10AC9000436904463BB90020E268537843F001035E
:10ACA0005370404210BD98470028F4D00028B8BF28
:10ACB0004042E368FF28A8BFFF201870ECE740B1CE
:10ACC000C368587810F001001EBF1878B0FA80F001
:10ACD00040097047EFF31183402383F31288BFF3D9
:10ACE0006F8FFEE708B5FFF7F5FF10B400F10C0415
:10ACF000C0E9034410BCFAF77FBB38B50446EFF354
:10AD00001185402383F31288BFF36F8FFAF724FB7A
:10AD100004F10C0000F003FB30B1294604F11400EB
:10AD2000BDE83840F4F788BE85F31188BFF36F8F14
:10AD300038BD4169826842EA010313F003030FD171
:10AD4000C3600369013B03FB0122002B01DA0020F1
:10AD50007047C16811604169C260013B521AF4E753
:10AD60006FF01500704710B5C0E904320023816010
:10AD700083610446FFF7DDFF0028A8BFC4E9004453
:10AD800010BD2DE9F04105460F46EFF31188402331
:10AD900083F31288BFF36F8FC668F6B90468A042C8
:10ADA0001BD0D4B1D4E9003213605A60637BA66033
:10ADB00023F002036373C4E9006604F1180000F095
:10ADC00022FB2046E667276100F04AFA414605F17A
:10ADD0000800BDE8F041F4F72FBE3E60AB69EF60BC
:10ADE000013BAB6188F31188BFF36F8FBDE8F08141
:10ADF00008B54024EFF3118384F31288BFF36F8FFB
:10AE0000FBF73BFCF6E790F90E308B4201D0F4F7EC
:10AE1000A1BD0020704703460020C3E90200C3E93A
:10AE200000337047D0E9003213605A60427B002340
:10AE300022F00202C0E900334273836070472DE9BB
:10AE4000F843914604469DF820200D4600F108077E
:10AE5000EFF31186402181F31288BFF36F8F02B1A7
:10AE60004568D4F80880474518D0B8F1000F15D0D0
:10AE70004046FFF7D7FF08F1180000F0C4FA00239E
:10AE8000C8F87C30C8F81090404600F0E9F9384620
:10AE90003146F4F7D1FD0020BDE8F883A3B10820C6
:10AEA000F5F780FA002838D00122C0F8049002603B
:10AEB000016801F003015DB922680A43026062681B
:10AEC00020606AB960600BE0C9F800304846EFE7DF
:10AED0002A68032A16D80160616869B9C4E90000CC
:10AEE000042104F1100000F06DFB0028CFD186F39F
:10AEF0001188BFF36F8FCFE70A6802F003020243A5
:10AF00000A60DFE722F003020A4302602A6802F0C7
:10AF1000030240EA02032B60E2E76FF00B00E6E772
:10AF200010B5044630B10268930703D0446809B1F4
:10AF300000F07FFB204610BD0023C0E9003300F184
:10AF40000803C0E9023300F11003C0E9043370477D
:10AF500007B50123009300230A461946FFF76FFF48
:10AF600003B05DF804FB07B500230A4600931946B9
:10AF7000FFF765FF03B05DF804FB00680021FFF7F1
:10AF8000CFBF5AB18A4209D300F11003C0E90212BF
:10AF9000C0E90000C0E90433002070476FF01500DD
:10AFA0007047026801238B4022EA0303036022FA00
:10AFB00001F000F001007047704710B5032104460E
:10AFC0000C30FFF7EEFF30B104F1100000F01BFA77
:10AFD000B0FA80F0400910BD20B1002211468C303B
:10AFE00000F0D8B9704770B5C368C3F340069B073B
:10AFF000044616D4856802210C30FFF7D2FF80B1D9
:10B00000D5F884206AB194421DD122689EB9D5F842
:10B010008830C5F884209C4201D1C5F888200023DF
:10B020002360E36813F01F001EBF43F00203E360D8
:10B0300040F0020070BD3260D5F88820944208BF0D
:10B04000C5F88860EBE716461268DBE773B504467F
:10B05000EFF31185402383F31288BFF36F8F002332
:10B06000A0F11006032104380193FFF79AFF28B1DD
:10B07000A369019301A93046F4F76CF985F31188AF
:10B08000BFF36F8F02B070BD38B504460D46102275
:10B09000002101F096F9656038BD13B501900846AE
:10B0A000EFF31184402383F31288BFF36F8F01A95C
:10B0B000F4F750F984F31188BFF36F8F02B010BD1D
:10B0C00010B5FFF7EAFF041E08DDEFF311804023FF
:10B0D00083F31288BFF36F8FF4F7C0FC204610BDD6
:10B0E00070B50D46EFF31186402383F31288BFF34A
:10B0F0006F8FF4F78BF9044686F31188BFF36F8FD7
:10B1000038B14FF0FF324FF0FF3305F11000F3F785
:10B11000E1FF204670BD08B5A022002101F051F9E1
:10B1200008BD38B5302204460D46002101F049F92A
:10B130004FF480736560E36038BD38B50446EFF3C3
:10B140001185402383F31288BFF36F8FFFF735FF1C
:10B150002046FFF748FF85F31188BFF36F8F38BD96
:10B16000F8B504460D46EFF31186402383F31288A9
:10B17000BFF36F8FC36803F01F03002B14BF0127B9
:10B18000002705D186F31188BFF36F8F3846F8BDCD
:10B19000FFF713FF2046FFF726FF29462046F4F766
:10B1A000BBF886F31188BFF36F8F0028EED04FF005
:10B1B000FF324FF0FF3305F10800F3F78BFFE5E7AF
:10B1C000D0E9003213605A60427B002322F0020271
:10B1D000C0E90033427383607047EFF305800038A5
:10B1E00018BF012070476FF057007047D0E9003258
:10B1F00013605A600023C0E90033704708B5FFF7B9
:10B20000F5FF437B23F0020343730023836008BDF3
:10B2100038B504460D46F4F7FBFA637B43F00203AE
:10B220006373E5B1A5602B689D4209D16B68C4E9E1
:10B2300000531C606C6012E06A689A42F6D01B688A
:10B24000002BF3D094F90E2093F90E108A42F3D01C
:10B250009142F1DD5A68C4E9003214605C6038BD87
:10B2600010B5EFF31184402383F31288BFF36F8F7F
:10B27000F4F78CFA84F31188BFF36F8F10BD08B513
:10B28000EFF31181402282F31288BFF36F8F83683E
:10B290000BB1FFF7B3FF81F31188BFF36F8F08BDC8
:10B2A00010B50146EFF31184402383F31288BFF3F6
:10B2B0006F8F437B13F0280F0AD183680BB1FFF720
:10B2C0009DFF4B7B23F004034B730846F4F75EFAB3
:10B2D00084F31188BFF36F8F10BD01211838FFF779
:10B2E000DFBF08B50346EFF31181402282F31288D5
:10B2F000BFF36F8F0068834207D008B1FFF77EFF6E
:10B3000081F31188BFF36F8F08BD0020F8E710B5F7
:10B31000FFF7B5FFBDE81040183000F074B838B53D
:10B3200004680546AC424FF0000000D138BD002C47
:10B33000FCD02046FFF7EBFF2046FFF791FF2C687B
:10B340000120A542F1E738B504460D46F4F72EFC7E
:10B35000B5F1FF3F08BFB4F1FF3F0246204618D0C9
:10B3600000204FF47A7447F6FF730146C2FB0431A4
:10B37000B3F5004F71F100020BD36FF400429A4213
:10B3800043F6FF728A4126BFD80B40EA41406FF076
:10B39000004038BD38B5EFF31185402383F31288A0
:10B3A000BFF36F8F0468A04212D09CB1E1672261A5
:10B3B0002046FFF723FF04F1180000F024F8204690
:10B3C000F4F7E4F9012085F31188BFF36F8F38BDDE
:10B3D0000020F8E72046F6E708B50246F4F7A2FD9C
:10B3E00070B1D0E904319B1A61EBE272B3F1004F06
:10B3F00072F1000104DA002AACBF1846002008BD33
:10B400006FF00040FBE738B50246EFF311854023AB
:10B4100083F31288BFF36F8F0368CBB1F4F782FD1B
:10B4200004461046F4F790FD00224FF0004384429A
:10B43000C0E9042306D1F4F77DFDFFF7CDFF00211D
:10B44000F2F784F8002085F31188BFF36F8F38BDC1
:10B450006FF01500F7E708B5F4F782FE08BDF4F7C2
:10B460007FBEB3F1FF3F08BFB2F1FF3F70B50646A4
:10B470001D46144614D01A4316D0002B08DBF4F7EF
:10B480006FFE041941EB0501C6E90041304670BD6D
:10B490006FF001031C1B4FF0FF3363EB0501F3E773
:10B4A0004FF0FF342146EFE70024FBE7B3F1FF3F05
:10B4B00008BFB2F1FF3FF8B5074616461C4610D04C
:10B4C00054EA020311D0F4F74BFEB0420A46A14100
:10B4D00003460AD2F31A64EB0204C7E90034384683
:10B4E000F8BD4FF0FF331C46F7E70023FBE70023CE
:10B4F000C0E9081200F11802C0E90622C0E90033D1
:10B5000003634363704710B50446FFF77CFFA8B997
:10B51000636A0BB12046984704F11800FFF7E1FE7B
:10B5200060B1FFF79DFEEFF31180402383F3128893
:10B53000BFF36F8FBDE81040F4F790BA10BD2DE94E
:10B54000F041846805460E46D4B16378012B22D1C0
:10B5500014F8533C9A0711D5A4F160073846FFF759
:10B56000D6FE082E0CBF6FF003030023E36114F82E
:10B57000533CDB0602D13846FFF772FE00232370EE
:10B58000EB68C3F386321643002066F39433A86059
:10B59000EB60BDE8F081022BF0D12378002BEDD0D9
:10B5A00054F8048CB8F1000FE8D004F11400FFF750
:10B5B0002AFFA4F114070023E36239464046FFF74F
:10B5C0006CFDDBE738B5EFF31185402383F3128878
:10B5D000BFF36F8F0468A04211D0D4E9003213602A
:10B5E0005A600023C4E900332046FFF7A8FF85F323
:10B5F0001188BFF36F8F201E18BF012038BD0024B3
:10B60000F5E7043270B504460ED2EFF311854026FB
:10B6100086F31288BFF36F8F41F00401984785F3DA
:10B620001188BFF36F8F08B9002070BD40F8044B3C
:10B63000FBE720B1011F50F8040CFFF75EBB704719
:10B6400000207047704710B5044608B1F5F76AF856
:10B650002046BDE81040F5F755B80346C068E0B194
:10B660005888D0B11B8803F44F42B2F5824F09D1FC
:10B67000DBB2272B2AD008D8172B0FD0222B34D09F
:10B68000122B16D06FF085007047302B2FD0413B26
:10B69000012BF7D8FF2839D100207047C028FBD0F4
:10B6A000E128F9D0B0F5807F0CBF00206FF0860054
:10B6B000704720F02003C02BEED020F08003B3F5BC
:10B6C000807FE9D040F209239842EDE7E928E3D0F2
:10B6D000EF28E1D040F21B139842DDD040F29913DD
:10B6E0009842D9D040F23B23EEE7E928F1E720F079
:10B6F0002003C02BD0D020F04003B3F5807FCBD007
:10B70000B0F5C07FC8D0B0F5007FCDE7B0F5E07FE1
:10B71000CAE73AB1002918BF0023D21A21211844E0
:10B7200000F04FBE70472DE9F04F89B09B460023D3
:10B730008DF81B30159BDDF85080002B91460B4691
:10B740000D460CBF4FF400624FF4806207A9DDE99B
:10B7500012A7F5F74FF90446D0B9079E0DF11B0269
:10B7600031882846F5F7E2F9044688B99DF81B3080
:10B77000BB421FD8CDE90338CDE901BACDF800901E
:10B78000D6E909122B463046F5F7A0FD044608B16C
:10B79000C8F80070D8F800303A4621465046FFF706
:10B7A000B8FF0798F5F774FD002C18BF204609B0C4
:10B7B000BDE8F08F6FF08904EAE741F20623984272
:10B7C0001AD8B0F5905F09D241F2010398420CD02B
:10B7D000B0F5885F09D06FF085007047A0F59050F4
:10B7E00080B26923C340DB07F5D511F0070F0CBF0A
:10B7F00000206FF086007047B0F5105FEBD121F0AC
:10B800004003802B06D0B1F5807F0CBF00206FF085
:10B81000860070470020704770B5446A05460E46A2
:10B820003CB90120F4F768FF686228B1AE62204697
:10B8300070BD6FF08A00FBE76FF08C00F8E7F8B599
:10B840001E460F4603881546C2B103F4E043B3F524
:10B85000805F02D0B3F5005F10D1089BE90019604A
:10B860000088FFF7AAFF044630B92A463946304619
:10B8700000F07FFD079B1D602046F8BD6FF085043A
:10B88000FAE710B50446406A10B1A16AFFF7DBFE83
:10B890000020C4E9090010BD38B50546FFF7F1FFE7
:10B8A0002B7F012B04460ED0023B012B0ED82B6AB6
:10B8B000012B18BF6FF096042C220021284600F0BF
:10B8C00080FD204638BD2B6A002BF2E76FF096040E
:10B8D000F2E770B50488049E154604F4E042B2F520
:10B8E000805F19D0B2F5005F16D024F4405044F2C6
:10B8F0000102904210D004F44F42B2F5824F0BD0B7
:10B90000B2F5884F08D0B2F58E4F05D0803C24F0B8
:10B91000FF04B4F5485F0ED1B5420FD818462A4649
:10B9200000F027FD721B0021284400F04AFD059B12
:10B9300000201D6070BD6FF08500FBE76FF089008F
:10B94000F8E77FB50E461D461446BAB100232B60BA
:10B95000012203A9F5F74EF870B9CDE90045039827
:10B960003346D0E9091200F06BFA04460398F5F764
:10B970008FFC002C18BF204604B070BD6FF089000A
:10B98000FAE770B50488049E154604F4E042B2F567
:10B99000804F22D124F4405044F2010290420DD055
:10B9A00004F44F44B4F5824F08D0B4F5844F05D069
:10B9B000B4F5884F02D0B4F58E4F0ED1B5420FD8F2
:10B9C00018462A4600F0D5FC721B0021284400F0DE
:10B9D000F8FC059B00201D6070BD6FF08500FBE743
:10B9E0006FF08900F8E7F0B50F4685B01E461546A2
:10B9F0000AB3002333601A4603A9F4F7FBFF044699
:10BA000038B9039803885B0406D4F5F741FC6FF05E
:10BA10008604204605B0F0BDCDE900563B46D0E98E
:10BA2000091200F018FA04460398F5F731FC002CCF
:10BA300008BF0446EDE76FF08904EAE710B5036834
:10BA4000044653B100F070FA00232360A38823F466
:10BA5000FF7323F00103A38010BD1846FCE72DE916
:10BA6000FF410C460168984600230546174603939C
:10BA7000A9BB4FF4A872083000F0A3FCB8F1000F86
:10BA800020463B4614BF4FF480624FF4006203A986
:10BA9000F4F7B0FF044620BB039E2A1D31883846C8
:10BAA000F5F744F80446E0B96B7968F300036B716D
:10BAB0000097D6E9092331462846B8F1000F0BD08C
:10BAC000F5F71CFC044660B90398F5F7E1FB044662
:10BAD000204604B0BDE8F081F5F730FCF2E76FF0E6
:10BAE00088042846FFF7AAFF0398F5F7D1FBEFE794
:10BAF0000123FFF7B4BF38B50468054664B112B935
:10BB00000024204638BD00F0FAF904460028F7D09A
:10BB10002846FFF793FFF4E76FF08804F1E72DE97B
:10BB2000F0411746026805460E46984682B14279B2
:10BB3000D2070DD502795AB1BA4216D800F0E8F909
:10BB4000044638B9A6B92846BDE8F041FFF776BFEC
:10BB50006FF088040023C8F800702B7146B928469E
:10BB6000FFF76CFF2046BDE8F0816FF08904F1E734
:10BB70002146D8F800303A463046FFF7CAFD28463D
:10BB8000FFF75CFF002C08BF0446EBE71FB501245C
:10BB90000394089C0294079C0194069C0094FFF770
:10BBA000C2FD04B010BD2DE9F04788B005469A46A5
:10BBB0000023079325F0004323F47F03B3F1106FB4
:10BBC000DDE91096DDF84880084617461CD12B4663
:10BBD0004FF4804207A9F4F70DFF0446B0B9CDE950
:10BBE0000368CDE901A907980097D0E909122B460F
:10BBF00000F0A2F9044648B90798F5F749FB044656
:10BC0000204608B0BDE8F0876FF08604314648460C
:10BC1000F5F76EF90798C8F80060F5F739FBEFE71C
:10BC2000034608461B8803F4E043B3F5805F1146E2
:10BC300002D0B3F5005F01D1F5F75AB96FF0850076
:10BC400070477FB5002203880A60CDE9012242884F
:10BC500006460D46002A69D0028802F4E042B2F599
:10BC6000804F63D023F0FF03B3F5E24F02D0B3F56A
:10BC7000824F04D13046FFF7F0FC0446D8B902AA3F
:10BC800001A93046F4F7C2FF0446002843D1019BC6
:10BC90009B6A9BB10199304601F12803D1E9091251
:10BCA00000F087F80446002839D101982946F4F7B6
:10BCB00013FF044678BB204604B070BD73681B0AAE
:10BCC00022D13088718800F4E043B3F5805F15D04D
:10BCD000B3F5005F12D020F0FF03B3F5E24F22D19D
:10BCE000C0B242280ED10831C908039103990198C6
:10BCF000FFF792FD04460028CCD00CE0FFF75DFD75
:10BD0000044640B90731EFE703A9304600F04CF88C
:10BD100004460028EAD00198F4F7DAFFCBE701984F
:10BD2000FFF7AFFDF7E76FF08504F4E76FF08604E7
:10BD3000C1E71C22002100F044BB03466FF04042E3
:10BD40000846591E914207D338B103F1404393424C
:10BD50008CBF00200120704701207047034668B166
:10BD6000017F8A1E012A0BD80329026A03D1012A06
:10BD700001D1FFF791BD1AB1013A1A620020704754
:10BD80006FF09600704700207047C0B2002814BFC3
:10BD90006FF0850000207047002070477047002238
:10BDA0001A606FF08600704700230B606FF086000A
:10BDB00070472DE9F04147683F0A04460D46164694
:10BDC000984611D107887F0407D443463246294656
:10BDD0002046BDE8F041FFF723BF00F0E9F810F17D
:10BDE000860FF2D0BDE8F0816FF08600FAE72DE90A
:10BDF000F04F476885B03F0ADDE90E9ADDF840B0A4
:10BE000004460D461646984615D1CDE901ABCDF84E
:10BE1000009000F0BFF810F1860F0ED14346324675
:10BE200029462046CDE90FABCDF8389005B0BDE8E6
:10BE3000F04FFFF704BD6FF0860005B0BDE8F08F4E
:10BE400010B44468240A02D110BCFFF742BD6FF061
:10BE5000860010BC70472DE9F34747683F0ADDE9CB
:10BE60000A9A04460D461646984611D1CDE9009A25
:10BE700000F082F810F1860F0CD143463246294675
:10BE80002046CDE90A9A02B0BDE8F047FFF779BD38
:10BE90006FF0860002B0BDE8F08713B5044648682D
:10BEA000000A0AD10498009004F10800F5F7EEFAB0
:10BEB00008B91C23236002B010BD6FF08600FAE7BA
:10BEC00010B404681C2C03D110BC0830F5F70ABB71
:10BED0006FF0860010BC704738B503681C2B0CD17E
:10BEE00000F10804204600F06AF94FF4907105460D
:10BEF0002046F4F717FC284638BD0025FBE7036809
:10BF00001C2B02D1083000F035B96FF08600704765
:10BF100010B404681C2C03D110BC083000F033B9F5
:10BF20006FF0860010BC704703681C2B02D10830EC
:10BF300000F035B90020704710B44468240A02D1DB
:10BF400010BC00F044B96FF0860010BC70470020B0
:10BF5000704713B5002001AB1446F6F765F830B909
:10BF6000019BA34218BF6FF0930002B010BD6FF0A9
:10BF70009200FAE70020704710B4048804F44F449C
:10BF8000B4F5824F02D110BC00F046B96FF08500C5
:10BF900010BC704710B4048804F44F44B4F5824FC9
:10BFA00002D110BC00F068B96FF0850010BC70477A
:10BFB00010B4048824F0FF04B4F5E24F02D110BCA1
:10BFC00000F0ADB96FF0850010BC7047024612F862
:10BFD000103BDB0903EBC303C3EB031312F8011D92
:10BFE00083EA4103904213704FEA1323F6D170475E
:10BFF0002DE9FF4705468846144622B3D0F848612C
:10C0000000F5947786B9A0444FF010090DF10C0AA1
:10C01000102CA8EB040237D823463946384600F0E6
:10C02000EEF8C5F848410EE0C6F110094A450FD8B0
:10C03000B91913460846424600F0E1F8D5F84831F0
:10C040002344C5F848310026304604B0BDE8F087E7
:10C05000B9F1000F08D0B91942464B46084600F026
:10C06000CEF8103EC844344403AB10220193009232
:10C070003B4639462846FFF723FF06460028C2D034
:10C080002846FFF729FFDFE710233946384600F03E
:10C09000B6F8CDE9009A3B46102239462846FFF70C
:10C0A0000FFF06460028EBD1103CB1E72DE9F04325
:10C0B0009846D0F84831102B174685B0044689467B
:10C0C00000F59C7200F594751CD12946284600F0B5
:10C0D00096F803AB1022019300922B462946204686
:10C0E000FFF7EEFE064630B93A462946484600F0CC
:10C0F00040F9C8F800702046FFF7EEFE304605B064
:10C10000BDE8F083C618104696F8283183F0800306
:10C1100086F82831FFF75AFF10230246D5E7F0B51D
:10C12000D5B004460E46174600214FF4A67201A86A
:10C130001D4600F046F921463B46324601A8F5F778
:10C140001DF9044680B95A9A294601A8FFF750FF05
:10C15000044648B9DDE95C235B9901A8FFF7A6FF17
:10C160000446204655B0F0BD01A8FFF7B5FEF8E73C
:10C17000F5F72AB990F84C31022B01D1FFF738BFFF
:10C180006FF08800704710B490F84C41022C02D137
:10C1900010BCFFF78BBF6FF0880010BC704710B564
:10C1A00090F84C31022B044607D1FFF795FE4FF46F
:10C1B000A8720021204600F004F9002010BD08B547
:10C1C0004FF49072002100F0FCF8002008BD10B47C
:10C1D000048804F44F44B4F5824F02D110BCF5F743
:10C1E000A7B96FF0850010BC7047034601440020DA
:10C1F00013F8012B8B4240EA0200F9D1704730B5A9
:10C200000B4411F8014B12F8015B994284EA0504D2
:10C2100000F8014BF5D130BDF8B5054614466F88DE
:10C220002D8805F4E04CBCF5804F1846DDE9063654
:10C2300006D19A421DD800F09CF834600020F8BD69
:10C2400047F21212954202D06FF08500F7E76400C2
:10C2500001349C420DD80423B7F5807F346003700D
:10C26000F2D10130F5F7E2FA0028E7D06FF086004E
:10C27000E5E76FF08900E2E72DE9F0411F4603880A
:10C28000DDF820800E4644F212118B42154642889A
:10C290002ED047F212118B423BD102B9EA00B2F51F
:10C2A000807F36D1202D03D06FF08600BDE8F0816D
:10C2B00029463046FFF799FF0028F5D03046F5F7BC
:10C2C000A1FA0028F0D1D8F8004034F48074EBD102
:10C2D000069B9D4220D82A463146384600F049F850
:10C2E000079B1D604FF48073C8F800302046DDE7DF
:10C2F0001AB9EB07D8D56A08D200B2F5807F08D109
:10C30000412DD1D13378042BCED1701CF5F784FAAE
:10C31000D7E76FF08500C9E76FF08900C6E7F8B589
:10C320000D46478801881E4647F21213FC1D9942AC
:10C330004FEAD40402D06FF08500F8BD944215D8BE
:10C3400021462846F4F7D4FD0028F6D12146284698
:10C35000FFF74BFF0028F3D0B7F5807FEBD12846DD
:10C36000F5F750FA0028EBD13460E6E76FF089006A
:10C37000E3E70A44914200F1FF3300D1704710B562
:10C3800011F8014B03F8014F9142F9D110BD8842D9
:10C3900010B501EB020402D98442234607D8431E9C
:10C3A000A14208D011F8012B03F8012FF8E702444D
:10C3B00001468A4200D110BD13F8014D02F8014D2B
:10C3C000F7E702440346934200D1704703F8011B8C
:10C3D000F9E710B501390244904201D1002005E08F
:10C3E000037811F8014FA34201D0181B10BD013092
:10C3F000F2E710B56AB10139841810F8012B11F871
:10C40000013F9A4203D1A04201D0002AF5D1D01AAF
:10C4100010BD1046FCE710B50139044632B111F8E1
:10C42000013F00F8013B013A002BF7D10021FFF753
:10C43000C8FF204610BD10B5024601448A4213468B
:10C4400003D01C780132002CF8D1181A10BDF0B5B9
:10C45000C3F137070446FFB203F01F031046082B51
:10C46000E6B233D0102B3ED06508A40844EA8174AC
:10C4700045EAC1752D194FEA910242EB5102290993
:10C4800041EA02716D1842EB1212290A41EA026177
:10C490006D1842EB1222290C41EA02416D1842EB61
:10C4A0001242AD1842F10002EC0844EA4274D1088D
:10C4B00004EB8402A6EB4205EDB2092D0CD9013440
:10C4C000A5F10A0541F10001EDB212E0E40844EAE9
:10C4D000417406F00705C908303554EA010200F836
:10C4E000015BBCD1F0BD240944EA017406F00F05DC
:10C4F0000909092D84BFED19EDB2EDE7D1E9043248
:10C5000093421EBF5A1C0A611870704701480068A8
:10C510007047000054360020B841FE7F0100000043
:10C52000554C010000000000E14C0100000000003B
:10C530000000000000C60200C9ED0100000000007C
:10C54000EDED0100000000000000000020C6020028
:10C550000000000040C6020091E101000000000060
:10C56000ADA4020000000000B7A40200000000001B
:10C5700000000000A0C602000000000080C602000B
:10C5800000000000C0C6020000000000E0C602007B
:10C590000000000060C60200F9D3010000000000A6
:10C5A0006D4A0100000000000000000000C702000A
:10C5B000353901000000000009E201000000000020
:10C5C000BBA4020000000000A1F101000000000077
:10C5D0000000000020C702005D50010000000000C4
:10C5E0002DAC01000000000029A4020000000000A2
:10C5F00033A40200000000004161020000000000BE
:10C600005FE50200BCD4020014C90200F609002054
:10C610000443002031C401000000000000000000BD
:10C62000A8E50200DCD40200E0C80200FE090020F8
:10C63000CC43002099CD0100000000000000000064
:10C64000B6E50200F0D40200E0C80200000A0020B3
:10C65000D843002099CD0100000000000000000038
:10C66000ACDD0200A40D002030C90200F409002056
:10C6700038030020B5360100000000000000000073
:10C680006EE5020000000000C0C80200F8090020AA
:10C6900058430020A9C8010000000000000000006D
:10C6A0007EE5020000000000CCD40200FA09002060
:10C6B00000000000019C02000000000000000000DB
:10C6C000CCE5020004D502007CC90200020A002069
:10C6D000DC0800209FA0020099A0020000000000DA
:10C6E000DAE502000000000004C90200040A00208C
:10C6F000000900205DD601000000000000000000DD
:10C7000012E602000000000080D50200060A0020A8
:10C71000F04300205DD80100000000000000000090
:10C720008EE5020000000000C8C80200FC090020DD
:10C7300000000000A5C9010000000000000000008A
:10C740008FAB0200FBA40200000000005F66020045
:10C75000C0C60200F39F0200000000005F660200F6
:10C76000000000005F660200000000005F6602003B
:10C7700018070020239E0200000000005F660200F0
:10C78000000000005F660200000000005F6602001B
:10C79000000000005F660200000000005F6602000B
:10C7A000000000005F6602005843002019C9010024
:10C7B000000000005F660200000000005F660200EB
:10C7C0000009002065AC02000000000089D40100CF
:10C7D000000000005F660200000000005F660200CB
:10C7E000000000005F660200000000005F660200BB
:10C7F000000000005F660200000000005F660200AB
:10C80000000000005F66020000000000F9E1010086
:10C81000000000005F660200000000005F6602008A
:10C82000000000005F660200000000005F6602007A
:10C83000000000005F660200000000005F6602006A
:10C84000000000005F660200000000005F6602005A
:10C85000000000005F660200000000005F6602004A
:10C86000000000005F660200000000005F6602003A
:10C87000000000005F66020029BB0100FBA402006B
:10C88000000000005F660200000000005F6602001A
:10C89000000000005F660200000000005F6602000A
:10C8A000000000005F660200000000005F660200FA
:10C8B000000000005F660200000000005F660200EA
:10C8C00051C80100A9C70100519D0200D5CB01004C
:10C8D000B9CA01009DC901001D9D02008DC901005A
:10C8E000D5CD0100799D0200879D02009F9D020029
:10C8F000AB9D0200B79D020051CC0100D19D02000A
:10C900000000000067A2020039A20200EDD501007C
:10C910003FA2020089C401006B9B0200CD9B020074
:10C9200000000000079B0200000000000000000063
:10C930007563020041370100000000006D35010001
:10C940002D6302004D350100DB610200E56102004C
:10C950002D35010005620200000000000F62020098
:10C9600000000000000000001D620200876302005A
:10C97000396202007362020041620200839E02007B
:10C98000E5D00100759E02008FA10200A99E020061
:10C99000D19E0200079F02001B9F0200499F0200D8
:10C9A0005D9F02001B9F0200399F0200719F0200E1
:10C9B0007F9F02008D9F0200C39F0200C79F02005D
:10C9C0000000000000000000050000007D7801006C
:10C9D00006000000C59A010004000000317E01003D
:10C9E000F51A0100D91B0100CD0E01000000000066
:10C9F0002D14010000000000791C0100000000005F
:10CA00000000000000000000000000000000000026
:10CA100000000000A19301000000000000000000E1
:10CA2000E0D202000800000080D3020007000000EE
:10CA3000FCCF02000400000068CD02000D000000E1
:10CA40006CCE02001400000005E3020000000000AC
:10CA500000000000754D0100C14F01000000000002
:10CA6000CEE4020001000000000000006D8602001C
:10CA70000000000000000000DDE4020001000000F2
:10CA800000000000B38A0200000000000000000067
:10CA9000D5E402000100000000000000A5880100AC
:10CAA000B59201000000000022E502000100000034
:10CAB0000000000045980200E1A80100000000000D
:10CAC000E3E402000100000000000000BD8B010053
:08CAD000AD8C01000000000024
:10CAE00000000000401F00000000000002000000E5
:10CAF000010001000001010000010001000001002F
:10CB00000100000001000B0002000A0005000900FE
:10CB10000A000800140007001E000600320005008D
:10CB20004B0004006400030096000200FA000100BC
:10CB3000F401000002030100F401FA009600640011
:10CB40004B0032001E0014000A0005000200010024
:10CB50000C0802170D01010209090101060209185A
:10CB6000180301010909030305030201230202243A
:10CB70000910040405050B0B040B2B1B1B151A1ABB
:10CB80001C021D16130501490D150508061B1B0F78
:10CB90001D1D0A060601010000FEFEFEFEFEFEFE51
:10CBA000FEFEFEFEFEFEFEFEFEFE16FEFEFEFEFE8D
:10CBB000FEFEFEFEFEFE1F1FFEFE26FEFEFEFEFE2B
:10CBC000FEFEFEFEFEFEFEFEFEFEFEFEFE3E3EFE05
:10CBD000FEFEFE3B3B00A301B103BF05EF02490689
:10CBE000A309C505F50B25120E021C045A03B40651
:10CBF0003006600C01000000101100400000000031
:10CC00000000000000000000000000000406080A08
:10CC10000C0E10121416181C1E20222426282A2C52
:10CC20002E30323436383A3C3E40424446484A4C34
:10CC30004E021A50000000002800000018000000FA
:10CC400000000000141E0000301100000000000071
:10CC500070170000A00F00000000DC05E8030000D2
:10CC600000000000141E00003011000000002CA67F
:10CC7000E0A100003408E803000103020C000C00EE
:10CC800000009001D8ECF0F4F8FC00020304050663
:10CC90000708000000000000000000000000000085
:10CCA0000000000000000101010102020202030372
:10CCB0000303040404040505050506060608090027
:10CCC0000000000000000000000000000000000064
:10CCD0000000000101010102020202030303030438
:10CCE0000404040505050506060708090A0B0C0DD2
:10CCF00000100200FA00000000C20100000008015C
:10CD0000030062746C650000000000000000000079
:10CD10000000000000000000000000000000000013
:10CD20000000000000000000000000000000000003
:10CD300000000000010000000000000000000000F2
:10CD40000338FDD87047000009100000EEDB020038
:10CD500001010000CE09002003040000CA090020E0
:10CD600019020000C8090020B4D80200858702001B
:10CD700000000000B0D8020000000100ACD80200A2
:10CD8000D38B0200000000009C0500200000010081
:10CD9000A4D802003F4E0200000000001EDD020089
:10CDA00000000100A0D80200D38B020000000000A8
:10CDB000940500200000010098D802003F4E0200B8
:10CDC000000000000DDD02000000010094D8020008
:10CDD000D38B0200000000008C0500200000010041
:10CDE0008CD802003F4E02000000000008DD020067
:10CDF0000000010088D80200D38B02000000000070
:10CE0000840500200000010080D802003F4E02008F
:10CE10000000000002DD0200000001007CD80200DA
:10CE2000D38B0200000000007C0500200000010000
:10CE300074D802003F4E020000000000FCDC02003B
:10CE40000000010070D80200D38B02000000000037
:10CE5000740500200000010068D802003F4E020067
:10CE600000000000CF0900200000040024D90200C7
:10CE7000858702000000000020D9020000000100A8
:10CE80001CD90200D38B0200000000001C06002009
:10CE90000000010014D90200A10E010000000000F2
:10CEA000000000000000040010D90200D38B020033
:10CEB00000000000140600200000010008D9020054
:10CEC000850E0100000000000000000000000400CA
:10CED00004D90200D38B0200000000000C060020E1
:10CEE00000000100FCD80200690E0100CD1C010009
:10CEF0000000000000000C00F8D80200D38B0200F4
:10CF0000000000000406002000000100F0D802002C
:10CF10004D0E0100000000000000000000000400B1
:10CF2000ECD8020057870200A58D0100EC05002017
:10CF300000000C00E8D80200274E020000000000AC
:10CF400026DD020000000400E4D80200D38B0200BA
:10CF500000000000E405002000000100DCD8020011
:10CF6000310E01000000000000000000000004007D
:10CF7000D8D8020057870200A58D0100CC050020FB
:10CF800000000C00D4D80200274E02000000000070
:10CF900024DD020000000400D0D80200D38B020080
:10CFA00000000000C405002000000100C8D80200F5
:10CFB000150E010000000000000000000000040049
:10CFC000C4D8020057870200A58D0100AC050020DF
:10CFD00000000C00C0D80200D38B0200000000004B
:10CFE000A405002000000100B8D8020000000000E5
:10CFF000411D010000000000000008004CD90200A3
:10D00000858702000000000048D9020000000100EE
:10D0100044D90200D38B0200000000006406002007
:10D02000000001003CD902000F4E02000000000089
:10D03000F00900200000040038D9020057870200E0
:10D04000A58D01004C06002000000C00000000002F
:10D05000030000002000000030000000000000007D
:10D060000000000039660200FC060020F4060020E3
:10D07000EC06002000000000E4060020713E0100E4
:10D08000653D0100B93D0100193E010005000000A9
:10D0900000000000000000000010000020C7020097
:10D0A000010000000010000000900D0020C70200E9
:10D0B0000200000000A00D000020000020C70200B8
:10D0C0000300000000C00D000040000020C7020067
:10D0D0000400000000000E000000020020C7020053
:10D0E000000000200000000000000B06020000000D
:10D0F000F4D002000000000086E2020026000202D6
:10D10000000000208EE2020022000B110807002020
:10D11000F94A010000000000DD66020010D10200A3
:10D120002CD102004A00000000000000B09B00204B
:10D1300010D1020040D102002E00000000000000CB
:10D1400078A0002010D1020054D10200020100009A
:10D15000000000004CA100200E030000D55C01007F
:10D160000F040000115D01001A010000916A020025
:10D17000050400008552010013010000436C020009
:10D180003E0100003D53010001120000CB6D020082
:10D190000A1E0000BD6D0200FF010000FD520100EB
:10D1A0003E0100001D530100050400000F6B02004A
:10D1B000080400007F6E0200300300001F6E0200B2
:10D1C00010010000696B020001120000555C0100B3
:10D1D0000A1E0000F570020003090000E56C020061
:10D1E000040B0000716B0200060A0000DF6F0200F2
:10D1F000070A0000516B02000C050000376B0200AB
:10D20000050C0000176F020010D1020018D20200B6
:10D21000470000000000000068A2002010D10200BA
:10D220002CD20200000000000000000028A3002013
:10D2300010D1020040D202004A00000000000000AD
:10D2400050A30020D37802002579020000000000DE
:10D250000000000000000000DB7A02000000000077
:10D2600000000000000000000000000002020100B9
:10D2700095830200040401009D850100060601005B
:10D28000DD84010008040100C98301000A020100D5
:10D290007D8302000C040100658302000E0401007E
:10D2A0009D820100200401000182010010040100A0
:10D2B0001181010012020100E58302001E0004003A
:10D2C0007F840200520200000B84020010D1020091
:10D2D000DCD202004C00000000000000A8A40020E6
:10D2E0007CD90200858702000000000078D9020086
:10D2F0000000010074D90200D38B0200000000007E
:10D3000070080020000001006CD90200000000003D
:10D3100000000000000000000000000068D90200CA
:10D3200057870200A58D0100780800200000030047
:10D3300064D90200D38B02000000000068080020BE
:10D34000000001005CD90200BD870200E7890200ED
:10D35000000000000000030058D90200D38B020037
:10D3600000000000600800200000010050D9020009
:10D37000C191010000000000000000000000010059
:10D38000A8D902008587020000000000A4D902008D
:10D3900000000100A0D90200D38B020000000000B1
:10D3A000A00800200000010098D90200ED870200CB
:10D3B00000000000000000000000010094D90200FD
:10D3C000D38B02000000000098080020000001003C
:10D3D0008CD9020017880200000000000000000045
:10D3E0000000010088D90200D38B02000000000079
:10D3F000900800200000010080D902003F88020050
:10D40000000000000000000000000100C19F0100BA
:10D41000679602000DA70100000000000000000058
:10D4200071A50100000000000000000000000000E5
:10D430000000000000000000000000007DA00100CE
:10D44000060000005393020006000000F392020061
:10D4500010000000F19B0100100000001D9602006A
:10D4600001000000798F0200100000004F930200BD
:10D470000A0000007F90020010000000F5A50100E6
:10D4800007000000579302001000000025900200E2
:10D4900001000000199F0100400000009792020067
:10D4A000100000007390020001000000A5AD010013
:10D4B000EDC30100BDC301000000000045C501002F
:10D4C000C5C40100F79B0200F39B0200179C0200F9
:10D4D000000000000400000000FF0000FFFF00004B
:10D4E00000030050180700200000000001000000A9
:10D4F000FFFFFFFF000000501807002000000000A1
:10D5000000000000002000400100000000000000BA
:10D5100024D502000000D601000000004A56002079
:10D52000495600200020004030D5020002000000D3
:10D5300050D502000400000040D5020004010000A4
:10D540001480000018800001118000021680000382
:10D550001400000011000002180600011606000366
:10D5600040C602000600010040C60200080001009B
:10D5700020C602000900010040C602000C000100A4
:10D58000A9D7010001A302002FA302000800000098
:10D590000300000020C5020020C5020098C502005B
:10D5A000A0C5020000C6020000C6020065E6020037
:10D5B0000001000000000000512563FCC2CAB9F35D
:10D5C000849E17A7ADFAE6BCFFFFFFFFFFFFFFFF3A
:10D5D00000000000FFFFFFFFAAAAAAAAAAAAAAAAFF
:10D5E000AAAAAAAA55555555555555555555555597
:10D5F0000000000055555555522563FCC2CAB9F3C9
:10D60000849E17A7ADFAE6BCFFFFFFFFFFFFFFFFF9
:10D6100000000000FFFFFFFF512563FCC2CAB9F301
:10D62000849E17A7ADFAE6BCFFFFFFFFFFFFFFFFD9
:10D6300000000000FFFFFFFF96C298D84539A1F413
:10D64000A033EB2D817D0377F240A463E5E6BCF8BF
:10D6500047422CE1F2D1176BF551BF376840B6CB8A
:10D66000CE5E316B5733CE2B169E0F7C4AEBE78E86
:10D670009B7F1AFEE242E34F4B60D2273E3CCE3BFB
:10D68000F6B053CCB0061D65BC86987655BDEBB39D
:10D69000E7933AAAD835C65AFCFFFFFFFFFFFFFF0A
:10D6A000FFFFFFFF0000000000000000000000007E
:10D6B00001000000FFFFFFFFFF8FFFFFFF8FFFFF55
:10D6C000FE8FFFFFFE8FFFFFFD8FFFFFFC8FFFFF31
:10D6D000FC8FFFFF6D757465785F6672656520630A
:10D6E000616C6C65642077697468204E554C4C20E1
:10D6F000706172616D6574657200000043616E2730
:10D700007420696E697469616C697A65206D7574DD
:10D7100065782C20776173204E554C4C0D0A000023
:10D720004661696C20746F20616371756972652050
:10D730006D757465780A00004661696C20746F200D
:10D74000696E63726561736520504D20636F756EFD
:10D750007465720A000000004661696C20746F20D5
:10D76000646563726561736520504D20636F756EEB
:10D770007465720A000000004661696C20746F20B5
:10D7800072656C65617365206D757465780A00005B
:10D79000436F756C64206E6F74206C6F636B2070C8
:10D7A0006F7765722073617665206D75746578009A
:10D7B0004661696C20746F20756E6C6F636B206DB1
:10D7C000757465780A0000006374782063616E6E7A
:10D7D0006F74206265204E554C4C00000A637478CB
:10D7E000206973204E554C4C0A00000067E6096A18
:10D7F00085AE67BB72F36E3C3AF54FA57F520E5172
:10D800008C68059BABD9831F19CDE05BD89E05C101
:10D8100007D57C3617DD703039590EF7310BC0FF54
:10D8200011155868A78FF964A44FFABE0123456704
:10D8300089ABCDEFFEDCBA9876543210F0E1D2C35A
:10D84000647261676F6F6E2F6C6962732F736368A8
:10D8500065642F7372632F73636865645F68616CBE
:10D860005F7274632E6300000000252A0000252AE1
:10D87000000003280000282A0000282A00000328AE
:10D880000000262A0000262A000003280000272A7C
:10D890000000272A000003280000242A0000242A70
:10D8A000000003280000292A0000292A000003287C
:10D8B00000000A180000002800004C2A00004C2A32
:10D8C00000000328000002290000222A0000222A6A
:10D8D00000000328000008290000022900004D2A4A
:10D8E00000004D2A0000032800000829000002293A
:10D8F00000004D2A00004D2A0000032800004E2A97
:10D9000000004E2A0000032800004B2A00004B2A8A
:10D910000000032800004A2A00004A2A00000328C9
:10D9200000001218000000280C000C0000009001FC
:10D930000C000C0000009001000002290000192AD0
:10D940000000192A0000032800000F18000000281A
:10D9500000002A2B00002A2B000003280000292B9E
:10D960000000292B00000328000002290000052ADE
:10D970000000052A0000032800000118000000280C
:10D980000000042A0000042A000003280000012AE5
:10D990000000012A000003280000002A0000002ADD
:10D9A0000000032800000018000000285B506948B0
:10D9B00075625D205357312035733A20636C656181
:10D9C0007220626F6E6473202B20776970652073FC
:10D9D000657474696E67730A005B50694875625DAF
:10D9E0002073657474696E67732073746F726167F6
:10D9F00065206572617365206661696C65643A20B3
:10DA000025640A005B50694875625D207365747413
:10DA1000696E67732073746F7261676520657261E8
:10DA20007365643B207265626F6F74696E670A008C
:10DA30004556542050524F544F202575004556549A
:10DA400020434F4E4E5F504152414D5320696E74FA
:10DA5000657276616C5F6D733D2575206C617465D0
:10DA60006E63793D25752074696D656F75745F6DA2
:10DA7000733D2575004556542041445620256400C9
:10DA800045565420434F4E4E2025640045565420A1
:10DA9000455252202564004F4B0045565420504FAC
:10DAA000525420434D440045565420555342203192
:10DAB0000045565420424F4F542070696875622DBE
:10DAC000686964004556542042494E455252206BC5
:10DAD000622074696D656F75740045565420424923
:10DAE0004E455252206B6220256400455654204218
:10DAF000494E4552522063632074696D656F757499
:10DB0000004556542042494E455252206363202519
:10DB1000640050494E4700504F4E47005354415403
:10DB2000555300534E4150005354415455532061B6
:10DB300064763D256420636F6E6E3D2564207365B9
:10DB4000633D25752072656164793D25642070729E
:10DB50006F746F3D2575206572723D2564206B6280
:10DB60005F6E6F746966793D256420626F6F745FC4
:10DB70006E6F746966793D25642063635F6E6F74B0
:10DB80006966793D256420626174745F6E6F7469A3
:10DB900066793D25642073757370656E643D2564F8
:10DBA00020696E74657276616C5F6D733D257520BA
:10DBB0006C6174656E63793D25752074696D656F60
:10DBC00075745F6D733D257500534E415045565435
:10DBD000005354415455535F455654004556542004
:10DBE000524541445920256400494E464F00506932
:10DBF000487562206E72662052656D6F74650049CB
:10DC00004E464F206E616D653D25732066773D253C
:10DC10007320616464723D3F0032303236313030FF
:10DC2000332D313133332D30333763613936007062
:10DC300075626C69630072616E646F6D007075620D
:10DC40006C69632D69640072616E646F6D2D696427
:10DC50000030782530327800253032583A2530327D
:10DC6000583A253032583A253032583A2530325811
:10DC70003A25303258202825732900494E464F2036
:10DC80006E616D653D25732066773D257320616467
:10DC900064723D257300554E50414952004B42007D
:10DCA000455252202D45494E56414C0043430045B4
:10DCB0005252202D4532424947004556542044498E
:10DCC000534320726561736F6E3D257500253032B8
:10DCD0005800636D645F7278005B50694875625DDF
:10DCE0002062745F656E61626C65206661696C6557
:10DCF000642028657272202564290A00312E302E96
:10DD00003000312E302E3000726576410050694867
:10DD10007562206E72662052656D6F746500506981
:10DD2000487562000201010105010906A101850192
:10DD3000050719E029E715002501750195088102FD
:10DD4000950175088101950675081500256519006E
:10DD500029658100C0050C0901A101850215002675
:10DD6000FF0319002AFF03751095018100C001010E
:10DD700000034661696C656420746F207265626F90
:10DD80006F743A207370696E6E696E6720656E6499
:10DD90006C6573736C792E2E2E0A00303132333459
:10DDA0003536373839414243444546006364635F42
:10DDB00061636D5F756172743000757362776F7245
:10DDC0006B71002A2A2A20426F6F74696E67206E79
:10DDD000524620436F6E6E6563742053444B207629
:10DDE000332E322E312D643838383766366633326A
:10DDF0006466202A2A2A0A002A2A2A205573696E74
:10DE000067205A6570687972204F532076342E321D
:10DE10002E39392D6563373831303466313536392E
:10DE2000202A2A2A0A006D757465785F696E697404
:10DE30002063616C6C65642077697468204E554C72
:10DE40004C20706172616D6574657200436F756C12
:10DE500064206E6F7420616C6C6F63617465206DFB
:10DE600075746578206265666F726520696E697485
:10DE700069616C697A696E670072302F61313A208E
:10DE800020307825303878202072312F61323A20C6
:10DE900020307825303878202072322F61333A20B4
:10DEA000203078253038780A0072332F61343A20D8
:10DEB00020307825303878207231322F69703A203E
:10DEC00020307825303878207231342F6C723A2027
:10DED000203078253038780A0020787073723A2024
:10DEE000203078253038780A004661756C74696E88
:10DEF0006720696E737472756374696F6E206164F4
:10DF0000647265737320287231352F7063293A204B
:10DF10003078253038780A00556E68616E646C651B
:10DF200064204952516E3A2025640A002A2A2A2A7E
:10DF30002A204D5055204641554C54202A2A2A2A41
:10DF40002A0A002020537461636B696E6720657232
:10DF5000726F722028636F6E7465787420617265C9
:10DF600061206D69676874206265206E6F74207629
:10DF7000616C6964290A002020556E737461636BBB
:10DF8000696E67206572726F720A002020446174A6
:10DF900061204163636573732056696F6C617469B6
:10DFA0006F6E0A0020204D4D46415220416464723C
:10DFB0006573733A20307825780A002020496E7303
:10DFC0007472756374696F6E204163636573732047
:10DFD00056696F6C6174696F6E0A002020466C6F21
:10DFE0006174696E672D706F696E74206C617A79E7
:10DFF00020737461746520707265736572766174E4
:10E00000696F6E206572726F720A002A2A2A2A2AA4
:10E01000205553414745204641554C54202A2A2A31
:10E020002A2A0A0020204469766973696F6E20628B
:10E0300079207A65726F0A002020556E616C6967DD
:10E040006E6564206D656D6F7279206163636573C1
:10E05000730A0020204E6F20636F70726F636573C8
:10E06000736F7220696E737472756374696F6E7307
:10E070000A002020496C6C6567616C206C6F6164DC
:10E08000206F66204558435F52455455524E2069D3
:10E090006E746F2050430A002020496C6C656761E4
:10E0A0006C20757365206F66207468652045505339
:10E0B000520A002020417474656D707420746F20C2
:10E0C0006578656375746520756E646566696E65EF
:10E0D0006420696E737472756374696F6E0A002AC6
:10E0E0002A2A2A2A20425553204641554C54202A98
:10E0F0002A2A2A2A0A002020537461636B696E67FA
:10E10000206572726F720A00202050726563697315
:10E1100065206461746120627573206572726F722C
:10E120000A002020424641522041646472657373A4
:10E130003A20307825780A002020496D7072656396
:10E140006973652064617461206275732065727201
:10E150006F720A002020496E737472756374696F60
:10E160006E20627573206572726F720A0052657359
:10E17000657276656420457863657074696F6E209A
:10E18000280053707572696F757320696E746572BB
:10E190007275707420284952512000535053454CD9
:10E1A00020696E20746872656164206D6F646520FB
:10E1B000646F6573206E6F7420696E646963617447
:10E1C00065205053500A002A2A2A2A2A2048415200
:10E1D00044204641554C54202A2A2A2A2A0A002043
:10E1E00020427573206661756C74206F6E207665B1
:10E1F00063746F72207461626C6520726561640A79
:10E200000020204465627567206576656E740A009B
:10E2100020204661756C7420657363616C6174695C
:10E220006F6E20287365652062656C6F77290A0020
:10E23000415243485F4558434550542077697468BC
:10E2400020726561736F6E2025780A0A002A2A2AD7
:10E250002A2A204465627567206D6F6E69746F723B
:10E2600020657863657074696F6E202A2A2A2A2ACD
:10E270000A002A2A2A2A2A20257320256429202AEE
:10E280002A2A2A2A0A00464C4153485F300053523A
:10E29000414D5F30006578697400000001000000A6
:10E2A00000FFFFFFFFFFFF00000000000000FFFF76
:10E2B000FFFFFFFF00000000000062742F25732F96
:10E2C0002530327825303278253032782530327852
:10E2D000253032782530327825752F257300627409
:10E2E0002F25732F2530327825303278253032783B
:10E2F0002530327825303278253032782575006225
:10E30000742F2573006274004254204C57205751DB
:10E310000002FB349B5F80000080001000000000C2
:10E3200000000104000200000002000000000000E4
:10E3300000050000000000000000000000000000D8
:10E340000005574553545F544F504449522F7A6546
:10E35000706879722F7375627379732F626C75654B
:10E36000746F6F74682F686F73742F6863695F636D
:10E370006F72652E63006576745F666C61677320EB
:10E3800026202831554C203C3C20283029290041AA
:10E390005353455254494F4E204641494C205B252A
:10E3A000735D20402025733A25640A0062745F681B
:10E3B00063695F6576745F6765745F666C616773D8
:10E3C000286864722D3E65767429202620283155F0
:10E3D0004C203C3C20283129290062756600737569
:10E3E00063636573730009636F6D6D616E64206FA5
:10E3F00070636F6465203078253034782074696DDF
:10E40000656F75740A00657272203D3D2030000909
:10E41000436F6E74726F6C6C657220756E7265738B
:10E42000706F6E736976652C20636F6D6D616E64BD
:10E43000206F70636F6465203078253034782074E5
:10E44000696D656F757420776974682065727220D4
:10E4500025640A00425420525820575100000909EF
:10E46000090901020909090909090909090909072D
:10E47000090909090906090909090909090909090F
:10E4800009090909090905E69D350E480103CCDB98
:10E49000FDF4AC1191F4EFB9A5F9E9A7832C5E2C3A
:10E4A000BE97F2D203B0208BD28915D08E1C742473
:10E4B00030ED8FC24563765C15525ABF9A32636D58
:10E4C000EB2A65499C80DC010101010102036274B1
:10E4D0002F6363630062742F686173680062742F36
:10E4E00063660062742F7363000005061F1F2918FE
:10E4F000120308020305080A0008010304010504C9
:10E5000005090607010106060800000100010003D5
:10E5100001000302020100020000000000020301EA
:10E52000000362742F6B657973006C888391AAF580
:10E53000A53860370BDB5A6083BE00070E091C1B31
:10E540001215383F363124232A2D757362645F77A4
:10E550006F726B7100010002030001010101016390
:10E560006C6F636B4034303030303030300072616B
:10E570006E646F6D40343030306430303000637220
:10E580007970746F40353030326130303000666CF5
:10E590006173682D636F6E74726F6C6C657240345A
:10E5A00030303165303030006770696F4035303061
:10E5B0003030333030006770696F40353030303084
:10E5C00030303000000102030405060775617274E3
:10E5D00040343030303230303000776174636864FA
:10E5E0006F6740343030313030303000536F6674F4
:10E5F00044657669636520436F6E74726F6C6C65F9
:10E6000072204153534552543A2025732C202564DF
:10E610000A0062745F6863695F736463004D5053FE
:10E620004C204153534552543A2025732C202564E5
:10E630000A004D50534C20576F726B0000000000D1
:10E640000001010000000000002030303030303088
:10E650003030303030303030000100000100000038
:10E660006D61696E00737973776F726B710014144A
:10E6700000001C2030401C2000001C2030400040C6
:10E680009B8FACC31D42AE44FACD1FC348A0B42F2C
:10E69000CF29EE3D00FFFFFFFF1F00286E756C6C59
:10E6A00029002A666C6F61742A000000FFFFFFFFDB
:10E6B000FF1F00001F000000000000001D400000C0
:10E6C00000000000FFFFFFFF1FFF0000BAABBABA57
:10E6D000101010100000000000800040000000003A
:10E6E000000000000C0000000000000000FF7F00A0
:10E6F000000000000000000000000000000000001A
:10E70000813D00000000000053E700000000000011
:10E71000993D00000000000073E7000000000000C9
:10E7200031E70000000000000000000000000000D1
:10E7300000000000000000000000000000000000D9
:10E7400000000000000000000000000000000000C9
:10E7500000000000000000000000000000000000B9
:10E7600000000000000000000000000000000000A9
:10E770000000000000000000000000000000000099
:10E780000000000000000000000000000000000089
:10E790000000000000000000000000000000000079
:10E7A0000000000000000000000000000000000069
:10E7B0000000000000000000000000000000000059
:10E7C0000000000000000000000000000000000049
:10E7D0000000000000000000000000000000000039
:10E7E0000000000000000000000000000000000029
:10E7F0000000000000000000000000000000000019
:10E800000000000000000000000000000000000008
:10E8100000000000000000000000000000000000F8
:10E8200000000000000000000000000000000000E8
:10E8300000000000000000000000000000000000D8
:10E8400000000000000000000000000000000000C8
:10E8500000000000000000000000000000000000B8
:10E8600000000000000000000000000000000000A8
:10E870000000000000000000000000000000000098
:10E880000000000000000000000000000000000088
:10E890000000000000000000000000000000000078
:10E8A0000000000000000000000000000000000068
:10E8B0000000000000000000000000000000000058
:10E8C0000000000000000000000000000000000048
:10E8D0000000000000000000000000000000000038
:10E8E0000000000000000000000000000000000028
:10E8F0000000000000000000000000000000000018
:10E900000000000000000000000000000000000007
:10E9100000000000000000000000000000000000F7
:10E9200000000000000000000000000000000000E7
:10E9300000000000000000000000000000000000D7
:10E9400000000000000000000000000000000000C7
:10E9500000000000000000000000000000000000B7
:10E9600000000000000000000000000000000000A7
:10E970000000000000000000000000000000000097
:10E9800000000000DC020020710301007703010099
:10E99000790301009F0301007D030100A903010029
:10E9A00083030100B303010089030100BF030100D9
:10E9B00095030100990301008B03010091030100FD
:10E9C000AF030100B90301002403002001FF000090
:10E9D000B1060100BD060100C1060100C906010023
:10E9E000CD06010000000000000000000000000053
:10E9F0000000000000000000000000000000000017
:10EA00000000000000000000000000000000000006
:10EA100000000000000000000000000000000000F6
:10EA200000000000000000000000000000000000E6
:10EA300000000000000000000000000000000000D6
:10EA400000000000000000000000000000000000C6
:10EA500000000000000000000000000000000000B6
:10EA600000000000000000000000000000000000A6
:10EA7000840600207006002000C20100000008008B
:10EA80000000000000000000000000000000000086
:10EA90000000000000000000000000000000000076
:10EAA0000000000000000000000000000000000066
:10EAB0000000000000000000000000000000000056
:10EAC0000000000000000000000000000000000046
:10EAD0000000000000000000000000000000000036
:10EAE0000000000000000000000000000000000026
:10EAF0000000000000000000000000000000000016
:10EB00000000000000000000000000000000000005
:10EB100000000000000000000000000000000000F5
:10EB200000000000000000000000000000000000E5
:10EB300000000000000000000000000000000000D5
:10EB400000000000000000000000000000000000C5
:10EB5000000000000000000000000000315A010029
:10EB600000000000000000000000000000000000A5
:10EB70000000000000000000000000000000000095
:10EB80000000000000000000000000000000000085
:10EB90000000000000000000000000000000000075
:10EBA0000000000000000000000000000000000065
:10EBB0000000000000000000000000000000000055
:10EBC0000000000000000000000000000000000045
:10EBD0000000000000000000000000000000000035
:10EBE0000000000000000000000000000000000025
:10EBF0000000000000000000000000000000000015
:10EC000000C70200FFFFFFFF00000000000000003F
:10EC10000000000000000000094E0200000000009B
:10EC20006CD802000000020078D802000000020048
:10EC300084D802000000020090D802000000020008
:10EC40009CD8020000000200A8D8020000000200C8
:10EC5000BCD802000000040000000000000000001A
:10EC6000000000002D1D0100000000000000000059
:10EC7000CCD80200000012000000000000000000DC
:10EC800000000000191D010000000000000000004D
:10EC9000E0D80200000012000000000000000000A8
:10ECA00000000000051D0100000000000000000041
:10ECB000F4D802000000120000D902000000060093
:10ECC0000CD902000000020018D902000000020066
:10ECD00024AA002000000000000000000000000046
:10ECE0000001000024AB0020000000000000000034
:10ECF0000000000000020000000000000000000012
:10ED000000000000691D010000000000000000007C
:10ED100040D9020000001200A954020024AD0020D6
:10ED200000000000000000000000000000040000DF
:10ED300024B10020000000000000000000000000DE
:10ED4000000400006136010080000000393301003A
:10ED5000000000003933010080000000FD3B01008D
:10ED6000000000000000000000000000B764020086
:10ED7000000000009B640200F00A00203A0000003E
:10ED8000DC0A00203A000000A00A00203A0000003F
:10ED9000C80A00203A000000040B00203A000000DE
:10EDA0008C0A00203A0000002C0B00203A000000E2
:10EDB00090D0020000000000D366020000000000B6
:10EDC00000000000006000400000000000000000A3
:10EDD0000000000000000000000000000000000033
:10EDE0000000000000000000000000000000000023
:10EDF0000000000000000000000000000000000013
:10EE00000000000000000000000000000000000002
:10EE100000000000000000000000000000000000F2
:10EE200000000000000000000000000000000000E2
:10EE300000000000000000000000000000000000D2
:10EE400000000000000000000000000000000000C2
:10EE50000000000000000000A14E010000000000C2
:10EE600000000000000000007D71020000000000B2
:10EE700000000000000000007555010000000000C7
:10EE80000000000000000000AD680100000000006C
:10EE90000000000000000000956701000000000075
:10EEA0000000000000000000756F0100000000007D
:10EEB0000000000000000000656C01000000000080
:10EEC00000000000180800201808002000000000C2
:10EED00000000000017C0100B98701008984020064
:10EEE000000000000000000085800100A5820200F3
:10EEF000D5810200AD7B010000000000418C0200C2
:10EF000000000000000000000000000054D90200D2
:10EF10000000020060D9020000000A0070D902005F
:10EF200000002000000000000000000000000000C1
:10EF300000000000B38802000000000084D9020035
:10EF40000000020090D90200000002009CD90200DB
:10EF500000000200A8080020A8080020000000000F
:10EF6000000000000E000000BC080020BC080020CB
:10EF700015A501000000000000000000F39702004A
:10EF80000000000000000000EC080020000000006D
:10EF90000000000000000000000000000000000071
:10EFA0004B5600202000000000000000000001403F
:10EFB0000000000000000000000000000000000051
:10EFC0000000000000000000000000000000000041
:10EFD0000000000000000000000000000000000031
:10EFE000000000000090D003FF000000900200002D
:10EFF000440900204409002045B6020041B6020041
:10F00000C3C30200111F0200051F0200F91E020007
:10F0100000000000611F0200A8090020A0090020D4
:10F020009809002000000000900900202121020022
:10F030006D200200A1200200E9200200444C0020C3
:10F040003A00003A484C00203A00003A4C4C00206C
:10F050003A00003A504C00203A00003A9851002003
:10F06000BC0900207C0900207409002070090020E0
:10F070006C090020C00312180F1806554E4B4E4F56
:10F08000574E0000000000000000000000000000DB
:10F09000000000000000000000000001640100000A
:10F0A0000000000000000000000000000000000060
:10F0B00000000000080A0020080A0020ECA600203A
:10F0C00000000000010000002C0000000000000013
:10F0D000240A0020240A00200097002000000000DD
:10F0E00001000000B000000000000000400A002005
:10F0F000400A0020A4A7002000000000200000001B
:10F1000014000000000000005C0A00205C0A0020DF
:10F1100018A7002000000000050000001C000000EF
:10F120000000000000000000B09700200004000074
:10F1300000000000000000008C0A00208C0A002063
:10F1400000000000000000000E000000A00A0020E7
:10F15000A00A002000000000000000000E000000D7
:10F16000B40A0020B40A00200000000000000000E3
:10F170000E000000C80A0020C80A0020000000009D
:10F18000000000000E000000DC0A0020DC0A002065
:10F1900000000000000000000E000000F00A002047
:10F1A000F00A002000000000000000000E00000037
:10F1B000040B0020040B00200000000000000000F1
:10F1C0000E000000180B0020180B002000000000AB
:10F1D000000000000E0000002C0B00202C0B002073
:10F1E00000000000000000000E000000400B0020A6
:10F1F000400B002000000000000000000E00000096
:10F20000540B0020540B00200000000001000000FF
:10F21000640B0020640B00206C0B00206C0B0020A2
:10F2200001000000010000007C0B00207C0B00208E
:10F23000840B0020840B002000000000FFFFFFFF74
:10F24000940B0020940B0020000000000000000040
:10F25000A40B0020A40B0020AC0B0020AC0B002062
:10F260000000000000000000BC0B0020BC0B0020D0
:10F27000C40B0020C40B00200000000000000000B0
:10F28000D40B0020D40B0020DC0B0020DC0B002072
:10F2900003000300100000000000000030D2020054
:10F2A00030A400200000000000000000000C00203E
:10F2B000000C0020080C0020080C002005000500B0
:10F2C00010000000A97F0100CCD2020024A600207B
:10F2D00000000000000000002C0C00202C0C00207E
:10F2E000340C0020340C0020030003000000000058
:10F2F0000000000030D1020004A100200000000046
:10F3000000000000580C0020580C0020600C002069
:10F31000600C00200100010010000000A96B01003A
:10F320001CD2020028A30020000000000000000002
:10F33000840C0020840C00208C0C00208C0C0020FD
:10F3400002000200000000000000000008D20200DD
:10F35000F8A200200000000000000000B00C002017
:10F36000B00C0020B80C0020B80C00200C000C00E1
:10F3700004000000295101001CD10200289F002038
:10F380000000000000000000DC0C0020DC0C00206D
:10F39000E40C0020E40C002001000100000000004B
:10F3A0000000000044D1020050A20020120100021F
:10F3B000EF020140E32F00010204010203010902F0
:10F3C0000000000100C032080B0002020200000928
:10F3D00004000001020200000524001001052401C0
:10F3E000020104240202052406000107058003101F
:10F3F000000A09040100020A00000007058002401B
:10F40000000007050002400000040309040E035A2F
:10F410004550485952000000000000100355534267
:10F420002D44455600000000000000220330313218
:10F4300033343536373839414243444546000000BD
:0FF44000000000000000000000000000000000BD
:10F4500000000000230D0020BD610200B138010052
:10F46000FD35010000000000000000000300000066
:08F470009806002015E015E0EC
:00000001FF
